path,label
data/pcam/train/normal/valid_000019.png,normal
data/pcam/train/normal/valid_000020.png,normal
data/pcam/train/normal/valid_000030.png,normal
data/pcam/train/normal/valid_000038.png,normal
data/pcam/train/normal/valid_000045.png,normal
data/pcam/train/normal/valid_000069.png,normal
data/pcam/train/normal/valid_000083.png,normal
data/pcam/train/normal/valid_000085.png,normal
data/pcam/train/normal/valid_000102.png,normal
data/pcam/train/normal/valid_000106.png,normal
data/pcam/train/normal/valid_000117.png,normal
data/pcam/train/normal/valid_000119.png,normal
data/pcam/train/normal/valid_000121.png,normal
data/pcam/train/normal/valid_000125.png,normal
data/pcam/train/normal/valid_000134.png,normal
data/pcam/train/normal/valid_000135.png,normal
data/pcam/train/normal/valid_000143.png,normal
data/pcam/train/normal/valid_000152.png,normal
data/pcam/train/normal/valid_000161.png,normal
data/pcam/train/normal/valid_000162.png,normal
data/pcam/train/normal/valid_000183.png,normal
data/pcam/train/normal/valid_000188.png,normal
data/pcam/train/normal/valid_000190.png,normal
data/pcam/train/normal/valid_000195.png,normal
data/pcam/train/normal/valid_000197.png,normal
data/pcam/train/normal/valid_000199.png,normal
data/pcam/train/normal/valid_000200.png,normal
data/pcam/train/normal/valid_000205.png,normal
data/pcam/train/normal/valid_000209.png,normal
data/pcam/train/normal/valid_000216.png,normal
data/pcam/train/normal/valid_000222.png,normal
data/pcam/train/normal/valid_000224.png,normal
data/pcam/train/normal/valid_000225.png,normal
data/pcam/train/normal/valid_000230.png,normal
data/pcam/train/normal/valid_000232.png,normal
data/pcam/train/normal/valid_000233.png,normal
data/pcam/train/normal/valid_000235.png,normal
data/pcam/train/normal/valid_000236.png,normal
data/pcam/train/normal/valid_000249.png,normal
data/pcam/train/normal/valid_000261.png,normal
data/pcam/train/normal/valid_000263.png,normal
data/pcam/train/normal/valid_000282.png,normal
data/pcam/train/normal/valid_000284.png,normal
data/pcam/train/normal/valid_000285.png,normal
data/pcam/train/normal/valid_000296.png,normal
data/pcam/train/normal/valid_000299.png,normal
data/pcam/train/normal/valid_000305.png,normal
data/pcam/train/normal/valid_000309.png,normal
data/pcam/train/normal/valid_000326.png,normal
data/pcam/train/normal/valid_000343.png,normal
data/pcam/train/normal/valid_000344.png,normal
data/pcam/train/normal/valid_000345.png,normal
data/pcam/train/normal/valid_000352.png,normal
data/pcam/train/normal/valid_000357.png,normal
data/pcam/train/normal/valid_000382.png,normal
data/pcam/train/normal/valid_000390.png,normal
data/pcam/train/normal/valid_000391.png,normal
data/pcam/train/normal/valid_000393.png,normal
data/pcam/train/normal/valid_000399.png,normal
data/pcam/train/normal/valid_000404.png,normal
data/pcam/train/normal/valid_000407.png,normal
data/pcam/train/normal/valid_000410.png,normal
data/pcam/train/normal/valid_000417.png,normal
data/pcam/train/normal/valid_000418.png,normal
data/pcam/train/normal/valid_000419.png,normal
data/pcam/train/normal/valid_000425.png,normal
data/pcam/train/normal/valid_000432.png,normal
data/pcam/train/normal/valid_000436.png,normal
data/pcam/train/normal/valid_000441.png,normal
data/pcam/train/normal/valid_000445.png,normal
data/pcam/train/normal/valid_000456.png,normal
data/pcam/train/normal/valid_000461.png,normal
data/pcam/train/normal/valid_000472.png,normal
data/pcam/train/normal/valid_000473.png,normal
data/pcam/train/normal/valid_000474.png,normal
data/pcam/train/normal/valid_000475.png,normal
data/pcam/train/normal/valid_000481.png,normal
data/pcam/train/normal/valid_000482.png,normal
data/pcam/train/normal/valid_000489.png,normal
data/pcam/train/normal/valid_000492.png,normal
data/pcam/train/normal/valid_000493.png,normal
data/pcam/train/normal/valid_000510.png,normal
data/pcam/train/normal/valid_000525.png,normal
data/pcam/train/normal/valid_000542.png,normal
data/pcam/train/normal/valid_000560.png,normal
data/pcam/train/normal/valid_000562.png,normal
data/pcam/train/normal/valid_000581.png,normal
data/pcam/train/normal/valid_000589.png,normal
data/pcam/train/normal/valid_000595.png,normal
data/pcam/train/normal/valid_000600.png,normal
data/pcam/train/normal/valid_000605.png,normal
data/pcam/train/normal/valid_000608.png,normal
data/pcam/train/normal/valid_000615.png,normal
data/pcam/train/normal/valid_000621.png,normal
data/pcam/train/normal/valid_000624.png,normal
data/pcam/train/normal/valid_000625.png,normal
data/pcam/train/normal/valid_000634.png,normal
data/pcam/train/normal/valid_000659.png,normal
data/pcam/train/normal/valid_000668.png,normal
data/pcam/train/normal/valid_000682.png,normal
data/pcam/train/normal/valid_000687.png,normal
data/pcam/train/normal/valid_000694.png,normal
data/pcam/train/normal/valid_000698.png,normal
data/pcam/train/normal/valid_000714.png,normal
data/pcam/train/normal/valid_000716.png,normal
data/pcam/train/normal/valid_000755.png,normal
data/pcam/train/normal/valid_000766.png,normal
data/pcam/train/normal/valid_000769.png,normal
data/pcam/train/normal/valid_000772.png,normal
data/pcam/train/normal/valid_000773.png,normal
data/pcam/train/normal/valid_000778.png,normal
data/pcam/train/normal/valid_000780.png,normal
data/pcam/train/normal/valid_000781.png,normal
data/pcam/train/normal/valid_000783.png,normal
data/pcam/train/normal/valid_000787.png,normal
data/pcam/train/normal/valid_000794.png,normal
data/pcam/train/normal/valid_000801.png,normal
data/pcam/train/normal/valid_000803.png,normal
data/pcam/train/normal/valid_000805.png,normal
data/pcam/train/normal/valid_000806.png,normal
data/pcam/train/normal/valid_000808.png,normal
data/pcam/train/normal/valid_000811.png,normal
data/pcam/train/normal/valid_000816.png,normal
data/pcam/train/normal/valid_000817.png,normal
data/pcam/train/normal/valid_000818.png,normal
data/pcam/train/normal/valid_000819.png,normal
data/pcam/train/normal/valid_000821.png,normal
data/pcam/train/normal/valid_000825.png,normal
data/pcam/train/normal/valid_000827.png,normal
data/pcam/train/normal/valid_000834.png,normal
data/pcam/train/normal/valid_000837.png,normal
data/pcam/train/normal/valid_000839.png,normal
data/pcam/train/normal/valid_000841.png,normal
data/pcam/train/normal/valid_000844.png,normal
data/pcam/train/normal/valid_000847.png,normal
data/pcam/train/normal/valid_000849.png,normal
data/pcam/train/normal/valid_000851.png,normal
data/pcam/train/normal/valid_000858.png,normal
data/pcam/train/normal/valid_000863.png,normal
data/pcam/train/normal/valid_000864.png,normal
data/pcam/train/normal/valid_000867.png,normal
data/pcam/train/normal/valid_000869.png,normal
data/pcam/train/normal/valid_000871.png,normal
data/pcam/train/normal/valid_000874.png,normal
data/pcam/train/normal/valid_000876.png,normal
data/pcam/train/normal/valid_000877.png,normal
data/pcam/train/normal/valid_000878.png,normal
data/pcam/train/normal/valid_000885.png,normal
data/pcam/train/normal/valid_000891.png,normal
data/pcam/train/normal/valid_000892.png,normal
data/pcam/train/normal/valid_000893.png,normal
data/pcam/train/normal/valid_000896.png,normal
data/pcam/train/normal/valid_000914.png,normal
data/pcam/train/normal/valid_000918.png,normal
data/pcam/train/normal/valid_000921.png,normal
data/pcam/train/normal/valid_000925.png,normal
data/pcam/train/normal/valid_000938.png,normal
data/pcam/train/normal/valid_000939.png,normal
data/pcam/train/normal/valid_000950.png,normal
data/pcam/train/normal/valid_000980.png,normal
data/pcam/train/normal/valid_000982.png,normal
data/pcam/train/normal/valid_000983.png,normal
data/pcam/train/normal/valid_000991.png,normal
data/pcam/train/normal/valid_001002.png,normal
data/pcam/train/normal/valid_001003.png,normal
data/pcam/train/normal/valid_001007.png,normal
data/pcam/train/normal/valid_001065.png,normal
data/pcam/train/normal/valid_001193.png,normal
data/pcam/train/normal/valid_001199.png,normal
data/pcam/train/normal/valid_001232.png,normal
data/pcam/train/normal/valid_001259.png,normal
data/pcam/train/normal/valid_001260.png,normal
data/pcam/train/normal/valid_001264.png,normal
data/pcam/train/normal/valid_001272.png,normal
data/pcam/train/normal/valid_001292.png,normal
data/pcam/train/normal/valid_001297.png,normal
data/pcam/train/normal/valid_001302.png,normal
data/pcam/train/normal/valid_001310.png,normal
data/pcam/train/normal/valid_001311.png,normal
data/pcam/train/normal/valid_001312.png,normal
data/pcam/train/normal/valid_001313.png,normal
data/pcam/train/normal/valid_001318.png,normal
data/pcam/train/normal/valid_001321.png,normal
data/pcam/train/normal/valid_001328.png,normal
data/pcam/train/normal/valid_001332.png,normal
data/pcam/train/normal/valid_001335.png,normal
data/pcam/train/normal/valid_001341.png,normal
data/pcam/train/normal/valid_001347.png,normal
data/pcam/train/normal/valid_001348.png,normal
data/pcam/train/normal/valid_001350.png,normal
data/pcam/train/normal/valid_001359.png,normal
data/pcam/train/normal/valid_001363.png,normal
data/pcam/train/normal/valid_001364.png,normal
data/pcam/train/normal/valid_001367.png,normal
data/pcam/train/normal/valid_001372.png,normal
data/pcam/train/normal/valid_001373.png,normal
data/pcam/train/normal/valid_001375.png,normal
data/pcam/train/normal/valid_001378.png,normal
data/pcam/train/normal/valid_001381.png,normal
data/pcam/train/normal/valid_001387.png,normal
data/pcam/train/normal/valid_001393.png,normal
data/pcam/train/normal/valid_001394.png,normal
data/pcam/train/normal/valid_001396.png,normal
data/pcam/train/normal/valid_001403.png,normal
data/pcam/train/normal/valid_001404.png,normal
data/pcam/train/normal/valid_001407.png,normal
data/pcam/train/normal/valid_001408.png,normal
data/pcam/train/normal/valid_001409.png,normal
data/pcam/train/normal/valid_001410.png,normal
data/pcam/train/normal/valid_001415.png,normal
data/pcam/train/normal/valid_001418.png,normal
data/pcam/train/normal/valid_001420.png,normal
data/pcam/train/normal/valid_001425.png,normal
data/pcam/train/normal/valid_001431.png,normal
data/pcam/train/normal/valid_001433.png,normal
data/pcam/train/normal/valid_001439.png,normal
data/pcam/train/normal/valid_001444.png,normal
data/pcam/train/normal/valid_001445.png,normal
data/pcam/train/normal/valid_001449.png,normal
data/pcam/train/normal/valid_001452.png,normal
data/pcam/train/normal/valid_001453.png,normal
data/pcam/train/normal/valid_001454.png,normal
data/pcam/train/normal/valid_001455.png,normal
data/pcam/train/normal/valid_001459.png,normal
data/pcam/train/normal/valid_001462.png,normal
data/pcam/train/normal/valid_001468.png,normal
data/pcam/train/normal/valid_001482.png,normal
data/pcam/train/normal/valid_001484.png,normal
data/pcam/train/normal/valid_001486.png,normal
data/pcam/train/normal/valid_001492.png,normal
data/pcam/train/normal/valid_001496.png,normal
data/pcam/train/normal/valid_001498.png,normal
data/pcam/train/normal/valid_001499.png,normal
data/pcam/train/normal/valid_001500.png,normal
data/pcam/train/normal/valid_001502.png,normal
data/pcam/train/normal/valid_001517.png,normal
data/pcam/train/normal/valid_001523.png,normal
data/pcam/train/normal/valid_001525.png,normal
data/pcam/train/normal/valid_001528.png,normal
data/pcam/train/normal/valid_001529.png,normal
data/pcam/train/normal/valid_001540.png,normal
data/pcam/train/normal/valid_001542.png,normal
data/pcam/train/normal/valid_001546.png,normal
data/pcam/train/normal/valid_001552.png,normal
data/pcam/train/normal/valid_001569.png,normal
data/pcam/train/normal/valid_001572.png,normal
data/pcam/train/normal/valid_001577.png,normal
data/pcam/train/normal/valid_001590.png,normal
data/pcam/train/normal/valid_001612.png,normal
data/pcam/train/normal/valid_001660.png,normal
data/pcam/train/normal/valid_001681.png,normal
data/pcam/train/normal/valid_001875.png,normal
data/pcam/train/normal/valid_001881.png,normal
data/pcam/train/normal/valid_001931.png,normal
data/pcam/train/normal/valid_001939.png,normal
data/pcam/train/normal/valid_001940.png,normal
data/pcam/train/normal/valid_001945.png,normal
data/pcam/train/normal/valid_001948.png,normal
data/pcam/train/normal/valid_001949.png,normal
data/pcam/train/normal/valid_001954.png,normal
data/pcam/train/normal/valid_001962.png,normal
data/pcam/train/normal/valid_001967.png,normal
data/pcam/train/normal/valid_001970.png,normal
data/pcam/train/normal/valid_001976.png,normal
data/pcam/train/normal/valid_001983.png,normal
data/pcam/train/normal/valid_001995.png,normal
data/pcam/train/normal/valid_001997.png,normal
data/pcam/train/normal/valid_002007.png,normal
data/pcam/train/normal/valid_002012.png,normal
data/pcam/train/normal/valid_002013.png,normal
data/pcam/train/normal/valid_002014.png,normal
data/pcam/train/normal/valid_002023.png,normal
data/pcam/train/normal/valid_002024.png,normal
data/pcam/train/normal/valid_002027.png,normal
data/pcam/train/normal/valid_002029.png,normal
data/pcam/train/normal/valid_002038.png,normal
data/pcam/train/normal/valid_002048.png,normal
data/pcam/train/normal/valid_002053.png,normal
data/pcam/train/normal/valid_002057.png,normal
data/pcam/train/normal/valid_002059.png,normal
data/pcam/train/normal/valid_002060.png,normal
data/pcam/train/normal/valid_002065.png,normal
data/pcam/train/normal/valid_002067.png,normal
data/pcam/train/normal/valid_002070.png,normal
data/pcam/train/normal/valid_002072.png,normal
data/pcam/train/normal/valid_002076.png,normal
data/pcam/train/normal/valid_002077.png,normal
data/pcam/train/normal/valid_002078.png,normal
data/pcam/train/normal/valid_002082.png,normal
data/pcam/train/normal/valid_002083.png,normal
data/pcam/train/normal/valid_002084.png,normal
data/pcam/train/normal/valid_002092.png,normal
data/pcam/train/normal/valid_002098.png,normal
data/pcam/train/normal/valid_002099.png,normal
data/pcam/train/normal/valid_002106.png,normal
data/pcam/train/normal/valid_002110.png,normal
data/pcam/train/normal/valid_002111.png,normal
data/pcam/train/normal/valid_002112.png,normal
data/pcam/train/normal/valid_002113.png,normal
data/pcam/train/normal/valid_002114.png,normal
data/pcam/train/normal/valid_002118.png,normal
data/pcam/train/normal/valid_002122.png,normal
data/pcam/train/normal/valid_002124.png,normal
data/pcam/train/normal/valid_002127.png,normal
data/pcam/train/normal/valid_002133.png,normal
data/pcam/train/normal/valid_002136.png,normal
data/pcam/train/normal/valid_002138.png,normal
data/pcam/train/normal/valid_002140.png,normal
data/pcam/train/normal/valid_002141.png,normal
data/pcam/train/normal/valid_002142.png,normal
data/pcam/train/normal/valid_002144.png,normal
data/pcam/train/normal/valid_002145.png,normal
data/pcam/train/normal/valid_002149.png,normal
data/pcam/train/normal/valid_002150.png,normal
data/pcam/train/normal/valid_002152.png,normal
data/pcam/train/normal/valid_002153.png,normal
data/pcam/train/normal/valid_002157.png,normal
data/pcam/train/normal/valid_002165.png,normal
data/pcam/train/normal/valid_002168.png,normal
data/pcam/train/normal/valid_002176.png,normal
data/pcam/train/normal/valid_002180.png,normal
data/pcam/train/normal/valid_002183.png,normal
data/pcam/train/normal/valid_002184.png,normal
data/pcam/train/normal/valid_002190.png,normal
data/pcam/train/normal/valid_002191.png,normal
data/pcam/train/normal/valid_002196.png,normal
data/pcam/train/normal/valid_002198.png,normal
data/pcam/train/normal/valid_002199.png,normal
data/pcam/train/normal/valid_002200.png,normal
data/pcam/train/normal/valid_002201.png,normal
data/pcam/train/normal/valid_002202.png,normal
data/pcam/train/normal/valid_002203.png,normal
data/pcam/train/normal/valid_002205.png,normal
data/pcam/train/normal/valid_002211.png,normal
data/pcam/train/normal/valid_002221.png,normal
data/pcam/train/normal/valid_002223.png,normal
data/pcam/train/normal/valid_002228.png,normal
data/pcam/train/normal/valid_002236.png,normal
data/pcam/train/normal/valid_002256.png,normal
data/pcam/train/normal/valid_002260.png,normal
data/pcam/train/normal/valid_002267.png,normal
data/pcam/train/normal/valid_002271.png,normal
data/pcam/train/normal/valid_002277.png,normal
data/pcam/train/normal/valid_002298.png,normal
data/pcam/train/normal/valid_002303.png,normal
data/pcam/train/normal/valid_002325.png,normal
data/pcam/train/normal/valid_002330.png,normal
data/pcam/train/normal/valid_002341.png,normal
data/pcam/train/normal/valid_002528.png,normal
data/pcam/train/normal/valid_002546.png,normal
data/pcam/train/normal/valid_002560.png,normal
data/pcam/train/normal/valid_002571.png,normal
data/pcam/train/normal/valid_002586.png,normal
data/pcam/train/normal/valid_002589.png,normal
data/pcam/train/normal/valid_002604.png,normal
data/pcam/train/normal/valid_002606.png,normal
data/pcam/train/normal/valid_002611.png,normal
data/pcam/train/normal/valid_002612.png,normal
data/pcam/train/normal/valid_002616.png,normal
data/pcam/train/normal/valid_002618.png,normal
data/pcam/train/normal/valid_002620.png,normal
data/pcam/train/normal/valid_002624.png,normal
data/pcam/train/normal/valid_002628.png,normal
data/pcam/train/normal/valid_002629.png,normal
data/pcam/train/normal/valid_002632.png,normal
data/pcam/train/normal/valid_002634.png,normal
data/pcam/train/normal/valid_002639.png,normal
data/pcam/train/normal/valid_002640.png,normal
data/pcam/train/normal/valid_002642.png,normal
data/pcam/train/normal/valid_002643.png,normal
data/pcam/train/normal/valid_002644.png,normal
data/pcam/train/normal/valid_002647.png,normal
data/pcam/train/normal/valid_002653.png,normal
data/pcam/train/normal/valid_002656.png,normal
data/pcam/train/normal/valid_002660.png,normal
data/pcam/train/normal/valid_002666.png,normal
data/pcam/train/normal/valid_002668.png,normal
data/pcam/train/normal/valid_002669.png,normal
data/pcam/train/normal/valid_002671.png,normal
data/pcam/train/normal/valid_002678.png,normal
data/pcam/train/normal/valid_002686.png,normal
data/pcam/train/normal/valid_002687.png,normal
data/pcam/train/normal/valid_002688.png,normal
data/pcam/train/normal/valid_002690.png,normal
data/pcam/train/normal/valid_002692.png,normal
data/pcam/train/normal/valid_002700.png,normal
data/pcam/train/normal/valid_002701.png,normal
data/pcam/train/normal/valid_002703.png,normal
data/pcam/train/normal/valid_002709.png,normal
data/pcam/train/normal/valid_002710.png,normal
data/pcam/train/normal/valid_002712.png,normal
data/pcam/train/normal/valid_002713.png,normal
data/pcam/train/normal/valid_002718.png,normal
data/pcam/train/normal/valid_002725.png,normal
data/pcam/train/normal/valid_002726.png,normal
data/pcam/train/normal/valid_002728.png,normal
data/pcam/train/normal/valid_002730.png,normal
data/pcam/train/normal/valid_002737.png,normal
data/pcam/train/normal/valid_002738.png,normal
data/pcam/train/normal/valid_002743.png,normal
data/pcam/train/normal/valid_002747.png,normal
data/pcam/train/normal/valid_002748.png,normal
data/pcam/train/normal/valid_002749.png,normal
data/pcam/train/normal/valid_002752.png,normal
data/pcam/train/normal/valid_002757.png,normal
data/pcam/train/normal/valid_002764.png,normal
data/pcam/train/normal/valid_002766.png,normal
data/pcam/train/normal/valid_002769.png,normal
data/pcam/train/normal/valid_002772.png,normal
data/pcam/train/normal/valid_002773.png,normal
data/pcam/train/normal/valid_002783.png,normal
data/pcam/train/normal/valid_002794.png,normal
data/pcam/train/normal/valid_002796.png,normal
data/pcam/train/normal/valid_002807.png,normal
data/pcam/train/normal/valid_002809.png,normal
data/pcam/train/normal/valid_002811.png,normal
data/pcam/train/normal/valid_002813.png,normal
data/pcam/train/normal/valid_002816.png,normal
data/pcam/train/normal/valid_002819.png,normal
data/pcam/train/normal/valid_002821.png,normal
data/pcam/train/normal/valid_002835.png,normal
data/pcam/train/normal/valid_002841.png,normal
data/pcam/train/normal/valid_002842.png,normal
data/pcam/train/normal/valid_002858.png,normal
data/pcam/train/normal/valid_002860.png,normal
data/pcam/train/normal/valid_002864.png,normal
data/pcam/train/normal/valid_002879.png,normal
data/pcam/train/normal/valid_002900.png,normal
data/pcam/train/normal/valid_002911.png,normal
data/pcam/train/normal/valid_002941.png,normal
data/pcam/train/normal/valid_002951.png,normal
data/pcam/train/normal/valid_002964.png,normal
data/pcam/train/normal/valid_003119.png,normal
data/pcam/train/normal/valid_003154.png,normal
data/pcam/train/normal/valid_003199.png,normal
data/pcam/train/normal/valid_003218.png,normal
data/pcam/train/normal/valid_003222.png,normal
data/pcam/train/normal/valid_003230.png,normal
data/pcam/train/normal/valid_003233.png,normal
data/pcam/train/normal/valid_003236.png,normal
data/pcam/train/normal/valid_003246.png,normal
data/pcam/train/normal/valid_003247.png,normal
data/pcam/train/normal/valid_003252.png,normal
data/pcam/train/normal/valid_003254.png,normal
data/pcam/train/normal/valid_003255.png,normal
data/pcam/train/normal/valid_003260.png,normal
data/pcam/train/normal/valid_003261.png,normal
data/pcam/train/normal/valid_003262.png,normal
data/pcam/train/normal/valid_003265.png,normal
data/pcam/train/normal/valid_003270.png,normal
data/pcam/train/normal/valid_003275.png,normal
data/pcam/train/normal/valid_003277.png,normal
data/pcam/train/normal/valid_003278.png,normal
data/pcam/train/normal/valid_003281.png,normal
data/pcam/train/normal/valid_003282.png,normal
data/pcam/train/normal/valid_003284.png,normal
data/pcam/train/normal/valid_003285.png,normal
data/pcam/train/normal/valid_003287.png,normal
data/pcam/train/normal/valid_003293.png,normal
data/pcam/train/normal/valid_003300.png,normal
data/pcam/train/normal/valid_003301.png,normal
data/pcam/train/normal/valid_003305.png,normal
data/pcam/train/normal/valid_003308.png,normal
data/pcam/train/normal/valid_003315.png,normal
data/pcam/train/normal/valid_003318.png,normal
data/pcam/train/normal/valid_003319.png,normal
data/pcam/train/normal/valid_003324.png,normal
data/pcam/train/normal/valid_003325.png,normal
data/pcam/train/normal/valid_003326.png,normal
data/pcam/train/normal/valid_003335.png,normal
data/pcam/train/normal/valid_003350.png,normal
data/pcam/train/normal/valid_003356.png,normal
data/pcam/train/normal/valid_003362.png,normal
data/pcam/train/normal/valid_003369.png,normal
data/pcam/train/normal/valid_003378.png,normal
data/pcam/train/normal/valid_003386.png,normal
data/pcam/train/normal/valid_003388.png,normal
data/pcam/train/normal/valid_003393.png,normal
data/pcam/train/normal/valid_003394.png,normal
data/pcam/train/normal/valid_003395.png,normal
data/pcam/train/normal/valid_003410.png,normal
data/pcam/train/normal/valid_003417.png,normal
data/pcam/train/normal/valid_003426.png,normal
data/pcam/train/normal/valid_003427.png,normal
data/pcam/train/normal/valid_003428.png,normal
data/pcam/train/normal/valid_003442.png,normal
data/pcam/train/normal/valid_003446.png,normal
data/pcam/train/normal/valid_003447.png,normal
data/pcam/train/normal/valid_003448.png,normal
data/pcam/train/normal/valid_003450.png,normal
data/pcam/train/normal/valid_003454.png,normal
data/pcam/train/normal/valid_003455.png,normal
data/pcam/train/normal/valid_003457.png,normal
data/pcam/train/normal/valid_003463.png,normal
data/pcam/train/normal/valid_003465.png,normal
data/pcam/train/normal/valid_003473.png,normal
data/pcam/train/normal/valid_003486.png,normal
data/pcam/train/normal/valid_003489.png,normal
data/pcam/train/normal/valid_003491.png,normal
data/pcam/train/normal/valid_003505.png,normal
data/pcam/train/normal/valid_003509.png,normal
data/pcam/train/normal/valid_003511.png,normal
data/pcam/train/normal/valid_003513.png,normal
data/pcam/train/normal/valid_003526.png,normal
data/pcam/train/normal/valid_003554.png,normal
data/pcam/train/normal/valid_003558.png,normal
data/pcam/train/normal/valid_003690.png,normal
data/pcam/train/normal/valid_003766.png,normal
data/pcam/train/normal/valid_003818.png,normal
data/pcam/train/normal/valid_003831.png,normal
data/pcam/train/normal/valid_003835.png,normal
data/pcam/train/normal/valid_003842.png,normal
data/pcam/train/normal/valid_003845.png,normal
data/pcam/train/normal/valid_003851.png,normal
data/pcam/train/normal/valid_003859.png,normal
data/pcam/train/normal/valid_003860.png,normal
data/pcam/train/normal/valid_003861.png,normal
data/pcam/train/normal/valid_003865.png,normal
data/pcam/train/normal/valid_003869.png,normal
data/pcam/train/normal/valid_003870.png,normal
data/pcam/train/normal/valid_003874.png,normal
data/pcam/train/normal/valid_003877.png,normal
data/pcam/train/normal/valid_003878.png,normal
data/pcam/train/normal/valid_003880.png,normal
data/pcam/train/normal/valid_003886.png,normal
data/pcam/train/normal/valid_003888.png,normal
data/pcam/train/normal/valid_003897.png,normal
data/pcam/train/normal/valid_003903.png,normal
data/pcam/train/normal/valid_003906.png,normal
data/pcam/train/normal/valid_003908.png,normal
data/pcam/train/normal/valid_003912.png,normal
data/pcam/train/normal/valid_003913.png,normal
data/pcam/train/normal/valid_003914.png,normal
data/pcam/train/normal/valid_003915.png,normal
data/pcam/train/normal/valid_003921.png,normal
data/pcam/train/normal/valid_003926.png,normal
data/pcam/train/normal/valid_003930.png,normal
data/pcam/train/normal/valid_003931.png,normal
data/pcam/train/normal/valid_003933.png,normal
data/pcam/train/normal/valid_003934.png,normal
data/pcam/train/normal/valid_003941.png,normal
data/pcam/train/normal/valid_003942.png,normal
data/pcam/train/normal/valid_003945.png,normal
data/pcam/train/normal/valid_003947.png,normal
data/pcam/train/normal/valid_003948.png,normal
data/pcam/train/normal/valid_003949.png,normal
data/pcam/train/normal/valid_003953.png,normal
data/pcam/train/normal/valid_003954.png,normal
data/pcam/train/normal/valid_003955.png,normal
data/pcam/train/normal/valid_003956.png,normal
data/pcam/train/normal/valid_003957.png,normal
data/pcam/train/normal/valid_003962.png,normal
data/pcam/train/normal/valid_003970.png,normal
data/pcam/train/normal/valid_003972.png,normal
data/pcam/train/normal/valid_003973.png,normal
data/pcam/train/normal/valid_003979.png,normal
data/pcam/train/normal/valid_003982.png,normal
data/pcam/train/normal/valid_003985.png,normal
data/pcam/train/normal/valid_003999.png,normal
data/pcam/train/normal/valid_004000.png,normal
data/pcam/train/normal/valid_004001.png,normal
data/pcam/train/normal/valid_004002.png,normal
data/pcam/train/normal/valid_004003.png,normal
data/pcam/train/normal/valid_004007.png,normal
data/pcam/train/normal/valid_004008.png,normal
data/pcam/train/normal/valid_004010.png,normal
data/pcam/train/normal/valid_004013.png,normal
data/pcam/train/normal/valid_004014.png,normal
data/pcam/train/normal/valid_004019.png,normal
data/pcam/train/normal/valid_004023.png,normal
data/pcam/train/normal/valid_004024.png,normal
data/pcam/train/normal/valid_004025.png,normal
data/pcam/train/normal/valid_004026.png,normal
data/pcam/train/normal/valid_004027.png,normal
data/pcam/train/normal/valid_004028.png,normal
data/pcam/train/normal/valid_004035.png,normal
data/pcam/train/normal/valid_004041.png,normal
data/pcam/train/normal/valid_004043.png,normal
data/pcam/train/normal/valid_004048.png,normal
data/pcam/train/normal/valid_004050.png,normal
data/pcam/train/normal/valid_004054.png,normal
data/pcam/train/normal/valid_004055.png,normal
data/pcam/train/normal/valid_004056.png,normal
data/pcam/train/normal/valid_004059.png,normal
data/pcam/train/normal/valid_004060.png,normal
data/pcam/train/normal/valid_004064.png,normal
data/pcam/train/normal/valid_004071.png,normal
data/pcam/train/normal/valid_004075.png,normal
data/pcam/train/normal/valid_004087.png,normal
data/pcam/train/normal/valid_004088.png,normal
data/pcam/train/normal/valid_004089.png,normal
data/pcam/train/normal/valid_004095.png,normal
data/pcam/train/normal/valid_004097.png,normal
data/pcam/train/normal/valid_004100.png,normal
data/pcam/train/normal/valid_004141.png,normal
data/pcam/train/normal/valid_004152.png,normal
data/pcam/train/normal/valid_004154.png,normal
data/pcam/train/normal/valid_004161.png,normal
data/pcam/train/normal/valid_004191.png,normal
data/pcam/train/normal/valid_004201.png,normal
data/pcam/train/normal/valid_004209.png,normal
data/pcam/train/normal/valid_004222.png,normal
data/pcam/train/normal/valid_004227.png,normal
data/pcam/train/normal/valid_004231.png,normal
data/pcam/train/normal/valid_004458.png,normal
data/pcam/train/normal/valid_004469.png,normal
data/pcam/train/normal/valid_004471.png,normal
data/pcam/train/normal/valid_004483.png,normal
data/pcam/train/normal/valid_004489.png,normal
data/pcam/train/normal/valid_004495.png,normal
data/pcam/train/normal/valid_004504.png,normal
data/pcam/train/normal/valid_004507.png,normal
data/pcam/train/normal/valid_004508.png,normal
data/pcam/train/normal/valid_004518.png,normal
data/pcam/train/normal/valid_004521.png,normal
data/pcam/train/normal/valid_004522.png,normal
data/pcam/train/normal/valid_004525.png,normal
data/pcam/train/normal/valid_004528.png,normal
data/pcam/train/normal/valid_004529.png,normal
data/pcam/train/normal/valid_004533.png,normal
data/pcam/train/normal/valid_004534.png,normal
data/pcam/train/normal/valid_004535.png,normal
data/pcam/train/normal/valid_004537.png,normal
data/pcam/train/normal/valid_004541.png,normal
data/pcam/train/normal/valid_004543.png,normal
data/pcam/train/normal/valid_004548.png,normal
data/pcam/train/normal/valid_004549.png,normal
data/pcam/train/normal/valid_004550.png,normal
data/pcam/train/normal/valid_004552.png,normal
data/pcam/train/normal/valid_004557.png,normal
data/pcam/train/normal/valid_004561.png,normal
data/pcam/train/normal/valid_004563.png,normal
data/pcam/train/normal/valid_004577.png,normal
data/pcam/train/normal/valid_004580.png,normal
data/pcam/train/normal/valid_004581.png,normal
data/pcam/train/normal/valid_004584.png,normal
data/pcam/train/normal/valid_004589.png,normal
data/pcam/train/normal/valid_004593.png,normal
data/pcam/train/normal/valid_004596.png,normal
data/pcam/train/normal/valid_004597.png,normal
data/pcam/train/normal/valid_004612.png,normal
data/pcam/train/normal/valid_004614.png,normal
data/pcam/train/normal/valid_004616.png,normal
data/pcam/train/normal/valid_004619.png,normal
data/pcam/train/normal/valid_004623.png,normal
data/pcam/train/normal/valid_004625.png,normal
data/pcam/train/normal/valid_004626.png,normal
data/pcam/train/normal/valid_004630.png,normal
data/pcam/train/normal/valid_004631.png,normal
data/pcam/train/normal/valid_004633.png,normal
data/pcam/train/normal/valid_004637.png,normal
data/pcam/train/normal/valid_004638.png,normal
data/pcam/train/normal/valid_004639.png,normal
data/pcam/train/normal/valid_004642.png,normal
data/pcam/train/normal/valid_004643.png,normal
data/pcam/train/normal/valid_004645.png,normal
data/pcam/train/normal/valid_004646.png,normal
data/pcam/train/normal/valid_004653.png,normal
data/pcam/train/normal/valid_004657.png,normal
data/pcam/train/normal/valid_004659.png,normal
data/pcam/train/normal/valid_004661.png,normal
data/pcam/train/normal/valid_004663.png,normal
data/pcam/train/normal/valid_004667.png,normal
data/pcam/train/normal/valid_004671.png,normal
data/pcam/train/normal/valid_004675.png,normal
data/pcam/train/normal/valid_004678.png,normal
data/pcam/train/normal/valid_004679.png,normal
data/pcam/train/normal/valid_004689.png,normal
data/pcam/train/normal/valid_004696.png,normal
data/pcam/train/normal/valid_004697.png,normal
data/pcam/train/normal/valid_004698.png,normal
data/pcam/train/normal/valid_004702.png,normal
data/pcam/train/normal/valid_004709.png,normal
data/pcam/train/normal/valid_004711.png,normal
data/pcam/train/normal/valid_004714.png,normal
data/pcam/train/normal/valid_004729.png,normal
data/pcam/train/normal/valid_004730.png,normal
data/pcam/train/normal/valid_004732.png,normal
data/pcam/train/normal/valid_004740.png,normal
data/pcam/train/normal/valid_004741.png,normal
data/pcam/train/normal/valid_004747.png,normal
data/pcam/train/normal/valid_004753.png,normal
data/pcam/train/normal/valid_004760.png,normal
data/pcam/train/normal/valid_004761.png,normal
data/pcam/train/normal/valid_004762.png,normal
data/pcam/train/normal/valid_004765.png,normal
data/pcam/train/normal/valid_004769.png,normal
data/pcam/train/normal/valid_004772.png,normal
data/pcam/train/normal/valid_004773.png,normal
data/pcam/train/normal/valid_004776.png,normal
data/pcam/train/normal/valid_004783.png,normal
data/pcam/train/normal/valid_004787.png,normal
data/pcam/train/normal/valid_004807.png,normal
data/pcam/train/normal/valid_004815.png,normal
data/pcam/train/normal/valid_004828.png,normal
data/pcam/train/normal/valid_004832.png,normal
data/pcam/train/normal/valid_004844.png,normal
data/pcam/train/normal/valid_004849.png,normal
data/pcam/train/normal/valid_004873.png,normal
data/pcam/train/normal/valid_004916.png,normal
data/pcam/train/normal/valid_005130.png,normal
data/pcam/train/normal/valid_005157.png,normal
data/pcam/train/normal/valid_005166.png,normal
data/pcam/train/normal/valid_005167.png,normal
data/pcam/train/normal/valid_005175.png,normal
data/pcam/train/normal/valid_005182.png,normal
data/pcam/train/normal/valid_005186.png,normal
data/pcam/train/normal/valid_005189.png,normal
data/pcam/train/normal/valid_005192.png,normal
data/pcam/train/normal/valid_005201.png,normal
data/pcam/train/normal/valid_005202.png,normal
data/pcam/train/normal/valid_005207.png,normal
data/pcam/train/normal/valid_005210.png,normal
data/pcam/train/normal/valid_005213.png,normal
data/pcam/train/normal/valid_005218.png,normal
data/pcam/train/normal/valid_005219.png,normal
data/pcam/train/normal/valid_005220.png,normal
data/pcam/train/normal/valid_005223.png,normal
data/pcam/train/normal/valid_005225.png,normal
data/pcam/train/normal/valid_005230.png,normal
data/pcam/train/normal/valid_005237.png,normal
data/pcam/train/normal/valid_005242.png,normal
data/pcam/train/normal/valid_005247.png,normal
data/pcam/train/normal/valid_005260.png,normal
data/pcam/train/normal/valid_005261.png,normal
data/pcam/train/normal/valid_005263.png,normal
data/pcam/train/normal/valid_005264.png,normal
data/pcam/train/normal/valid_005265.png,normal
data/pcam/train/normal/valid_005276.png,normal
data/pcam/train/normal/valid_005287.png,normal
data/pcam/train/normal/valid_005292.png,normal
data/pcam/train/normal/valid_005294.png,normal
data/pcam/train/normal/valid_005295.png,normal
data/pcam/train/normal/valid_005298.png,normal
data/pcam/train/normal/valid_005303.png,normal
data/pcam/train/normal/valid_005304.png,normal
data/pcam/train/normal/valid_005306.png,normal
data/pcam/train/normal/valid_005309.png,normal
data/pcam/train/normal/valid_005316.png,normal
data/pcam/train/normal/valid_005317.png,normal
data/pcam/train/normal/valid_005318.png,normal
data/pcam/train/normal/valid_005319.png,normal
data/pcam/train/normal/valid_005323.png,normal
data/pcam/train/normal/valid_005324.png,normal
data/pcam/train/normal/valid_005326.png,normal
data/pcam/train/normal/valid_005327.png,normal
data/pcam/train/normal/valid_005332.png,normal
data/pcam/train/normal/valid_005333.png,normal
data/pcam/train/normal/valid_005336.png,normal
data/pcam/train/normal/valid_005338.png,normal
data/pcam/train/normal/valid_005340.png,normal
data/pcam/train/normal/valid_005341.png,normal
data/pcam/train/normal/valid_005348.png,normal
data/pcam/train/normal/valid_005352.png,normal
data/pcam/train/normal/valid_005355.png,normal
data/pcam/train/normal/valid_005358.png,normal
data/pcam/train/normal/valid_005370.png,normal
data/pcam/train/normal/valid_005373.png,normal
data/pcam/train/normal/valid_005375.png,normal
data/pcam/train/normal/valid_005376.png,normal
data/pcam/train/normal/valid_005377.png,normal
data/pcam/train/normal/valid_005381.png,normal
data/pcam/train/normal/valid_005386.png,normal
data/pcam/train/normal/valid_005389.png,normal
data/pcam/train/normal/valid_005393.png,normal
data/pcam/train/normal/valid_005394.png,normal
data/pcam/train/normal/valid_005396.png,normal
data/pcam/train/normal/valid_005399.png,normal
data/pcam/train/normal/valid_005401.png,normal
data/pcam/train/normal/valid_005412.png,normal
data/pcam/train/normal/valid_005419.png,normal
data/pcam/train/normal/valid_005422.png,normal
data/pcam/train/normal/valid_005424.png,normal
data/pcam/train/normal/valid_005432.png,normal
data/pcam/train/normal/valid_005433.png,normal
data/pcam/train/normal/valid_005434.png,normal
data/pcam/train/normal/valid_005441.png,normal
data/pcam/train/normal/valid_005450.png,normal
data/pcam/train/normal/valid_005451.png,normal
data/pcam/train/normal/valid_005456.png,normal
data/pcam/train/normal/valid_005466.png,normal
data/pcam/train/normal/valid_005471.png,normal
data/pcam/train/normal/valid_005473.png,normal
data/pcam/train/normal/valid_005485.png,normal
data/pcam/train/normal/valid_005500.png,normal
data/pcam/train/normal/valid_005501.png,normal
data/pcam/train/normal/valid_005512.png,normal
data/pcam/train/normal/valid_005513.png,normal
data/pcam/train/normal/valid_005517.png,normal
data/pcam/train/normal/valid_005521.png,normal
data/pcam/train/normal/valid_005524.png,normal
data/pcam/train/normal/valid_005531.png,normal
data/pcam/train/normal/valid_005534.png,normal
data/pcam/train/normal/valid_005539.png,normal
data/pcam/train/normal/valid_005550.png,normal
data/pcam/train/normal/valid_005613.png,normal
data/pcam/train/normal/valid_005620.png,normal
data/pcam/train/normal/valid_005633.png,normal
data/pcam/train/normal/valid_005693.png,normal
data/pcam/train/normal/valid_005695.png,normal
data/pcam/train/normal/valid_005715.png,normal
data/pcam/train/normal/valid_005745.png,normal
data/pcam/train/normal/valid_005784.png,normal
data/pcam/train/normal/valid_005789.png,normal
data/pcam/train/normal/valid_005796.png,normal
data/pcam/train/normal/valid_005821.png,normal
data/pcam/train/normal/valid_005822.png,normal
data/pcam/train/normal/valid_005829.png,normal
data/pcam/train/normal/valid_005834.png,normal
data/pcam/train/normal/valid_005836.png,normal
data/pcam/train/normal/valid_005839.png,normal
data/pcam/train/normal/valid_005840.png,normal
data/pcam/train/normal/valid_005842.png,normal
data/pcam/train/normal/valid_005848.png,normal
data/pcam/train/normal/valid_005849.png,normal
data/pcam/train/normal/valid_005855.png,normal
data/pcam/train/normal/valid_005860.png,normal
data/pcam/train/normal/valid_005864.png,normal
data/pcam/train/normal/valid_005867.png,normal
data/pcam/train/normal/valid_005868.png,normal
data/pcam/train/normal/valid_005869.png,normal
data/pcam/train/normal/valid_005880.png,normal
data/pcam/train/normal/valid_005887.png,normal
data/pcam/train/normal/valid_005899.png,normal
data/pcam/train/normal/valid_005900.png,normal
data/pcam/train/normal/valid_005902.png,normal
data/pcam/train/normal/valid_005904.png,normal
data/pcam/train/normal/valid_005912.png,normal
data/pcam/train/normal/valid_005914.png,normal
data/pcam/train/normal/valid_005917.png,normal
data/pcam/train/normal/valid_005920.png,normal
data/pcam/train/normal/valid_005922.png,normal
data/pcam/train/normal/valid_005924.png,normal
data/pcam/train/normal/valid_005933.png,normal
data/pcam/train/normal/valid_005934.png,normal
data/pcam/train/normal/valid_005947.png,normal
data/pcam/train/normal/valid_005950.png,normal
data/pcam/train/normal/valid_005955.png,normal
data/pcam/train/normal/valid_005957.png,normal
data/pcam/train/normal/valid_005963.png,normal
data/pcam/train/normal/valid_005969.png,normal
data/pcam/train/normal/valid_005972.png,normal
data/pcam/train/normal/valid_005973.png,normal
data/pcam/train/normal/valid_005974.png,normal
data/pcam/train/normal/valid_005983.png,normal
data/pcam/train/normal/valid_005984.png,normal
data/pcam/train/normal/valid_005985.png,normal
data/pcam/train/normal/valid_005987.png,normal
data/pcam/train/normal/valid_005991.png,normal
data/pcam/train/normal/valid_005992.png,normal
data/pcam/train/normal/valid_005996.png,normal
data/pcam/train/normal/valid_005998.png,normal
data/pcam/train/normal/valid_006001.png,normal
data/pcam/train/normal/valid_006004.png,normal
data/pcam/train/normal/valid_006011.png,normal
data/pcam/train/normal/valid_006017.png,normal
data/pcam/train/normal/valid_006021.png,normal
data/pcam/train/normal/valid_006024.png,normal
data/pcam/train/normal/valid_006025.png,normal
data/pcam/train/normal/valid_006031.png,normal
data/pcam/train/normal/valid_006036.png,normal
data/pcam/train/normal/valid_006045.png,normal
data/pcam/train/normal/valid_006050.png,normal
data/pcam/train/normal/valid_006055.png,normal
data/pcam/train/normal/valid_006060.png,normal
data/pcam/train/normal/valid_006061.png,normal
data/pcam/train/normal/valid_006069.png,normal
data/pcam/train/normal/valid_006070.png,normal
data/pcam/train/normal/valid_006082.png,normal
data/pcam/train/normal/valid_006094.png,normal
data/pcam/train/normal/valid_006096.png,normal
data/pcam/train/normal/valid_006113.png,normal
data/pcam/train/normal/valid_006120.png,normal
data/pcam/train/normal/valid_006130.png,normal
data/pcam/train/normal/valid_006322.png,normal
data/pcam/train/normal/valid_006372.png,normal
data/pcam/train/normal/valid_006399.png,normal
data/pcam/train/normal/valid_006407.png,normal
data/pcam/train/normal/valid_006419.png,normal
data/pcam/train/normal/valid_006436.png,normal
data/pcam/train/normal/valid_006456.png,normal
data/pcam/train/normal/valid_006464.png,normal
data/pcam/train/normal/valid_006469.png,normal
data/pcam/train/normal/valid_006481.png,normal
data/pcam/train/normal/valid_006486.png,normal
data/pcam/train/normal/valid_006488.png,normal
data/pcam/train/normal/valid_006492.png,normal
data/pcam/train/normal/valid_006503.png,normal
data/pcam/train/normal/valid_006508.png,normal
data/pcam/train/normal/valid_006509.png,normal
data/pcam/train/normal/valid_006511.png,normal
data/pcam/train/normal/valid_006522.png,normal
data/pcam/train/normal/valid_006525.png,normal
data/pcam/train/normal/valid_006529.png,normal
data/pcam/train/normal/valid_006531.png,normal
data/pcam/train/normal/valid_006532.png,normal
data/pcam/train/normal/valid_006533.png,normal
data/pcam/train/normal/valid_006535.png,normal
data/pcam/train/normal/valid_006539.png,normal
data/pcam/train/normal/valid_006540.png,normal
data/pcam/train/normal/valid_006544.png,normal
data/pcam/train/normal/valid_006545.png,normal
data/pcam/train/normal/valid_006550.png,normal
data/pcam/train/normal/valid_006554.png,normal
data/pcam/train/normal/valid_006558.png,normal
data/pcam/train/normal/valid_006563.png,normal
data/pcam/train/normal/valid_006565.png,normal
data/pcam/train/normal/valid_006573.png,normal
data/pcam/train/normal/valid_006574.png,normal
data/pcam/train/normal/valid_006576.png,normal
data/pcam/train/normal/valid_006579.png,normal
data/pcam/train/normal/valid_006581.png,normal
data/pcam/train/normal/valid_006582.png,normal
data/pcam/train/normal/valid_006583.png,normal
data/pcam/train/normal/valid_006585.png,normal
data/pcam/train/normal/valid_006591.png,normal
data/pcam/train/normal/valid_006593.png,normal
data/pcam/train/normal/valid_006595.png,normal
data/pcam/train/normal/valid_006596.png,normal
data/pcam/train/normal/valid_006597.png,normal
data/pcam/train/normal/valid_006599.png,normal
data/pcam/train/normal/valid_006601.png,normal
data/pcam/train/normal/valid_006605.png,normal
data/pcam/train/normal/valid_006613.png,normal
data/pcam/train/normal/valid_006614.png,normal
data/pcam/train/normal/valid_006628.png,normal
data/pcam/train/normal/valid_006630.png,normal
data/pcam/train/normal/valid_006634.png,normal
data/pcam/train/normal/valid_006641.png,normal
data/pcam/train/normal/valid_006644.png,normal
data/pcam/train/normal/valid_006651.png,normal
data/pcam/train/normal/valid_006659.png,normal
data/pcam/train/normal/valid_006660.png,normal
data/pcam/train/normal/valid_006662.png,normal
data/pcam/train/normal/valid_006665.png,normal
data/pcam/train/normal/valid_006672.png,normal
data/pcam/train/normal/valid_006682.png,normal
data/pcam/train/normal/valid_006683.png,normal
data/pcam/train/normal/valid_006685.png,normal
data/pcam/train/normal/valid_006691.png,normal
data/pcam/train/normal/valid_006693.png,normal
data/pcam/train/normal/valid_006695.png,normal
data/pcam/train/normal/valid_006701.png,normal
data/pcam/train/normal/valid_006705.png,normal
data/pcam/train/normal/valid_006707.png,normal
data/pcam/train/normal/valid_006710.png,normal
data/pcam/train/normal/valid_006713.png,normal
data/pcam/train/normal/valid_006714.png,normal
data/pcam/train/normal/valid_006717.png,normal
data/pcam/train/normal/valid_006719.png,normal
data/pcam/train/normal/valid_006720.png,normal
data/pcam/train/normal/valid_006732.png,normal
data/pcam/train/normal/valid_006742.png,normal
data/pcam/train/normal/valid_006745.png,normal
data/pcam/train/normal/valid_006757.png,normal
data/pcam/train/normal/valid_006762.png,normal
data/pcam/train/normal/valid_006765.png,normal
data/pcam/train/normal/valid_006776.png,normal
data/pcam/train/normal/valid_006778.png,normal
data/pcam/train/normal/valid_006814.png,normal
data/pcam/train/normal/valid_006867.png,normal
data/pcam/train/normal/valid_006928.png,normal
data/pcam/train/normal/valid_007050.png,normal
data/pcam/train/normal/valid_007088.png,normal
data/pcam/train/normal/valid_007093.png,normal
data/pcam/train/normal/valid_007096.png,normal
data/pcam/train/normal/valid_007098.png,normal
data/pcam/train/normal/valid_007102.png,normal
data/pcam/train/normal/valid_007105.png,normal
data/pcam/train/normal/valid_007106.png,normal
data/pcam/train/normal/valid_007115.png,normal
data/pcam/train/normal/valid_007124.png,normal
data/pcam/train/normal/valid_007125.png,normal
data/pcam/train/normal/valid_007139.png,normal
data/pcam/train/normal/valid_007143.png,normal
data/pcam/train/normal/valid_007156.png,normal
data/pcam/train/normal/valid_007163.png,normal
data/pcam/train/normal/valid_007165.png,normal
data/pcam/train/normal/valid_007171.png,normal
data/pcam/train/normal/valid_007180.png,normal
data/pcam/train/normal/valid_007182.png,normal
data/pcam/train/normal/valid_007187.png,normal
data/pcam/train/normal/valid_007194.png,normal
data/pcam/train/normal/valid_007198.png,normal
data/pcam/train/normal/valid_007205.png,normal
data/pcam/train/normal/valid_007212.png,normal
data/pcam/train/normal/valid_007218.png,normal
data/pcam/train/normal/valid_007219.png,normal
data/pcam/train/normal/valid_007222.png,normal
data/pcam/train/normal/valid_007224.png,normal
data/pcam/train/normal/valid_007226.png,normal
data/pcam/train/normal/valid_007229.png,normal
data/pcam/train/normal/valid_007234.png,normal
data/pcam/train/normal/valid_007238.png,normal
data/pcam/train/normal/valid_007240.png,normal
data/pcam/train/normal/valid_007250.png,normal
data/pcam/train/normal/valid_007253.png,normal
data/pcam/train/normal/valid_007258.png,normal
data/pcam/train/normal/valid_007260.png,normal
data/pcam/train/normal/valid_007263.png,normal
data/pcam/train/normal/valid_007267.png,normal
data/pcam/train/normal/valid_007275.png,normal
data/pcam/train/normal/valid_007278.png,normal
data/pcam/train/normal/valid_007285.png,normal
data/pcam/train/normal/valid_007288.png,normal
data/pcam/train/normal/valid_007290.png,normal
data/pcam/train/normal/valid_007295.png,normal
data/pcam/train/normal/valid_007296.png,normal
data/pcam/train/normal/valid_007301.png,normal
data/pcam/train/normal/valid_007310.png,normal
data/pcam/train/normal/valid_007311.png,normal
data/pcam/train/normal/valid_007317.png,normal
data/pcam/train/normal/valid_007318.png,normal
data/pcam/train/normal/valid_007322.png,normal
data/pcam/train/normal/valid_007325.png,normal
data/pcam/train/normal/valid_007326.png,normal
data/pcam/train/normal/valid_007329.png,normal
data/pcam/train/normal/valid_007332.png,normal
data/pcam/train/normal/valid_007336.png,normal
data/pcam/train/normal/valid_007338.png,normal
data/pcam/train/normal/valid_007341.png,normal
data/pcam/train/normal/valid_007347.png,normal
data/pcam/train/normal/valid_007349.png,normal
data/pcam/train/normal/valid_007355.png,normal
data/pcam/train/normal/valid_007367.png,normal
data/pcam/train/normal/valid_007368.png,normal
data/pcam/train/normal/valid_007387.png,normal
data/pcam/train/normal/valid_007390.png,normal
data/pcam/train/normal/valid_007398.png,normal
data/pcam/train/normal/valid_007414.png,normal
data/pcam/train/normal/valid_007437.png,normal
data/pcam/train/normal/valid_007443.png,normal
data/pcam/train/normal/valid_007447.png,normal
data/pcam/train/normal/valid_007550.png,normal
data/pcam/train/normal/valid_007646.png,normal
data/pcam/train/normal/valid_007691.png,normal
data/pcam/train/normal/valid_007706.png,normal
data/pcam/train/normal/valid_007717.png,normal
data/pcam/train/normal/valid_007723.png,normal
data/pcam/train/normal/valid_007727.png,normal
data/pcam/train/normal/valid_007730.png,normal
data/pcam/train/normal/valid_007731.png,normal
data/pcam/train/normal/valid_007734.png,normal
data/pcam/train/normal/valid_007741.png,normal
data/pcam/train/normal/valid_007744.png,normal
data/pcam/train/normal/valid_007760.png,normal
data/pcam/train/normal/valid_007762.png,normal
data/pcam/train/normal/valid_007763.png,normal
data/pcam/train/normal/valid_007764.png,normal
data/pcam/train/normal/valid_007766.png,normal
data/pcam/train/normal/valid_007771.png,normal
data/pcam/train/normal/valid_007773.png,normal
data/pcam/train/normal/valid_007776.png,normal
data/pcam/train/normal/valid_007781.png,normal
data/pcam/train/normal/valid_007787.png,normal
data/pcam/train/normal/valid_007790.png,normal
data/pcam/train/normal/valid_007791.png,normal
data/pcam/train/normal/valid_007792.png,normal
data/pcam/train/normal/valid_007794.png,normal
data/pcam/train/normal/valid_007799.png,normal
data/pcam/train/normal/valid_007801.png,normal
data/pcam/train/normal/valid_007810.png,normal
data/pcam/train/normal/valid_007816.png,normal
data/pcam/train/normal/valid_007817.png,normal
data/pcam/train/normal/valid_007818.png,normal
data/pcam/train/normal/valid_007823.png,normal
data/pcam/train/normal/valid_007825.png,normal
data/pcam/train/normal/valid_007826.png,normal
data/pcam/train/normal/valid_007829.png,normal
data/pcam/train/normal/valid_007831.png,normal
data/pcam/train/normal/valid_007832.png,normal
data/pcam/train/normal/valid_007840.png,normal
data/pcam/train/normal/valid_007841.png,normal
data/pcam/train/normal/valid_007851.png,normal
data/pcam/train/normal/valid_007852.png,normal
data/pcam/train/normal/valid_007859.png,normal
data/pcam/train/normal/valid_007865.png,normal
data/pcam/train/normal/valid_007871.png,normal
data/pcam/train/normal/valid_007873.png,normal
data/pcam/train/normal/valid_007876.png,normal
data/pcam/train/normal/valid_007877.png,normal
data/pcam/train/normal/valid_007880.png,normal
data/pcam/train/normal/valid_007881.png,normal
data/pcam/train/normal/valid_007887.png,normal
data/pcam/train/normal/valid_007891.png,normal
data/pcam/train/normal/valid_007902.png,normal
data/pcam/train/normal/valid_007909.png,normal
data/pcam/train/normal/valid_007911.png,normal
data/pcam/train/normal/valid_007924.png,normal
data/pcam/train/normal/valid_007929.png,normal
data/pcam/train/normal/valid_007934.png,normal
data/pcam/train/normal/valid_007935.png,normal
data/pcam/train/normal/valid_007941.png,normal
data/pcam/train/normal/valid_007943.png,normal
data/pcam/train/normal/valid_007949.png,normal
data/pcam/train/normal/valid_007950.png,normal
data/pcam/train/normal/valid_007958.png,normal
data/pcam/train/normal/valid_007960.png,normal
data/pcam/train/normal/valid_007965.png,normal
data/pcam/train/normal/valid_007972.png,normal
data/pcam/train/normal/valid_007974.png,normal
data/pcam/train/normal/valid_007982.png,normal
data/pcam/train/normal/valid_007985.png,normal
data/pcam/train/normal/valid_007987.png,normal
data/pcam/train/normal/valid_007999.png,normal
data/pcam/train/normal/valid_008010.png,normal
data/pcam/train/normal/valid_008013.png,normal
data/pcam/train/normal/valid_008023.png,normal
data/pcam/train/normal/valid_008027.png,normal
data/pcam/train/normal/valid_008040.png,normal
data/pcam/train/normal/valid_008045.png,normal
data/pcam/train/normal/valid_008055.png,normal
data/pcam/train/normal/valid_008057.png,normal
data/pcam/train/normal/valid_008092.png,normal
data/pcam/train/normal/valid_008100.png,normal
data/pcam/train/normal/valid_008110.png,normal
data/pcam/train/normal/valid_008119.png,normal
data/pcam/train/normal/valid_008137.png,normal
data/pcam/train/normal/valid_008366.png,normal
data/pcam/train/normal/valid_008386.png,normal
data/pcam/train/normal/valid_008398.png,normal
data/pcam/train/normal/valid_008399.png,normal
data/pcam/train/normal/valid_008402.png,normal
data/pcam/train/normal/valid_008403.png,normal
data/pcam/train/normal/valid_008413.png,normal
data/pcam/train/normal/valid_008414.png,normal
data/pcam/train/normal/valid_008420.png,normal
data/pcam/train/normal/valid_008421.png,normal
data/pcam/train/normal/valid_008423.png,normal
data/pcam/train/normal/valid_008424.png,normal
data/pcam/train/normal/valid_008426.png,normal
data/pcam/train/normal/valid_008431.png,normal
data/pcam/train/normal/valid_008434.png,normal
data/pcam/train/normal/valid_008436.png,normal
data/pcam/train/normal/valid_008437.png,normal
data/pcam/train/normal/valid_008441.png,normal
data/pcam/train/normal/valid_008442.png,normal
data/pcam/train/normal/valid_008445.png,normal
data/pcam/train/normal/valid_008446.png,normal
data/pcam/train/normal/valid_008450.png,normal
data/pcam/train/normal/valid_008452.png,normal
data/pcam/train/normal/valid_008453.png,normal
data/pcam/train/normal/valid_008457.png,normal
data/pcam/train/normal/valid_008462.png,normal
data/pcam/train/normal/valid_008465.png,normal
data/pcam/train/normal/valid_008468.png,normal
data/pcam/train/normal/valid_008469.png,normal
data/pcam/train/normal/valid_008470.png,normal
data/pcam/train/normal/valid_008471.png,normal
data/pcam/train/normal/valid_008474.png,normal
data/pcam/train/normal/valid_008478.png,normal
data/pcam/train/normal/valid_008480.png,normal
data/pcam/train/normal/valid_008482.png,normal
data/pcam/train/normal/valid_008484.png,normal
data/pcam/train/normal/valid_008486.png,normal
data/pcam/train/normal/valid_008488.png,normal
data/pcam/train/normal/valid_008491.png,normal
data/pcam/train/normal/valid_008493.png,normal
data/pcam/train/normal/valid_008495.png,normal
data/pcam/train/normal/valid_008507.png,normal
data/pcam/train/normal/valid_008509.png,normal
data/pcam/train/normal/valid_008513.png,normal
data/pcam/train/normal/valid_008517.png,normal
data/pcam/train/normal/valid_008524.png,normal
data/pcam/train/normal/valid_008528.png,normal
data/pcam/train/normal/valid_008535.png,normal
data/pcam/train/normal/valid_008536.png,normal
data/pcam/train/normal/valid_008542.png,normal
data/pcam/train/normal/valid_008545.png,normal
data/pcam/train/normal/valid_008546.png,normal
data/pcam/train/normal/valid_008551.png,normal
data/pcam/train/normal/valid_008555.png,normal
data/pcam/train/normal/valid_008560.png,normal
data/pcam/train/normal/valid_008562.png,normal
data/pcam/train/normal/valid_008565.png,normal
data/pcam/train/normal/valid_008566.png,normal
data/pcam/train/normal/valid_008570.png,normal
data/pcam/train/normal/valid_008573.png,normal
data/pcam/train/normal/valid_008574.png,normal
data/pcam/train/normal/valid_008579.png,normal
data/pcam/train/normal/valid_008580.png,normal
data/pcam/train/normal/valid_008582.png,normal
data/pcam/train/normal/valid_008583.png,normal
data/pcam/train/normal/valid_008585.png,normal
data/pcam/train/normal/valid_008587.png,normal
data/pcam/train/normal/valid_008589.png,normal
data/pcam/train/normal/valid_008591.png,normal
data/pcam/train/normal/valid_008592.png,normal
data/pcam/train/normal/valid_008596.png,normal
data/pcam/train/normal/valid_008597.png,normal
data/pcam/train/normal/valid_008603.png,normal
data/pcam/train/normal/valid_008605.png,normal
data/pcam/train/normal/valid_008606.png,normal
data/pcam/train/normal/valid_008607.png,normal
data/pcam/train/normal/valid_008612.png,normal
data/pcam/train/normal/valid_008614.png,normal
data/pcam/train/normal/valid_008616.png,normal
data/pcam/train/normal/valid_008620.png,normal
data/pcam/train/normal/valid_008623.png,normal
data/pcam/train/normal/valid_008624.png,normal
data/pcam/train/normal/valid_008627.png,normal
data/pcam/train/normal/valid_008633.png,normal
data/pcam/train/normal/valid_008637.png,normal
data/pcam/train/normal/valid_008674.png,normal
data/pcam/train/normal/valid_008688.png,normal
data/pcam/train/normal/valid_008711.png,normal
data/pcam/train/normal/valid_008716.png,normal
data/pcam/train/normal/valid_008736.png,normal
data/pcam/train/normal/valid_008742.png,normal
data/pcam/train/normal/valid_008743.png,normal
data/pcam/train/normal/valid_008744.png,normal
data/pcam/train/normal/valid_008748.png,normal
data/pcam/train/normal/valid_008909.png,normal
data/pcam/train/normal/valid_008984.png,normal
data/pcam/train/normal/valid_008991.png,normal
data/pcam/train/normal/valid_009023.png,normal
data/pcam/train/normal/valid_009032.png,normal
data/pcam/train/normal/valid_009043.png,normal
data/pcam/train/normal/valid_009045.png,normal
data/pcam/train/normal/valid_009048.png,normal
data/pcam/train/normal/valid_009052.png,normal
data/pcam/train/normal/valid_009057.png,normal
data/pcam/train/normal/valid_009066.png,normal
data/pcam/train/normal/valid_009068.png,normal
data/pcam/train/normal/valid_009073.png,normal
data/pcam/train/normal/valid_009074.png,normal
data/pcam/train/normal/valid_009084.png,normal
data/pcam/train/normal/valid_009087.png,normal
data/pcam/train/normal/valid_009089.png,normal
data/pcam/train/normal/valid_009091.png,normal
data/pcam/train/normal/valid_009094.png,normal
data/pcam/train/normal/valid_009097.png,normal
data/pcam/train/normal/valid_009098.png,normal
data/pcam/train/normal/valid_009099.png,normal
data/pcam/train/normal/valid_009109.png,normal
data/pcam/train/normal/valid_009110.png,normal
data/pcam/train/normal/valid_009112.png,normal
data/pcam/train/normal/valid_009119.png,normal
data/pcam/train/normal/valid_009123.png,normal
data/pcam/train/normal/valid_009125.png,normal
data/pcam/train/normal/valid_009127.png,normal
data/pcam/train/normal/valid_009128.png,normal
data/pcam/train/normal/valid_009136.png,normal
data/pcam/train/normal/valid_009139.png,normal
data/pcam/train/normal/valid_009144.png,normal
data/pcam/train/normal/valid_009145.png,normal
data/pcam/train/normal/valid_009151.png,normal
data/pcam/train/normal/valid_009154.png,normal
data/pcam/train/normal/valid_009156.png,normal
data/pcam/train/normal/valid_009163.png,normal
data/pcam/train/normal/valid_009169.png,normal
data/pcam/train/normal/valid_009177.png,normal
data/pcam/train/normal/valid_009181.png,normal
data/pcam/train/normal/valid_009182.png,normal
data/pcam/train/normal/valid_009184.png,normal
data/pcam/train/normal/valid_009185.png,normal
data/pcam/train/normal/valid_009188.png,normal
data/pcam/train/normal/valid_009191.png,normal
data/pcam/train/normal/valid_009196.png,normal
data/pcam/train/normal/valid_009201.png,normal
data/pcam/train/normal/valid_009203.png,normal
data/pcam/train/normal/valid_009206.png,normal
data/pcam/train/normal/valid_009211.png,normal
data/pcam/train/normal/valid_009214.png,normal
data/pcam/train/normal/valid_009219.png,normal
data/pcam/train/normal/valid_009220.png,normal
data/pcam/train/normal/valid_009221.png,normal
data/pcam/train/normal/valid_009223.png,normal
data/pcam/train/normal/valid_009231.png,normal
data/pcam/train/normal/valid_009237.png,normal
data/pcam/train/normal/valid_009240.png,normal
data/pcam/train/normal/valid_009242.png,normal
data/pcam/train/normal/valid_009249.png,normal
data/pcam/train/normal/valid_009250.png,normal
data/pcam/train/normal/valid_009255.png,normal
data/pcam/train/normal/valid_009260.png,normal
data/pcam/train/normal/valid_009261.png,normal
data/pcam/train/normal/valid_009265.png,normal
data/pcam/train/normal/valid_009269.png,normal
data/pcam/train/normal/valid_009273.png,normal
data/pcam/train/normal/valid_009275.png,normal
data/pcam/train/normal/valid_009277.png,normal
data/pcam/train/normal/valid_009278.png,normal
data/pcam/train/normal/valid_009291.png,normal
data/pcam/train/normal/valid_009292.png,normal
data/pcam/train/normal/valid_009293.png,normal
data/pcam/train/normal/valid_009296.png,normal
data/pcam/train/normal/valid_009300.png,normal
data/pcam/train/normal/valid_009302.png,normal
data/pcam/train/normal/valid_009305.png,normal
data/pcam/train/normal/valid_009308.png,normal
data/pcam/train/normal/valid_009310.png,normal
data/pcam/train/normal/valid_009312.png,normal
data/pcam/train/normal/valid_009313.png,normal
data/pcam/train/normal/valid_009314.png,normal
data/pcam/train/normal/valid_009324.png,normal
data/pcam/train/normal/valid_009325.png,normal
data/pcam/train/normal/valid_009327.png,normal
data/pcam/train/normal/valid_009334.png,normal
data/pcam/train/normal/valid_009336.png,normal
data/pcam/train/normal/valid_009337.png,normal
data/pcam/train/normal/valid_009338.png,normal
data/pcam/train/normal/valid_009350.png,normal
data/pcam/train/normal/valid_009357.png,normal
data/pcam/train/normal/valid_009360.png,normal
data/pcam/train/normal/valid_009367.png,normal
data/pcam/train/normal/valid_009371.png,normal
data/pcam/train/normal/valid_009375.png,normal
data/pcam/train/normal/valid_009376.png,normal
data/pcam/train/normal/valid_009400.png,normal
data/pcam/train/normal/valid_009455.png,normal
data/pcam/train/normal/valid_009533.png,normal
data/pcam/train/normal/valid_009683.png,normal
data/pcam/train/normal/valid_009704.png,normal
data/pcam/train/normal/valid_009713.png,normal
data/pcam/train/normal/valid_009731.png,normal
data/pcam/train/normal/valid_009733.png,normal
data/pcam/train/normal/valid_009738.png,normal
data/pcam/train/normal/valid_009739.png,normal
data/pcam/train/normal/valid_009741.png,normal
data/pcam/train/normal/valid_009744.png,normal
data/pcam/train/normal/valid_009751.png,normal
data/pcam/train/normal/valid_009757.png,normal
data/pcam/train/normal/valid_009760.png,normal
data/pcam/train/normal/valid_009761.png,normal
data/pcam/train/normal/valid_009762.png,normal
data/pcam/train/normal/valid_009764.png,normal
data/pcam/train/normal/valid_009767.png,normal
data/pcam/train/normal/valid_009768.png,normal
data/pcam/train/normal/valid_009775.png,normal
data/pcam/train/normal/valid_009776.png,normal
data/pcam/train/normal/valid_009787.png,normal
data/pcam/train/normal/valid_009790.png,normal
data/pcam/train/normal/valid_009792.png,normal
data/pcam/train/normal/valid_009794.png,normal
data/pcam/train/normal/valid_009795.png,normal
data/pcam/train/normal/valid_009797.png,normal
data/pcam/train/normal/valid_009802.png,normal
data/pcam/train/normal/valid_009803.png,normal
data/pcam/train/normal/valid_009804.png,normal
data/pcam/train/normal/valid_009809.png,normal
data/pcam/train/normal/valid_009811.png,normal
data/pcam/train/normal/valid_009812.png,normal
data/pcam/train/normal/valid_009813.png,normal
data/pcam/train/normal/valid_009815.png,normal
data/pcam/train/normal/valid_009816.png,normal
data/pcam/train/normal/valid_009817.png,normal
data/pcam/train/normal/valid_009821.png,normal
data/pcam/train/normal/valid_009824.png,normal
data/pcam/train/normal/valid_009833.png,normal
data/pcam/train/normal/valid_009834.png,normal
data/pcam/train/normal/valid_009836.png,normal
data/pcam/train/normal/valid_009837.png,normal
data/pcam/train/normal/valid_009838.png,normal
data/pcam/train/normal/valid_009841.png,normal
data/pcam/train/normal/valid_009849.png,normal
data/pcam/train/normal/valid_009853.png,normal
data/pcam/train/normal/valid_009854.png,normal
data/pcam/train/normal/valid_009856.png,normal
data/pcam/train/normal/valid_009857.png,normal
data/pcam/train/normal/valid_009860.png,normal
data/pcam/train/normal/valid_009867.png,normal
data/pcam/train/normal/valid_009868.png,normal
data/pcam/train/normal/valid_009869.png,normal
data/pcam/train/normal/valid_009873.png,normal
data/pcam/train/normal/valid_009874.png,normal
data/pcam/train/normal/valid_009875.png,normal
data/pcam/train/normal/valid_009876.png,normal
data/pcam/train/normal/valid_009881.png,normal
data/pcam/train/normal/valid_009882.png,normal
data/pcam/train/normal/valid_009883.png,normal
data/pcam/train/normal/valid_009890.png,normal
data/pcam/train/normal/valid_009896.png,normal
data/pcam/train/normal/valid_009898.png,normal
data/pcam/train/normal/valid_009901.png,normal
data/pcam/train/normal/valid_009902.png,normal
data/pcam/train/normal/valid_009910.png,normal
data/pcam/train/normal/valid_009911.png,normal
data/pcam/train/normal/valid_009917.png,normal
data/pcam/train/normal/valid_009918.png,normal
data/pcam/train/normal/valid_009927.png,normal
data/pcam/train/normal/valid_009932.png,normal
data/pcam/train/normal/valid_009936.png,normal
data/pcam/train/normal/valid_009938.png,normal
data/pcam/train/normal/valid_009946.png,normal
data/pcam/train/normal/valid_009954.png,normal
data/pcam/train/normal/valid_009957.png,normal
data/pcam/train/normal/valid_009960.png,normal
data/pcam/train/normal/valid_009961.png,normal
data/pcam/train/normal/valid_009962.png,normal
data/pcam/train/normal/valid_009971.png,normal
data/pcam/train/normal/valid_009972.png,normal
data/pcam/train/normal/valid_009975.png,normal
data/pcam/train/normal/valid_009977.png,normal
data/pcam/train/normal/valid_009981.png,normal
data/pcam/train/normal/valid_009983.png,normal
data/pcam/train/normal/valid_009984.png,normal
data/pcam/train/normal/valid_009993.png,normal
data/pcam/train/normal/valid_010003.png,normal
data/pcam/train/normal/valid_010008.png,normal
data/pcam/train/normal/valid_010014.png,normal
data/pcam/train/normal/valid_010015.png,normal
data/pcam/train/normal/valid_010025.png,normal
data/pcam/train/normal/valid_010030.png,normal
data/pcam/train/normal/valid_010031.png,normal
data/pcam/train/normal/valid_010038.png,normal
data/pcam/train/normal/valid_010049.png,normal
data/pcam/train/normal/valid_010055.png,normal
data/pcam/train/normal/valid_010107.png,normal
data/pcam/train/normal/valid_010132.png,normal
data/pcam/train/normal/valid_010226.png,normal
data/pcam/train/normal/valid_010257.png,normal
data/pcam/train/normal/valid_010272.png,normal
data/pcam/train/normal/valid_010289.png,normal
data/pcam/train/normal/valid_010300.png,normal
data/pcam/train/normal/valid_010309.png,normal
data/pcam/train/normal/valid_010322.png,normal
data/pcam/train/normal/valid_010337.png,normal
data/pcam/train/normal/valid_010345.png,normal
data/pcam/train/normal/valid_010346.png,normal
data/pcam/train/normal/valid_010349.png,normal
data/pcam/train/normal/valid_010354.png,normal
data/pcam/train/normal/valid_010359.png,normal
data/pcam/train/normal/valid_010363.png,normal
data/pcam/train/normal/valid_010366.png,normal
data/pcam/train/normal/valid_010369.png,normal
data/pcam/train/normal/valid_010373.png,normal
data/pcam/train/normal/valid_010382.png,normal
data/pcam/train/normal/valid_010387.png,normal
data/pcam/train/normal/valid_010388.png,normal
data/pcam/train/normal/valid_010389.png,normal
data/pcam/train/normal/valid_010398.png,normal
data/pcam/train/normal/valid_010403.png,normal
data/pcam/train/normal/valid_010405.png,normal
data/pcam/train/normal/valid_010411.png,normal
data/pcam/train/normal/valid_010423.png,normal
data/pcam/train/normal/valid_010430.png,normal
data/pcam/train/normal/valid_010435.png,normal
data/pcam/train/normal/valid_010437.png,normal
data/pcam/train/normal/valid_010438.png,normal
data/pcam/train/normal/valid_010439.png,normal
data/pcam/train/normal/valid_010444.png,normal
data/pcam/train/normal/valid_010445.png,normal
data/pcam/train/normal/valid_010447.png,normal
data/pcam/train/normal/valid_010450.png,normal
data/pcam/train/normal/valid_010451.png,normal
data/pcam/train/normal/valid_010461.png,normal
data/pcam/train/normal/valid_010465.png,normal
data/pcam/train/normal/valid_010468.png,normal
data/pcam/train/normal/valid_010479.png,normal
data/pcam/train/normal/valid_010480.png,normal
data/pcam/train/normal/valid_010486.png,normal
data/pcam/train/normal/valid_010488.png,normal
data/pcam/train/normal/valid_010498.png,normal
data/pcam/train/normal/valid_010505.png,normal
data/pcam/train/normal/valid_010509.png,normal
data/pcam/train/normal/valid_010512.png,normal
data/pcam/train/normal/valid_010519.png,normal
data/pcam/train/normal/valid_010520.png,normal
data/pcam/train/normal/valid_010521.png,normal
data/pcam/train/normal/valid_010524.png,normal
data/pcam/train/normal/valid_010535.png,normal
data/pcam/train/normal/valid_010538.png,normal
data/pcam/train/normal/valid_010539.png,normal
data/pcam/train/normal/valid_010541.png,normal
data/pcam/train/normal/valid_010550.png,normal
data/pcam/train/normal/valid_010552.png,normal
data/pcam/train/normal/valid_010557.png,normal
data/pcam/train/normal/valid_010560.png,normal
data/pcam/train/normal/valid_010564.png,normal
data/pcam/train/normal/valid_010565.png,normal
data/pcam/train/normal/valid_010566.png,normal
data/pcam/train/normal/valid_010567.png,normal
data/pcam/train/normal/valid_010573.png,normal
data/pcam/train/normal/valid_010576.png,normal
data/pcam/train/normal/valid_010579.png,normal
data/pcam/train/normal/valid_010580.png,normal
data/pcam/train/normal/valid_010583.png,normal
data/pcam/train/normal/valid_010587.png,normal
data/pcam/train/normal/valid_010590.png,normal
data/pcam/train/normal/valid_010610.png,normal
data/pcam/train/normal/valid_010613.png,normal
data/pcam/train/normal/valid_010623.png,normal
data/pcam/train/normal/valid_010624.png,normal
data/pcam/train/normal/valid_010625.png,normal
data/pcam/train/normal/valid_010627.png,normal
data/pcam/train/normal/valid_010640.png,normal
data/pcam/train/normal/valid_010658.png,normal
data/pcam/train/normal/valid_010669.png,normal
data/pcam/train/normal/valid_010712.png,normal
data/pcam/train/normal/valid_010736.png,normal
data/pcam/train/normal/valid_010737.png,normal
data/pcam/train/normal/valid_010814.png,normal
data/pcam/train/normal/valid_010878.png,normal
data/pcam/train/normal/valid_010899.png,normal
data/pcam/train/normal/valid_010913.png,normal
data/pcam/train/normal/valid_010923.png,normal
data/pcam/train/normal/valid_010927.png,normal
data/pcam/train/normal/valid_010930.png,normal
data/pcam/train/normal/valid_010936.png,normal
data/pcam/train/normal/valid_010937.png,normal
data/pcam/train/normal/valid_010961.png,normal
data/pcam/train/normal/valid_010965.png,normal
data/pcam/train/normal/valid_010967.png,normal
data/pcam/train/normal/valid_010971.png,normal
data/pcam/train/normal/valid_010974.png,normal
data/pcam/train/normal/valid_010981.png,normal
data/pcam/train/normal/valid_010983.png,normal
data/pcam/train/normal/valid_010984.png,normal
data/pcam/train/normal/valid_010987.png,normal
data/pcam/train/normal/valid_010995.png,normal
data/pcam/train/normal/valid_010998.png,normal
data/pcam/train/normal/valid_011003.png,normal
data/pcam/train/normal/valid_011009.png,normal
data/pcam/train/normal/valid_011020.png,normal
data/pcam/train/normal/valid_011024.png,normal
data/pcam/train/normal/valid_011038.png,normal
data/pcam/train/normal/valid_011040.png,normal
data/pcam/train/normal/valid_011042.png,normal
data/pcam/train/normal/valid_011045.png,normal
data/pcam/train/normal/valid_011048.png,normal
data/pcam/train/normal/valid_011049.png,normal
data/pcam/train/normal/valid_011050.png,normal
data/pcam/train/normal/valid_011053.png,normal
data/pcam/train/normal/valid_011057.png,normal
data/pcam/train/normal/valid_011062.png,normal
data/pcam/train/normal/valid_011069.png,normal
data/pcam/train/normal/valid_011074.png,normal
data/pcam/train/normal/valid_011076.png,normal
data/pcam/train/normal/valid_011081.png,normal
data/pcam/train/normal/valid_011082.png,normal
data/pcam/train/normal/valid_011086.png,normal
data/pcam/train/normal/valid_011088.png,normal
data/pcam/train/normal/valid_011091.png,normal
data/pcam/train/normal/valid_011093.png,normal
data/pcam/train/normal/valid_011094.png,normal
data/pcam/train/normal/valid_011095.png,normal
data/pcam/train/normal/valid_011096.png,normal
data/pcam/train/normal/valid_011098.png,normal
data/pcam/train/normal/valid_011101.png,normal
data/pcam/train/normal/valid_011103.png,normal
data/pcam/train/normal/valid_011105.png,normal
data/pcam/train/normal/valid_011107.png,normal
data/pcam/train/normal/valid_011109.png,normal
data/pcam/train/normal/valid_011111.png,normal
data/pcam/train/normal/valid_011112.png,normal
data/pcam/train/normal/valid_011115.png,normal
data/pcam/train/normal/valid_011122.png,normal
data/pcam/train/normal/valid_011126.png,normal
data/pcam/train/normal/valid_011129.png,normal
data/pcam/train/normal/valid_011131.png,normal
data/pcam/train/normal/valid_011133.png,normal
data/pcam/train/normal/valid_011135.png,normal
data/pcam/train/normal/valid_011140.png,normal
data/pcam/train/normal/valid_011142.png,normal
data/pcam/train/normal/valid_011143.png,normal
data/pcam/train/normal/valid_011144.png,normal
data/pcam/train/normal/valid_011146.png,normal
data/pcam/train/normal/valid_011147.png,normal
data/pcam/train/normal/valid_011154.png,normal
data/pcam/train/normal/valid_011159.png,normal
data/pcam/train/normal/valid_011162.png,normal
data/pcam/train/normal/valid_011163.png,normal
data/pcam/train/normal/valid_011172.png,normal
data/pcam/train/normal/valid_011174.png,normal
data/pcam/train/normal/valid_011179.png,normal
data/pcam/train/normal/valid_011183.png,normal
data/pcam/train/normal/valid_011185.png,normal
data/pcam/train/normal/valid_011187.png,normal
data/pcam/train/normal/valid_011198.png,normal
data/pcam/train/normal/valid_011200.png,normal
data/pcam/train/normal/valid_011206.png,normal
data/pcam/train/normal/valid_011208.png,normal
data/pcam/train/normal/valid_011222.png,normal
data/pcam/train/normal/valid_011223.png,normal
data/pcam/train/normal/valid_011250.png,normal
data/pcam/train/normal/valid_011251.png,normal
data/pcam/train/normal/valid_011268.png,normal
data/pcam/train/normal/valid_011292.png,normal
data/pcam/train/normal/valid_011298.png,normal
data/pcam/train/normal/valid_011349.png,normal
data/pcam/train/normal/valid_011447.png,normal
data/pcam/train/normal/valid_011462.png,normal
data/pcam/train/normal/valid_011491.png,normal
data/pcam/train/normal/valid_011541.png,normal
data/pcam/train/normal/valid_011560.png,normal
data/pcam/train/normal/valid_011570.png,normal
data/pcam/train/normal/valid_011573.png,normal
data/pcam/train/normal/valid_011575.png,normal
data/pcam/train/normal/valid_011580.png,normal
data/pcam/train/normal/valid_011581.png,normal
data/pcam/train/normal/valid_011583.png,normal
data/pcam/train/normal/valid_011587.png,normal
data/pcam/train/normal/valid_011592.png,normal
data/pcam/train/normal/valid_011601.png,normal
data/pcam/train/normal/valid_011615.png,normal
data/pcam/train/normal/valid_011617.png,normal
data/pcam/train/normal/valid_011619.png,normal
data/pcam/train/normal/valid_011625.png,normal
data/pcam/train/normal/valid_011626.png,normal
data/pcam/train/normal/valid_011628.png,normal
data/pcam/train/normal/valid_011629.png,normal
data/pcam/train/normal/valid_011635.png,normal
data/pcam/train/normal/valid_011638.png,normal
data/pcam/train/normal/valid_011640.png,normal
data/pcam/train/normal/valid_011652.png,normal
data/pcam/train/normal/valid_011654.png,normal
data/pcam/train/normal/valid_011659.png,normal
data/pcam/train/normal/valid_011661.png,normal
data/pcam/train/normal/valid_011665.png,normal
data/pcam/train/normal/valid_011670.png,normal
data/pcam/train/normal/valid_011674.png,normal
data/pcam/train/normal/valid_011676.png,normal
data/pcam/train/normal/valid_011677.png,normal
data/pcam/train/normal/valid_011679.png,normal
data/pcam/train/normal/valid_011690.png,normal
data/pcam/train/normal/valid_011695.png,normal
data/pcam/train/normal/valid_011696.png,normal
data/pcam/train/normal/valid_011698.png,normal
data/pcam/train/normal/valid_011704.png,normal
data/pcam/train/normal/valid_011707.png,normal
data/pcam/train/normal/valid_011708.png,normal
data/pcam/train/normal/valid_011716.png,normal
data/pcam/train/normal/valid_011720.png,normal
data/pcam/train/normal/valid_011723.png,normal
data/pcam/train/normal/valid_011727.png,normal
data/pcam/train/normal/valid_011734.png,normal
data/pcam/train/normal/valid_011736.png,normal
data/pcam/train/normal/valid_011742.png,normal
data/pcam/train/normal/valid_011743.png,normal
data/pcam/train/normal/valid_011750.png,normal
data/pcam/train/normal/valid_011752.png,normal
data/pcam/train/normal/valid_011753.png,normal
data/pcam/train/normal/valid_011754.png,normal
data/pcam/train/normal/valid_011757.png,normal
data/pcam/train/normal/valid_011758.png,normal
data/pcam/train/normal/valid_011763.png,normal
data/pcam/train/normal/valid_011768.png,normal
data/pcam/train/normal/valid_011775.png,normal
data/pcam/train/normal/valid_011778.png,normal
data/pcam/train/normal/valid_011780.png,normal
data/pcam/train/normal/valid_011787.png,normal
data/pcam/train/normal/valid_011789.png,normal
data/pcam/train/normal/valid_011793.png,normal
data/pcam/train/normal/valid_011812.png,normal
data/pcam/train/normal/valid_011826.png,normal
data/pcam/train/normal/valid_011850.png,normal
data/pcam/train/normal/valid_011862.png,normal
data/pcam/train/normal/valid_011865.png,normal
data/pcam/train/normal/valid_011875.png,normal
data/pcam/train/normal/valid_011879.png,normal
data/pcam/train/normal/valid_011892.png,normal
data/pcam/train/normal/valid_011923.png,normal
data/pcam/train/normal/valid_012069.png,normal
data/pcam/train/normal/valid_012080.png,normal
data/pcam/train/normal/valid_012124.png,normal
data/pcam/train/normal/valid_012125.png,normal
data/pcam/train/normal/valid_012130.png,normal
data/pcam/train/normal/valid_012156.png,normal
data/pcam/train/normal/valid_012158.png,normal
data/pcam/train/normal/valid_012160.png,normal
data/pcam/train/normal/valid_012164.png,normal
data/pcam/train/normal/valid_012173.png,normal
data/pcam/train/normal/valid_012174.png,normal
data/pcam/train/normal/valid_012177.png,normal
data/pcam/train/normal/valid_012183.png,normal
data/pcam/train/normal/valid_012186.png,normal
data/pcam/train/normal/valid_012187.png,normal
data/pcam/train/normal/valid_012188.png,normal
data/pcam/train/normal/valid_012192.png,normal
data/pcam/train/normal/valid_012194.png,normal
data/pcam/train/normal/valid_012199.png,normal
data/pcam/train/normal/valid_012205.png,normal
data/pcam/train/normal/valid_012218.png,normal
data/pcam/train/normal/valid_012228.png,normal
data/pcam/train/normal/valid_012233.png,normal
data/pcam/train/normal/valid_012245.png,normal
data/pcam/train/normal/valid_012249.png,normal
data/pcam/train/normal/valid_012260.png,normal
data/pcam/train/normal/valid_012261.png,normal
data/pcam/train/normal/valid_012268.png,normal
data/pcam/train/normal/valid_012272.png,normal
data/pcam/train/normal/valid_012279.png,normal
data/pcam/train/normal/valid_012286.png,normal
data/pcam/train/normal/valid_012289.png,normal
data/pcam/train/normal/valid_012297.png,normal
data/pcam/train/normal/valid_012304.png,normal
data/pcam/train/normal/valid_012305.png,normal
data/pcam/train/normal/valid_012307.png,normal
data/pcam/train/normal/valid_012308.png,normal
data/pcam/train/normal/valid_012311.png,normal
data/pcam/train/normal/valid_012313.png,normal
data/pcam/train/normal/valid_012315.png,normal
data/pcam/train/normal/valid_012318.png,normal
data/pcam/train/normal/valid_012321.png,normal
data/pcam/train/normal/valid_012322.png,normal
data/pcam/train/normal/valid_012324.png,normal
data/pcam/train/normal/valid_012326.png,normal
data/pcam/train/normal/valid_012332.png,normal
data/pcam/train/normal/valid_012334.png,normal
data/pcam/train/normal/valid_012339.png,normal
data/pcam/train/normal/valid_012340.png,normal
data/pcam/train/normal/valid_012344.png,normal
data/pcam/train/normal/valid_012353.png,normal
data/pcam/train/normal/valid_012354.png,normal
data/pcam/train/normal/valid_012355.png,normal
data/pcam/train/normal/valid_012357.png,normal
data/pcam/train/normal/valid_012358.png,normal
data/pcam/train/normal/valid_012362.png,normal
data/pcam/train/normal/valid_012364.png,normal
data/pcam/train/normal/valid_012365.png,normal
data/pcam/train/normal/valid_012367.png,normal
data/pcam/train/normal/valid_012370.png,normal
data/pcam/train/normal/valid_012374.png,normal
data/pcam/train/normal/valid_012375.png,normal
data/pcam/train/normal/valid_012377.png,normal
data/pcam/train/normal/valid_012395.png,normal
data/pcam/train/normal/valid_012396.png,normal
data/pcam/train/normal/valid_012398.png,normal
data/pcam/train/normal/valid_012404.png,normal
data/pcam/train/normal/valid_012405.png,normal
data/pcam/train/normal/valid_012419.png,normal
data/pcam/train/normal/valid_012420.png,normal
data/pcam/train/normal/valid_012429.png,normal
data/pcam/train/normal/valid_012433.png,normal
data/pcam/train/normal/valid_012438.png,normal
data/pcam/train/normal/valid_012440.png,normal
data/pcam/train/normal/valid_012444.png,normal
data/pcam/train/normal/valid_012461.png,normal
data/pcam/train/normal/valid_012471.png,normal
data/pcam/train/normal/valid_012509.png,normal
data/pcam/train/normal/valid_012510.png,normal
data/pcam/train/normal/valid_012564.png,normal
data/pcam/train/normal/valid_012571.png,normal
data/pcam/train/normal/valid_012574.png,normal
data/pcam/train/normal/valid_012578.png,normal
data/pcam/train/normal/valid_012587.png,normal
data/pcam/train/normal/valid_012594.png,normal
data/pcam/train/normal/valid_012618.png,normal
data/pcam/train/normal/valid_012712.png,normal
data/pcam/train/normal/valid_012745.png,normal
data/pcam/train/normal/valid_012812.png,normal
data/pcam/train/normal/valid_012813.png,normal
data/pcam/train/normal/valid_012817.png,normal
data/pcam/train/normal/valid_012822.png,normal
data/pcam/train/normal/valid_012828.png,normal
data/pcam/train/normal/valid_012829.png,normal
data/pcam/train/normal/valid_012831.png,normal
data/pcam/train/normal/valid_012834.png,normal
data/pcam/train/normal/valid_012835.png,normal
data/pcam/train/normal/valid_012837.png,normal
data/pcam/train/normal/valid_012841.png,normal
data/pcam/train/normal/valid_012844.png,normal
data/pcam/train/normal/valid_012845.png,normal
data/pcam/train/normal/valid_012846.png,normal
data/pcam/train/normal/valid_012858.png,normal
data/pcam/train/normal/valid_012859.png,normal
data/pcam/train/normal/valid_012860.png,normal
data/pcam/train/normal/valid_012865.png,normal
data/pcam/train/normal/valid_012867.png,normal
data/pcam/train/normal/valid_012868.png,normal
data/pcam/train/normal/valid_012869.png,normal
data/pcam/train/normal/valid_012870.png,normal
data/pcam/train/normal/valid_012872.png,normal
data/pcam/train/normal/valid_012875.png,normal
data/pcam/train/normal/valid_012885.png,normal
data/pcam/train/normal/valid_012887.png,normal
data/pcam/train/normal/valid_012893.png,normal
data/pcam/train/normal/valid_012894.png,normal
data/pcam/train/normal/valid_012896.png,normal
data/pcam/train/normal/valid_012901.png,normal
data/pcam/train/normal/valid_012905.png,normal
data/pcam/train/normal/valid_012914.png,normal
data/pcam/train/normal/valid_012915.png,normal
data/pcam/train/normal/valid_012920.png,normal
data/pcam/train/normal/valid_012924.png,normal
data/pcam/train/normal/valid_012931.png,normal
data/pcam/train/normal/valid_012936.png,normal
data/pcam/train/normal/valid_012938.png,normal
data/pcam/train/normal/valid_012943.png,normal
data/pcam/train/normal/valid_012948.png,normal
data/pcam/train/normal/valid_012952.png,normal
data/pcam/train/normal/valid_012955.png,normal
data/pcam/train/normal/valid_012960.png,normal
data/pcam/train/normal/valid_012961.png,normal
data/pcam/train/normal/valid_012966.png,normal
data/pcam/train/normal/valid_012967.png,normal
data/pcam/train/normal/valid_012968.png,normal
data/pcam/train/normal/valid_012976.png,normal
data/pcam/train/normal/valid_012981.png,normal
data/pcam/train/normal/valid_012983.png,normal
data/pcam/train/normal/valid_012986.png,normal
data/pcam/train/normal/valid_012988.png,normal
data/pcam/train/normal/valid_012991.png,normal
data/pcam/train/normal/valid_012994.png,normal
data/pcam/train/normal/valid_012996.png,normal
data/pcam/train/normal/valid_012999.png,normal
data/pcam/train/normal/valid_013000.png,normal
data/pcam/train/normal/valid_013005.png,normal
data/pcam/train/normal/valid_013008.png,normal
data/pcam/train/normal/valid_013013.png,normal
data/pcam/train/normal/valid_013016.png,normal
data/pcam/train/normal/valid_013017.png,normal
data/pcam/train/normal/valid_013024.png,normal
data/pcam/train/normal/valid_013026.png,normal
data/pcam/train/normal/valid_013029.png,normal
data/pcam/train/normal/valid_013030.png,normal
data/pcam/train/normal/valid_013031.png,normal
data/pcam/train/normal/valid_013037.png,normal
data/pcam/train/normal/valid_013039.png,normal
data/pcam/train/normal/valid_013046.png,normal
data/pcam/train/normal/valid_013051.png,normal
data/pcam/train/normal/valid_013059.png,normal
data/pcam/train/normal/valid_013069.png,normal
data/pcam/train/normal/valid_013082.png,normal
data/pcam/train/normal/valid_013089.png,normal
data/pcam/train/normal/valid_013090.png,normal
data/pcam/train/normal/valid_013096.png,normal
data/pcam/train/normal/valid_013102.png,normal
data/pcam/train/normal/valid_013118.png,normal
data/pcam/train/normal/valid_013273.png,normal
data/pcam/train/normal/valid_013298.png,normal
data/pcam/train/normal/valid_013319.png,normal
data/pcam/train/normal/valid_013325.png,normal
data/pcam/train/normal/valid_013365.png,normal
data/pcam/train/normal/valid_013366.png,normal
data/pcam/train/normal/valid_013372.png,normal
data/pcam/train/normal/valid_013378.png,normal
data/pcam/train/normal/valid_013382.png,normal
data/pcam/train/normal/valid_013384.png,normal
data/pcam/train/normal/valid_013388.png,normal
data/pcam/train/normal/valid_013392.png,normal
data/pcam/train/normal/valid_013393.png,normal
data/pcam/train/normal/valid_013412.png,normal
data/pcam/train/normal/valid_013414.png,normal
data/pcam/train/normal/valid_013415.png,normal
data/pcam/train/normal/valid_013416.png,normal
data/pcam/train/normal/valid_013420.png,normal
data/pcam/train/normal/valid_013423.png,normal
data/pcam/train/normal/valid_013427.png,normal
data/pcam/train/normal/valid_013429.png,normal
data/pcam/train/normal/valid_013431.png,normal
data/pcam/train/normal/valid_013432.png,normal
data/pcam/train/normal/valid_013433.png,normal
data/pcam/train/normal/valid_013435.png,normal
data/pcam/train/normal/valid_013439.png,normal
data/pcam/train/normal/valid_013440.png,normal
data/pcam/train/normal/valid_013445.png,normal
data/pcam/train/normal/valid_013452.png,normal
data/pcam/train/normal/valid_013457.png,normal
data/pcam/train/normal/valid_013458.png,normal
data/pcam/train/normal/valid_013460.png,normal
data/pcam/train/normal/valid_013462.png,normal
data/pcam/train/normal/valid_013465.png,normal
data/pcam/train/normal/valid_013469.png,normal
data/pcam/train/normal/valid_013471.png,normal
data/pcam/train/normal/valid_013485.png,normal
data/pcam/train/normal/valid_013486.png,normal
data/pcam/train/normal/valid_013489.png,normal
data/pcam/train/normal/valid_013490.png,normal
data/pcam/train/normal/valid_013491.png,normal
data/pcam/train/normal/valid_013493.png,normal
data/pcam/train/normal/valid_013501.png,normal
data/pcam/train/normal/valid_013516.png,normal
data/pcam/train/normal/valid_013517.png,normal
data/pcam/train/normal/valid_013520.png,normal
data/pcam/train/normal/valid_013521.png,normal
data/pcam/train/normal/valid_013526.png,normal
data/pcam/train/normal/valid_013528.png,normal
data/pcam/train/normal/valid_013529.png,normal
data/pcam/train/normal/valid_013531.png,normal
data/pcam/train/normal/valid_013533.png,normal
data/pcam/train/normal/valid_013541.png,normal
data/pcam/train/normal/valid_013544.png,normal
data/pcam/train/normal/valid_013548.png,normal
data/pcam/train/normal/valid_013554.png,normal
data/pcam/train/normal/valid_013558.png,normal
data/pcam/train/normal/valid_013561.png,normal
data/pcam/train/normal/valid_013562.png,normal
data/pcam/train/normal/valid_013564.png,normal
data/pcam/train/normal/valid_013581.png,normal
data/pcam/train/normal/valid_013583.png,normal
data/pcam/train/normal/valid_013589.png,normal
data/pcam/train/normal/valid_013599.png,normal
data/pcam/train/normal/valid_013617.png,normal
data/pcam/train/normal/valid_013618.png,normal
data/pcam/train/normal/valid_013624.png,normal
data/pcam/train/normal/valid_013635.png,normal
data/pcam/train/normal/valid_013645.png,normal
data/pcam/train/normal/valid_013658.png,normal
data/pcam/train/normal/valid_013659.png,normal
data/pcam/train/normal/valid_013663.png,normal
data/pcam/train/normal/valid_013666.png,normal
data/pcam/train/normal/valid_013677.png,normal
data/pcam/train/normal/valid_013697.png,normal
data/pcam/train/normal/valid_013699.png,normal
data/pcam/train/normal/valid_013738.png,normal
data/pcam/train/normal/valid_013861.png,normal
data/pcam/train/normal/valid_013878.png,normal
data/pcam/train/normal/valid_013895.png,normal
data/pcam/train/normal/valid_013903.png,normal
data/pcam/train/normal/valid_013908.png,normal
data/pcam/train/normal/valid_013916.png,normal
data/pcam/train/normal/valid_013944.png,normal
data/pcam/train/normal/valid_013948.png,normal
data/pcam/train/normal/valid_013952.png,normal
data/pcam/train/normal/valid_013955.png,normal
data/pcam/train/normal/valid_013956.png,normal
data/pcam/train/normal/valid_013960.png,normal
data/pcam/train/normal/valid_013962.png,normal
data/pcam/train/normal/valid_013963.png,normal
data/pcam/train/normal/valid_013973.png,normal
data/pcam/train/normal/valid_013978.png,normal
data/pcam/train/normal/valid_013991.png,normal
data/pcam/train/normal/valid_013994.png,normal
data/pcam/train/normal/valid_013995.png,normal
data/pcam/train/normal/valid_014003.png,normal
data/pcam/train/normal/valid_014004.png,normal
data/pcam/train/normal/valid_014005.png,normal
data/pcam/train/normal/valid_014007.png,normal
data/pcam/train/normal/valid_014008.png,normal
data/pcam/train/normal/valid_014009.png,normal
data/pcam/train/normal/valid_014011.png,normal
data/pcam/train/normal/valid_014015.png,normal
data/pcam/train/normal/valid_014020.png,normal
data/pcam/train/normal/valid_014029.png,normal
data/pcam/train/normal/valid_014033.png,normal
data/pcam/train/normal/valid_014035.png,normal
data/pcam/train/normal/valid_014036.png,normal
data/pcam/train/normal/valid_014039.png,normal
data/pcam/train/normal/valid_014041.png,normal
data/pcam/train/normal/valid_014047.png,normal
data/pcam/train/normal/valid_014050.png,normal
data/pcam/train/normal/valid_014052.png,normal
data/pcam/train/normal/valid_014053.png,normal
data/pcam/train/normal/valid_014056.png,normal
data/pcam/train/normal/valid_014057.png,normal
data/pcam/train/normal/valid_014063.png,normal
data/pcam/train/normal/valid_014069.png,normal
data/pcam/train/normal/valid_014078.png,normal
data/pcam/train/normal/valid_014080.png,normal
data/pcam/train/normal/valid_014086.png,normal
data/pcam/train/normal/valid_014087.png,normal
data/pcam/train/normal/valid_014089.png,normal
data/pcam/train/normal/valid_014090.png,normal
data/pcam/train/normal/valid_014091.png,normal
data/pcam/train/normal/valid_014094.png,normal
data/pcam/train/normal/valid_014100.png,normal
data/pcam/train/normal/valid_014102.png,normal
data/pcam/train/normal/valid_014113.png,normal
data/pcam/train/normal/valid_014115.png,normal
data/pcam/train/normal/valid_014118.png,normal
data/pcam/train/normal/valid_014119.png,normal
data/pcam/train/normal/valid_014132.png,normal
data/pcam/train/normal/valid_014139.png,normal
data/pcam/train/normal/valid_014142.png,normal
data/pcam/train/normal/valid_014143.png,normal
data/pcam/train/normal/valid_014145.png,normal
data/pcam/train/normal/valid_014148.png,normal
data/pcam/train/normal/valid_014151.png,normal
data/pcam/train/normal/valid_014155.png,normal
data/pcam/train/normal/valid_014157.png,normal
data/pcam/train/normal/valid_014159.png,normal
data/pcam/train/normal/valid_014168.png,normal
data/pcam/train/normal/valid_014171.png,normal
data/pcam/train/normal/valid_014172.png,normal
data/pcam/train/normal/valid_014188.png,normal
data/pcam/train/normal/valid_014191.png,normal
data/pcam/train/normal/valid_014200.png,normal
data/pcam/train/normal/valid_014202.png,normal
data/pcam/train/normal/valid_014203.png,normal
data/pcam/train/normal/valid_014212.png,normal
data/pcam/train/normal/valid_014218.png,normal
data/pcam/train/normal/valid_014221.png,normal
data/pcam/train/normal/valid_014237.png,normal
data/pcam/train/normal/valid_014239.png,normal
data/pcam/train/normal/valid_014242.png,normal
data/pcam/train/normal/valid_014247.png,normal
data/pcam/train/normal/valid_014248.png,normal
data/pcam/train/normal/valid_014266.png,normal
data/pcam/train/normal/valid_014275.png,normal
data/pcam/train/normal/valid_014277.png,normal
data/pcam/train/normal/valid_014283.png,normal
data/pcam/train/normal/valid_014286.png,normal
data/pcam/train/normal/valid_014509.png,normal
data/pcam/train/normal/valid_014593.png,normal
data/pcam/train/normal/valid_014606.png,normal
data/pcam/train/normal/valid_014609.png,normal
data/pcam/train/normal/valid_014610.png,normal
data/pcam/train/normal/valid_014625.png,normal
data/pcam/train/normal/valid_014626.png,normal
data/pcam/train/normal/valid_014636.png,normal
data/pcam/train/normal/valid_014651.png,normal
data/pcam/train/normal/valid_014653.png,normal
data/pcam/train/normal/valid_014660.png,normal
data/pcam/train/normal/valid_014661.png,normal
data/pcam/train/normal/valid_014664.png,normal
data/pcam/train/normal/valid_014674.png,normal
data/pcam/train/normal/valid_014675.png,normal
data/pcam/train/normal/valid_014682.png,normal
data/pcam/train/normal/valid_014690.png,normal
data/pcam/train/normal/valid_014692.png,normal
data/pcam/train/normal/valid_014704.png,normal
data/pcam/train/normal/valid_014712.png,normal
data/pcam/train/normal/valid_014715.png,normal
data/pcam/train/normal/valid_014718.png,normal
data/pcam/train/normal/valid_014720.png,normal
data/pcam/train/normal/valid_014721.png,normal
data/pcam/train/normal/valid_014724.png,normal
data/pcam/train/normal/valid_014725.png,normal
data/pcam/train/normal/valid_014726.png,normal
data/pcam/train/normal/valid_014727.png,normal
data/pcam/train/normal/valid_014729.png,normal
data/pcam/train/normal/valid_014731.png,normal
data/pcam/train/normal/valid_014736.png,normal
data/pcam/train/normal/valid_014739.png,normal
data/pcam/train/normal/valid_014741.png,normal
data/pcam/train/normal/valid_014742.png,normal
data/pcam/train/normal/valid_014747.png,normal
data/pcam/train/normal/valid_014750.png,normal
data/pcam/train/normal/valid_014764.png,normal
data/pcam/train/normal/valid_014767.png,normal
data/pcam/train/normal/valid_014768.png,normal
data/pcam/train/normal/valid_014769.png,normal
data/pcam/train/normal/valid_014770.png,normal
data/pcam/train/normal/valid_014779.png,normal
data/pcam/train/normal/valid_014780.png,normal
data/pcam/train/normal/valid_014793.png,normal
data/pcam/train/normal/valid_014800.png,normal
data/pcam/train/normal/valid_014801.png,normal
data/pcam/train/normal/valid_014811.png,normal
data/pcam/train/normal/valid_014813.png,normal
data/pcam/train/normal/valid_014814.png,normal
data/pcam/train/normal/valid_014824.png,normal
data/pcam/train/normal/valid_014827.png,normal
data/pcam/train/normal/valid_014828.png,normal
data/pcam/train/normal/valid_014835.png,normal
data/pcam/train/normal/valid_014836.png,normal
data/pcam/train/normal/valid_014841.png,normal
data/pcam/train/normal/valid_014842.png,normal
data/pcam/train/normal/valid_014843.png,normal
data/pcam/train/normal/valid_014845.png,normal
data/pcam/train/normal/valid_014852.png,normal
data/pcam/train/normal/valid_014866.png,normal
data/pcam/train/normal/valid_014870.png,normal
data/pcam/train/normal/valid_014874.png,normal
data/pcam/train/normal/valid_014893.png,normal
data/pcam/train/normal/valid_014895.png,normal
data/pcam/train/normal/valid_014904.png,normal
data/pcam/train/normal/valid_014905.png,normal
data/pcam/train/normal/valid_014906.png,normal
data/pcam/train/normal/valid_014911.png,normal
data/pcam/train/normal/valid_014912.png,normal
data/pcam/train/normal/valid_014916.png,normal
data/pcam/train/normal/valid_014921.png,normal
data/pcam/train/normal/valid_014930.png,normal
data/pcam/train/normal/valid_014949.png,normal
data/pcam/train/normal/valid_014953.png,normal
data/pcam/train/normal/valid_014957.png,normal
data/pcam/train/normal/valid_014960.png,normal
data/pcam/train/normal/valid_014970.png,normal
data/pcam/train/normal/valid_015000.png,normal
data/pcam/train/normal/valid_015012.png,normal
data/pcam/train/normal/valid_015019.png,normal
data/pcam/train/normal/valid_015023.png,normal
data/pcam/train/normal/valid_015056.png,normal
data/pcam/train/normal/valid_015058.png,normal
data/pcam/train/normal/valid_015067.png,normal
data/pcam/train/normal/valid_015072.png,normal
data/pcam/train/normal/valid_015097.png,normal
data/pcam/train/normal/valid_015104.png,normal
data/pcam/train/normal/valid_015149.png,normal
data/pcam/train/normal/valid_015219.png,normal
data/pcam/train/normal/valid_015244.png,normal
data/pcam/train/normal/valid_015276.png,normal
data/pcam/train/normal/valid_015277.png,normal
data/pcam/train/normal/valid_015279.png,normal
data/pcam/train/normal/valid_015291.png,normal
data/pcam/train/normal/valid_015317.png,normal
data/pcam/train/normal/valid_015320.png,normal
data/pcam/train/normal/valid_015329.png,normal
data/pcam/train/normal/valid_015331.png,normal
data/pcam/train/normal/valid_015335.png,normal
data/pcam/train/normal/valid_015348.png,normal
data/pcam/train/normal/valid_015359.png,normal
data/pcam/train/normal/valid_015362.png,normal
data/pcam/train/normal/valid_015375.png,normal
data/pcam/train/normal/valid_015379.png,normal
data/pcam/train/normal/valid_015388.png,normal
data/pcam/train/normal/valid_015390.png,normal
data/pcam/train/normal/valid_015391.png,normal
data/pcam/train/normal/valid_015395.png,normal
data/pcam/train/normal/valid_015399.png,normal
data/pcam/train/normal/valid_015414.png,normal
data/pcam/train/normal/valid_015417.png,normal
data/pcam/train/normal/valid_015418.png,normal
data/pcam/train/normal/valid_015419.png,normal
data/pcam/train/normal/valid_015420.png,normal
data/pcam/train/normal/valid_015424.png,normal
data/pcam/train/normal/valid_015430.png,normal
data/pcam/train/normal/valid_015437.png,normal
data/pcam/train/normal/valid_015442.png,normal
data/pcam/train/normal/valid_015443.png,normal
data/pcam/train/normal/valid_015448.png,normal
data/pcam/train/normal/valid_015452.png,normal
data/pcam/train/normal/valid_015463.png,normal
data/pcam/train/normal/valid_015464.png,normal
data/pcam/train/normal/valid_015465.png,normal
data/pcam/train/normal/valid_015468.png,normal
data/pcam/train/normal/valid_015469.png,normal
data/pcam/train/normal/valid_015472.png,normal
data/pcam/train/normal/valid_015473.png,normal
data/pcam/train/normal/valid_015479.png,normal
data/pcam/train/normal/valid_015485.png,normal
data/pcam/train/normal/valid_015490.png,normal
data/pcam/train/normal/valid_015491.png,normal
data/pcam/train/normal/valid_015495.png,normal
data/pcam/train/normal/valid_015501.png,normal
data/pcam/train/normal/valid_015509.png,normal
data/pcam/train/normal/valid_015522.png,normal
data/pcam/train/normal/valid_015530.png,normal
data/pcam/train/normal/valid_015531.png,normal
data/pcam/train/normal/valid_015532.png,normal
data/pcam/train/normal/valid_015535.png,normal
data/pcam/train/normal/valid_015537.png,normal
data/pcam/train/normal/valid_015538.png,normal
data/pcam/train/normal/valid_015540.png,normal
data/pcam/train/normal/valid_015543.png,normal
data/pcam/train/normal/valid_015544.png,normal
data/pcam/train/normal/valid_015546.png,normal
data/pcam/train/normal/valid_015547.png,normal
data/pcam/train/normal/valid_015548.png,normal
data/pcam/train/normal/valid_015559.png,normal
data/pcam/train/normal/valid_015561.png,normal
data/pcam/train/normal/valid_015564.png,normal
data/pcam/train/normal/valid_015575.png,normal
data/pcam/train/normal/valid_015578.png,normal
data/pcam/train/normal/valid_015579.png,normal
data/pcam/train/normal/valid_015584.png,normal
data/pcam/train/normal/valid_015592.png,normal
data/pcam/train/normal/valid_015593.png,normal
data/pcam/train/normal/valid_015597.png,normal
data/pcam/train/normal/valid_015607.png,normal
data/pcam/train/normal/valid_015623.png,normal
data/pcam/train/normal/valid_015631.png,normal
data/pcam/train/normal/valid_015635.png,normal
data/pcam/train/normal/valid_015654.png,normal
data/pcam/train/normal/valid_015659.png,normal
data/pcam/train/normal/valid_015675.png,normal
data/pcam/train/normal/valid_015692.png,normal
data/pcam/train/normal/valid_015693.png,normal
data/pcam/train/normal/valid_015701.png,normal
data/pcam/train/normal/valid_015805.png,normal
data/pcam/train/normal/valid_015827.png,normal
data/pcam/train/normal/valid_015874.png,normal
data/pcam/train/normal/valid_015877.png,normal
data/pcam/train/normal/valid_015946.png,normal
data/pcam/train/normal/valid_015961.png,normal
data/pcam/train/normal/valid_015966.png,normal
data/pcam/train/normal/valid_015975.png,normal
data/pcam/train/normal/valid_015976.png,normal
data/pcam/train/normal/valid_015989.png,normal
data/pcam/train/normal/valid_015991.png,normal
data/pcam/train/normal/valid_015996.png,normal
data/pcam/train/normal/valid_015999.png,normal
data/pcam/train/normal/valid_016005.png,normal
data/pcam/train/normal/valid_016006.png,normal
data/pcam/train/normal/valid_016009.png,normal
data/pcam/train/normal/valid_016017.png,normal
data/pcam/train/normal/valid_016020.png,normal
data/pcam/train/normal/valid_016021.png,normal
data/pcam/train/normal/valid_016022.png,normal
data/pcam/train/normal/valid_016024.png,normal
data/pcam/train/normal/valid_016025.png,normal
data/pcam/train/normal/valid_016032.png,normal
data/pcam/train/normal/valid_016035.png,normal
data/pcam/train/normal/valid_016036.png,normal
data/pcam/train/normal/valid_016037.png,normal
data/pcam/train/normal/valid_016044.png,normal
data/pcam/train/normal/valid_016047.png,normal
data/pcam/train/normal/valid_016055.png,normal
data/pcam/train/normal/valid_016060.png,normal
data/pcam/train/normal/valid_016063.png,normal
data/pcam/train/normal/valid_016067.png,normal
data/pcam/train/normal/valid_016068.png,normal
data/pcam/train/normal/valid_016071.png,normal
data/pcam/train/normal/valid_016074.png,normal
data/pcam/train/normal/valid_016076.png,normal
data/pcam/train/normal/valid_016077.png,normal
data/pcam/train/normal/valid_016084.png,normal
data/pcam/train/normal/valid_016094.png,normal
data/pcam/train/normal/valid_016095.png,normal
data/pcam/train/normal/valid_016096.png,normal
data/pcam/train/normal/valid_016098.png,normal
data/pcam/train/normal/valid_016100.png,normal
data/pcam/train/normal/valid_016101.png,normal
data/pcam/train/normal/valid_016102.png,normal
data/pcam/train/normal/valid_016107.png,normal
data/pcam/train/normal/valid_016110.png,normal
data/pcam/train/normal/valid_016111.png,normal
data/pcam/train/normal/valid_016114.png,normal
data/pcam/train/normal/valid_016115.png,normal
data/pcam/train/normal/valid_016118.png,normal
data/pcam/train/normal/valid_016122.png,normal
data/pcam/train/normal/valid_016123.png,normal
data/pcam/train/normal/valid_016127.png,normal
data/pcam/train/normal/valid_016130.png,normal
data/pcam/train/normal/valid_016136.png,normal
data/pcam/train/normal/valid_016137.png,normal
data/pcam/train/normal/valid_016138.png,normal
data/pcam/train/normal/valid_016140.png,normal
data/pcam/train/normal/valid_016141.png,normal
data/pcam/train/normal/valid_016146.png,normal
data/pcam/train/normal/valid_016149.png,normal
data/pcam/train/normal/valid_016150.png,normal
data/pcam/train/normal/valid_016152.png,normal
data/pcam/train/normal/valid_016154.png,normal
data/pcam/train/normal/valid_016158.png,normal
data/pcam/train/normal/valid_016163.png,normal
data/pcam/train/normal/valid_016164.png,normal
data/pcam/train/normal/valid_016165.png,normal
data/pcam/train/normal/valid_016172.png,normal
data/pcam/train/normal/valid_016178.png,normal
data/pcam/train/normal/valid_016185.png,normal
data/pcam/train/normal/valid_016193.png,normal
data/pcam/train/normal/valid_016197.png,normal
data/pcam/train/normal/valid_016201.png,normal
data/pcam/train/normal/valid_016209.png,normal
data/pcam/train/normal/valid_016215.png,normal
data/pcam/train/normal/valid_016216.png,normal
data/pcam/train/normal/valid_016226.png,normal
data/pcam/train/normal/valid_016232.png,normal
data/pcam/train/normal/valid_016239.png,normal
data/pcam/train/normal/valid_016278.png,normal
data/pcam/train/normal/valid_016351.png,normal
data/pcam/train/normal/valid_016386.png,normal
data/pcam/train/normal/valid_016617.png,normal
data/pcam/train/normal/valid_016625.png,normal
data/pcam/train/normal/valid_016651.png,normal
data/pcam/train/normal/valid_016652.png,normal
data/pcam/train/normal/valid_016654.png,normal
data/pcam/train/normal/valid_016658.png,normal
data/pcam/train/normal/valid_016663.png,normal
data/pcam/train/normal/valid_016664.png,normal
data/pcam/train/normal/valid_016668.png,normal
data/pcam/train/normal/valid_016669.png,normal
data/pcam/train/normal/valid_016674.png,normal
data/pcam/train/normal/valid_016676.png,normal
data/pcam/train/normal/valid_016679.png,normal
data/pcam/train/normal/valid_016681.png,normal
data/pcam/train/normal/valid_016683.png,normal
data/pcam/train/normal/valid_016687.png,normal
data/pcam/train/normal/valid_016700.png,normal
data/pcam/train/normal/valid_016704.png,normal
data/pcam/train/normal/valid_016709.png,normal
data/pcam/train/normal/valid_016716.png,normal
data/pcam/train/normal/valid_016721.png,normal
data/pcam/train/normal/valid_016725.png,normal
data/pcam/train/normal/valid_016728.png,normal
data/pcam/train/normal/valid_016729.png,normal
data/pcam/train/normal/valid_016730.png,normal
data/pcam/train/normal/valid_016733.png,normal
data/pcam/train/normal/valid_016734.png,normal
data/pcam/train/normal/valid_016739.png,normal
data/pcam/train/normal/valid_016741.png,normal
data/pcam/train/normal/valid_016744.png,normal
data/pcam/train/normal/valid_016746.png,normal
data/pcam/train/normal/valid_016751.png,normal
data/pcam/train/normal/valid_016752.png,normal
data/pcam/train/normal/valid_016753.png,normal
data/pcam/train/normal/valid_016754.png,normal
data/pcam/train/normal/valid_016755.png,normal
data/pcam/train/normal/valid_016759.png,normal
data/pcam/train/normal/valid_016765.png,normal
data/pcam/train/normal/valid_016767.png,normal
data/pcam/train/normal/valid_016769.png,normal
data/pcam/train/normal/valid_016778.png,normal
data/pcam/train/normal/valid_016783.png,normal
data/pcam/train/normal/valid_016794.png,normal
data/pcam/train/normal/valid_016796.png,normal
data/pcam/train/normal/valid_016804.png,normal
data/pcam/train/normal/valid_016810.png,normal
data/pcam/train/normal/valid_016816.png,normal
data/pcam/train/normal/valid_016817.png,normal
data/pcam/train/normal/valid_016819.png,normal
data/pcam/train/normal/valid_016825.png,normal
data/pcam/train/normal/valid_016829.png,normal
data/pcam/train/normal/valid_016834.png,normal
data/pcam/train/normal/valid_016835.png,normal
data/pcam/train/normal/valid_016846.png,normal
data/pcam/train/normal/valid_016847.png,normal
data/pcam/train/normal/valid_016848.png,normal
data/pcam/train/normal/valid_016851.png,normal
data/pcam/train/normal/valid_016852.png,normal
data/pcam/train/normal/valid_016853.png,normal
data/pcam/train/normal/valid_016855.png,normal
data/pcam/train/normal/valid_016859.png,normal
data/pcam/train/normal/valid_016861.png,normal
data/pcam/train/normal/valid_016863.png,normal
data/pcam/train/normal/valid_016867.png,normal
data/pcam/train/normal/valid_016868.png,normal
data/pcam/train/normal/valid_016869.png,normal
data/pcam/train/normal/valid_016873.png,normal
data/pcam/train/normal/valid_016875.png,normal
data/pcam/train/normal/valid_016881.png,normal
data/pcam/train/normal/valid_016883.png,normal
data/pcam/train/normal/valid_016885.png,normal
data/pcam/train/normal/valid_016886.png,normal
data/pcam/train/normal/valid_016888.png,normal
data/pcam/train/normal/valid_016900.png,normal
data/pcam/train/normal/valid_016902.png,normal
data/pcam/train/normal/valid_016907.png,normal
data/pcam/train/normal/valid_016910.png,normal
data/pcam/train/normal/valid_016912.png,normal
data/pcam/train/normal/valid_016920.png,normal
data/pcam/train/normal/valid_016921.png,normal
data/pcam/train/normal/valid_016932.png,normal
data/pcam/train/normal/valid_016957.png,normal
data/pcam/train/normal/valid_016991.png,normal
data/pcam/train/normal/valid_016996.png,normal
data/pcam/train/normal/valid_017041.png,normal
data/pcam/train/normal/valid_017074.png,normal
data/pcam/train/normal/valid_017077.png,normal
data/pcam/train/normal/valid_017118.png,normal
data/pcam/train/normal/valid_017173.png,normal
data/pcam/train/normal/valid_017192.png,normal
data/pcam/train/normal/valid_017194.png,normal
data/pcam/train/normal/valid_017207.png,normal
data/pcam/train/normal/valid_017208.png,normal
data/pcam/train/normal/valid_017211.png,normal
data/pcam/train/normal/valid_017232.png,normal
data/pcam/train/normal/valid_017236.png,normal
data/pcam/train/normal/valid_017246.png,normal
data/pcam/train/normal/valid_017268.png,normal
data/pcam/train/normal/valid_017274.png,normal
data/pcam/train/normal/valid_017277.png,normal
data/pcam/train/normal/valid_017281.png,normal
data/pcam/train/normal/valid_017292.png,normal
data/pcam/train/normal/valid_017298.png,normal
data/pcam/train/normal/valid_017300.png,normal
data/pcam/train/normal/valid_017301.png,normal
data/pcam/train/normal/valid_017302.png,normal
data/pcam/train/normal/valid_017303.png,normal
data/pcam/train/normal/valid_017305.png,normal
data/pcam/train/normal/valid_017308.png,normal
data/pcam/train/normal/valid_017309.png,normal
data/pcam/train/normal/valid_017310.png,normal
data/pcam/train/normal/valid_017313.png,normal
data/pcam/train/normal/valid_017316.png,normal
data/pcam/train/normal/valid_017321.png,normal
data/pcam/train/normal/valid_017325.png,normal
data/pcam/train/normal/valid_017326.png,normal
data/pcam/train/normal/valid_017337.png,normal
data/pcam/train/normal/valid_017340.png,normal
data/pcam/train/normal/valid_017344.png,normal
data/pcam/train/normal/valid_017358.png,normal
data/pcam/train/normal/valid_017360.png,normal
data/pcam/train/normal/valid_017361.png,normal
data/pcam/train/normal/valid_017362.png,normal
data/pcam/train/normal/valid_017364.png,normal
data/pcam/train/normal/valid_017369.png,normal
data/pcam/train/normal/valid_017372.png,normal
data/pcam/train/normal/valid_017373.png,normal
data/pcam/train/normal/valid_017380.png,normal
data/pcam/train/normal/valid_017383.png,normal
data/pcam/train/normal/valid_017384.png,normal
data/pcam/train/normal/valid_017385.png,normal
data/pcam/train/normal/valid_017393.png,normal
data/pcam/train/normal/valid_017394.png,normal
data/pcam/train/normal/valid_017395.png,normal
data/pcam/train/normal/valid_017400.png,normal
data/pcam/train/normal/valid_017402.png,normal
data/pcam/train/normal/valid_017404.png,normal
data/pcam/train/normal/valid_017407.png,normal
data/pcam/train/normal/valid_017409.png,normal
data/pcam/train/normal/valid_017410.png,normal
data/pcam/train/normal/valid_017412.png,normal
data/pcam/train/normal/valid_017415.png,normal
data/pcam/train/normal/valid_017419.png,normal
data/pcam/train/normal/valid_017424.png,normal
data/pcam/train/normal/valid_017426.png,normal
data/pcam/train/normal/valid_017429.png,normal
data/pcam/train/normal/valid_017431.png,normal
data/pcam/train/normal/valid_017434.png,normal
data/pcam/train/normal/valid_017436.png,normal
data/pcam/train/normal/valid_017437.png,normal
data/pcam/train/normal/valid_017438.png,normal
data/pcam/train/normal/valid_017439.png,normal
data/pcam/train/normal/valid_017440.png,normal
data/pcam/train/normal/valid_017444.png,normal
data/pcam/train/normal/valid_017445.png,normal
data/pcam/train/normal/valid_017448.png,normal
data/pcam/train/normal/valid_017451.png,normal
data/pcam/train/normal/valid_017456.png,normal
data/pcam/train/normal/valid_017463.png,normal
data/pcam/train/normal/valid_017464.png,normal
data/pcam/train/normal/valid_017469.png,normal
data/pcam/train/normal/valid_017485.png,normal
data/pcam/train/normal/valid_017502.png,normal
data/pcam/train/normal/valid_017514.png,normal
data/pcam/train/normal/valid_017523.png,normal
data/pcam/train/normal/valid_017532.png,normal
data/pcam/train/normal/valid_017539.png,normal
data/pcam/train/normal/valid_017540.png,normal
data/pcam/train/normal/valid_017608.png,normal
data/pcam/train/normal/valid_017610.png,normal
data/pcam/train/normal/valid_017783.png,normal
data/pcam/train/normal/valid_017817.png,normal
data/pcam/train/normal/valid_017825.png,normal
data/pcam/train/normal/valid_017835.png,normal
data/pcam/train/normal/valid_017864.png,normal
data/pcam/train/normal/valid_017867.png,normal
data/pcam/train/normal/valid_017876.png,normal
data/pcam/train/normal/valid_017880.png,normal
data/pcam/train/normal/valid_017881.png,normal
data/pcam/train/normal/valid_017882.png,normal
data/pcam/train/normal/valid_017884.png,normal
data/pcam/train/normal/valid_017888.png,normal
data/pcam/train/normal/valid_017890.png,normal
data/pcam/train/normal/valid_017893.png,normal
data/pcam/train/normal/valid_017898.png,normal
data/pcam/train/normal/valid_017899.png,normal
data/pcam/train/normal/valid_017902.png,normal
data/pcam/train/normal/valid_017905.png,normal
data/pcam/train/normal/valid_017906.png,normal
data/pcam/train/normal/valid_017908.png,normal
data/pcam/train/normal/valid_017913.png,normal
data/pcam/train/normal/valid_017924.png,normal
data/pcam/train/normal/valid_017926.png,normal
data/pcam/train/normal/valid_017934.png,normal
data/pcam/train/normal/valid_017935.png,normal
data/pcam/train/normal/valid_017936.png,normal
data/pcam/train/normal/valid_017939.png,normal
data/pcam/train/normal/valid_017942.png,normal
data/pcam/train/normal/valid_017947.png,normal
data/pcam/train/normal/valid_017949.png,normal
data/pcam/train/normal/valid_017964.png,normal
data/pcam/train/normal/valid_017966.png,normal
data/pcam/train/normal/valid_017970.png,normal
data/pcam/train/normal/valid_017972.png,normal
data/pcam/train/normal/valid_017976.png,normal
data/pcam/train/normal/valid_017978.png,normal
data/pcam/train/normal/valid_017988.png,normal
data/pcam/train/normal/valid_017991.png,normal
data/pcam/train/normal/valid_017994.png,normal
data/pcam/train/normal/valid_017998.png,normal
data/pcam/train/normal/valid_018003.png,normal
data/pcam/train/normal/valid_018005.png,normal
data/pcam/train/normal/valid_018011.png,normal
data/pcam/train/normal/valid_018013.png,normal
data/pcam/train/normal/valid_018014.png,normal
data/pcam/train/normal/valid_018016.png,normal
data/pcam/train/normal/valid_018024.png,normal
data/pcam/train/normal/valid_018026.png,normal
data/pcam/train/normal/valid_018027.png,normal
data/pcam/train/normal/valid_018032.png,normal
data/pcam/train/normal/valid_018037.png,normal
data/pcam/train/normal/valid_018046.png,normal
data/pcam/train/normal/valid_018049.png,normal
data/pcam/train/normal/valid_018050.png,normal
data/pcam/train/normal/valid_018057.png,normal
data/pcam/train/normal/valid_018059.png,normal
data/pcam/train/normal/valid_018061.png,normal
data/pcam/train/normal/valid_018064.png,normal
data/pcam/train/normal/valid_018065.png,normal
data/pcam/train/normal/valid_018071.png,normal
data/pcam/train/normal/valid_018075.png,normal
data/pcam/train/normal/valid_018080.png,normal
data/pcam/train/normal/valid_018087.png,normal
data/pcam/train/normal/valid_018090.png,normal
data/pcam/train/normal/valid_018104.png,normal
data/pcam/train/normal/valid_018105.png,normal
data/pcam/train/normal/valid_018107.png,normal
data/pcam/train/normal/valid_018110.png,normal
data/pcam/train/normal/valid_018114.png,normal
data/pcam/train/normal/valid_018120.png,normal
data/pcam/train/normal/valid_018122.png,normal
data/pcam/train/normal/valid_018123.png,normal
data/pcam/train/normal/valid_018127.png,normal
data/pcam/train/normal/valid_018128.png,normal
data/pcam/train/normal/valid_018134.png,normal
data/pcam/train/normal/valid_018137.png,normal
data/pcam/train/normal/valid_018138.png,normal
data/pcam/train/normal/valid_018140.png,normal
data/pcam/train/normal/valid_018141.png,normal
data/pcam/train/normal/valid_018146.png,normal
data/pcam/train/normal/valid_018162.png,normal
data/pcam/train/normal/valid_018164.png,normal
data/pcam/train/normal/valid_018190.png,normal
data/pcam/train/normal/valid_018194.png,normal
data/pcam/train/normal/valid_018202.png,normal
data/pcam/train/normal/valid_018225.png,normal
data/pcam/train/normal/valid_018226.png,normal
data/pcam/train/normal/valid_018280.png,normal
data/pcam/train/normal/valid_018425.png,normal
data/pcam/train/normal/valid_018442.png,normal
data/pcam/train/normal/valid_018443.png,normal
data/pcam/train/normal/valid_018446.png,normal
data/pcam/train/normal/valid_018470.png,normal
data/pcam/train/normal/valid_018491.png,normal
data/pcam/train/normal/valid_018507.png,normal
data/pcam/train/normal/valid_018509.png,normal
data/pcam/train/normal/valid_018511.png,normal
data/pcam/train/normal/valid_018523.png,normal
data/pcam/train/normal/valid_018525.png,normal
data/pcam/train/normal/valid_018526.png,normal
data/pcam/train/normal/valid_018527.png,normal
data/pcam/train/normal/valid_018528.png,normal
data/pcam/train/normal/valid_018534.png,normal
data/pcam/train/normal/valid_018541.png,normal
data/pcam/train/normal/valid_018550.png,normal
data/pcam/train/normal/valid_018551.png,normal
data/pcam/train/normal/valid_018553.png,normal
data/pcam/train/normal/valid_018555.png,normal
data/pcam/train/normal/valid_018556.png,normal
data/pcam/train/normal/valid_018561.png,normal
data/pcam/train/normal/valid_018563.png,normal
data/pcam/train/normal/valid_018566.png,normal
data/pcam/train/normal/valid_018568.png,normal
data/pcam/train/normal/valid_018574.png,normal
data/pcam/train/normal/valid_018584.png,normal
data/pcam/train/normal/valid_018585.png,normal
data/pcam/train/normal/valid_018587.png,normal
data/pcam/train/normal/valid_018590.png,normal
data/pcam/train/normal/valid_018595.png,normal
data/pcam/train/normal/valid_018601.png,normal
data/pcam/train/normal/valid_018603.png,normal
data/pcam/train/normal/valid_018605.png,normal
data/pcam/train/normal/valid_018606.png,normal
data/pcam/train/normal/valid_018612.png,normal
data/pcam/train/normal/valid_018613.png,normal
data/pcam/train/normal/valid_018614.png,normal
data/pcam/train/normal/valid_018615.png,normal
data/pcam/train/normal/valid_018617.png,normal
data/pcam/train/normal/valid_018618.png,normal
data/pcam/train/normal/valid_018620.png,normal
data/pcam/train/normal/valid_018623.png,normal
data/pcam/train/normal/valid_018624.png,normal
data/pcam/train/normal/valid_018634.png,normal
data/pcam/train/normal/valid_018635.png,normal
data/pcam/train/normal/valid_018642.png,normal
data/pcam/train/normal/valid_018644.png,normal
data/pcam/train/normal/valid_018646.png,normal
data/pcam/train/normal/valid_018650.png,normal
data/pcam/train/normal/valid_018651.png,normal
data/pcam/train/normal/valid_018661.png,normal
data/pcam/train/normal/valid_018662.png,normal
data/pcam/train/normal/valid_018663.png,normal
data/pcam/train/normal/valid_018672.png,normal
data/pcam/train/normal/valid_018673.png,normal
data/pcam/train/normal/valid_018674.png,normal
data/pcam/train/normal/valid_018678.png,normal
data/pcam/train/normal/valid_018681.png,normal
data/pcam/train/normal/valid_018683.png,normal
data/pcam/train/normal/valid_018688.png,normal
data/pcam/train/normal/valid_018690.png,normal
data/pcam/train/normal/valid_018691.png,normal
data/pcam/train/normal/valid_018693.png,normal
data/pcam/train/normal/valid_018694.png,normal
data/pcam/train/normal/valid_018705.png,normal
data/pcam/train/normal/valid_018713.png,normal
data/pcam/train/normal/valid_018715.png,normal
data/pcam/train/normal/valid_018730.png,normal
data/pcam/train/normal/valid_018754.png,normal
data/pcam/train/normal/valid_018763.png,normal
data/pcam/train/normal/valid_018805.png,normal
data/pcam/train/normal/valid_018855.png,normal
data/pcam/train/normal/valid_018893.png,normal
data/pcam/train/normal/valid_018976.png,normal
data/pcam/train/normal/valid_019008.png,normal
data/pcam/train/normal/valid_019030.png,normal
data/pcam/train/normal/valid_019031.png,normal
data/pcam/train/normal/valid_019049.png,normal
data/pcam/train/normal/valid_019056.png,normal
data/pcam/train/normal/valid_019060.png,normal
data/pcam/train/normal/valid_019063.png,normal
data/pcam/train/normal/valid_019067.png,normal
data/pcam/train/normal/valid_019076.png,normal
data/pcam/train/normal/valid_019079.png,normal
data/pcam/train/normal/valid_019081.png,normal
data/pcam/train/normal/valid_019088.png,normal
data/pcam/train/normal/valid_019091.png,normal
data/pcam/train/normal/valid_019093.png,normal
data/pcam/train/normal/valid_019095.png,normal
data/pcam/train/normal/valid_019098.png,normal
data/pcam/train/normal/valid_019099.png,normal
data/pcam/train/normal/valid_019101.png,normal
data/pcam/train/normal/valid_019104.png,normal
data/pcam/train/normal/valid_019107.png,normal
data/pcam/train/normal/valid_019110.png,normal
data/pcam/train/normal/valid_019117.png,normal
data/pcam/train/normal/valid_019118.png,normal
data/pcam/train/normal/valid_019122.png,normal
data/pcam/train/normal/valid_019129.png,normal
data/pcam/train/normal/valid_019138.png,normal
data/pcam/train/normal/valid_019139.png,normal
data/pcam/train/normal/valid_019143.png,normal
data/pcam/train/normal/valid_019149.png,normal
data/pcam/train/normal/valid_019155.png,normal
data/pcam/train/normal/valid_019159.png,normal
data/pcam/train/normal/valid_019160.png,normal
data/pcam/train/normal/valid_019163.png,normal
data/pcam/train/normal/valid_019171.png,normal
data/pcam/train/normal/valid_019177.png,normal
data/pcam/train/normal/valid_019181.png,normal
data/pcam/train/normal/valid_019192.png,normal
data/pcam/train/normal/valid_019196.png,normal
data/pcam/train/normal/valid_019198.png,normal
data/pcam/train/normal/valid_019201.png,normal
data/pcam/train/normal/valid_019211.png,normal
data/pcam/train/normal/valid_019222.png,normal
data/pcam/train/normal/valid_019225.png,normal
data/pcam/train/normal/valid_019228.png,normal
data/pcam/train/normal/valid_019232.png,normal
data/pcam/train/normal/valid_019242.png,normal
data/pcam/train/normal/valid_019248.png,normal
data/pcam/train/normal/valid_019249.png,normal
data/pcam/train/normal/valid_019251.png,normal
data/pcam/train/normal/valid_019254.png,normal
data/pcam/train/normal/valid_019255.png,normal
data/pcam/train/normal/valid_019261.png,normal
data/pcam/train/normal/valid_019264.png,normal
data/pcam/train/normal/valid_019266.png,normal
data/pcam/train/normal/valid_019271.png,normal
data/pcam/train/normal/valid_019273.png,normal
data/pcam/train/normal/valid_019277.png,normal
data/pcam/train/normal/valid_019280.png,normal
data/pcam/train/normal/valid_019283.png,normal
data/pcam/train/normal/valid_019310.png,normal
data/pcam/train/normal/valid_019321.png,normal
data/pcam/train/normal/valid_019331.png,normal
data/pcam/train/normal/valid_019338.png,normal
data/pcam/train/normal/valid_019340.png,normal
data/pcam/train/normal/valid_019341.png,normal
data/pcam/train/normal/valid_019358.png,normal
data/pcam/train/normal/valid_019363.png,normal
data/pcam/train/normal/valid_019373.png,normal
data/pcam/train/normal/valid_019399.png,normal
data/pcam/train/normal/valid_019421.png,normal
data/pcam/train/normal/valid_019446.png,normal
data/pcam/train/normal/valid_019448.png,normal
data/pcam/train/normal/valid_019548.png,normal
data/pcam/train/normal/valid_019549.png,normal
data/pcam/train/normal/valid_019574.png,normal
data/pcam/train/normal/valid_019591.png,normal
data/pcam/train/normal/valid_019641.png,normal
data/pcam/train/normal/valid_019656.png,normal
data/pcam/train/normal/valid_019660.png,normal
data/pcam/train/normal/valid_019663.png,normal
data/pcam/train/normal/valid_019667.png,normal
data/pcam/train/normal/valid_019671.png,normal
data/pcam/train/normal/valid_019675.png,normal
data/pcam/train/normal/valid_019682.png,normal
data/pcam/train/normal/valid_019686.png,normal
data/pcam/train/normal/valid_019693.png,normal
data/pcam/train/normal/valid_019694.png,normal
data/pcam/train/normal/valid_019699.png,normal
data/pcam/train/normal/valid_019701.png,normal
data/pcam/train/normal/valid_019702.png,normal
data/pcam/train/normal/valid_019703.png,normal
data/pcam/train/normal/valid_019709.png,normal
data/pcam/train/normal/valid_019718.png,normal
data/pcam/train/normal/valid_019720.png,normal
data/pcam/train/normal/valid_019721.png,normal
data/pcam/train/normal/valid_019722.png,normal
data/pcam/train/normal/valid_019731.png,normal
data/pcam/train/normal/valid_019739.png,normal
data/pcam/train/normal/valid_019740.png,normal
data/pcam/train/normal/valid_019742.png,normal
data/pcam/train/normal/valid_019743.png,normal
data/pcam/train/normal/valid_019747.png,normal
data/pcam/train/normal/valid_019749.png,normal
data/pcam/train/normal/valid_019751.png,normal
data/pcam/train/normal/valid_019755.png,normal
data/pcam/train/normal/valid_019760.png,normal
data/pcam/train/normal/valid_019762.png,normal
data/pcam/train/normal/valid_019764.png,normal
data/pcam/train/normal/valid_019765.png,normal
data/pcam/train/normal/valid_019767.png,normal
data/pcam/train/normal/valid_019770.png,normal
data/pcam/train/normal/valid_019781.png,normal
data/pcam/train/normal/valid_019782.png,normal
data/pcam/train/normal/valid_019789.png,normal
data/pcam/train/normal/valid_019791.png,normal
data/pcam/train/normal/valid_019799.png,normal
data/pcam/train/normal/valid_019801.png,normal
data/pcam/train/normal/valid_019805.png,normal
data/pcam/train/normal/valid_019806.png,normal
data/pcam/train/normal/valid_019807.png,normal
data/pcam/train/normal/valid_019810.png,normal
data/pcam/train/normal/valid_019814.png,normal
data/pcam/train/normal/valid_019819.png,normal
data/pcam/train/normal/valid_019823.png,normal
data/pcam/train/normal/valid_019825.png,normal
data/pcam/train/normal/valid_019829.png,normal
data/pcam/train/normal/valid_019833.png,normal
data/pcam/train/normal/valid_019839.png,normal
data/pcam/train/normal/valid_019848.png,normal
data/pcam/train/normal/valid_019851.png,normal
data/pcam/train/normal/valid_019855.png,normal
data/pcam/train/normal/valid_019856.png,normal
data/pcam/train/normal/valid_019857.png,normal
data/pcam/train/normal/valid_019858.png,normal
data/pcam/train/normal/valid_019866.png,normal
data/pcam/train/normal/valid_019868.png,normal
data/pcam/train/normal/valid_019876.png,normal
data/pcam/train/normal/valid_019880.png,normal
data/pcam/train/normal/valid_019891.png,normal
data/pcam/train/normal/valid_019896.png,normal
data/pcam/train/normal/valid_019897.png,normal
data/pcam/train/normal/valid_019900.png,normal
data/pcam/train/normal/valid_019903.png,normal
data/pcam/train/normal/valid_019907.png,normal
data/pcam/train/normal/valid_019914.png,normal
data/pcam/train/normal/valid_019927.png,normal
data/pcam/train/normal/valid_019929.png,normal
data/pcam/train/normal/valid_019935.png,normal
data/pcam/train/normal/valid_019939.png,normal
data/pcam/train/normal/valid_019940.png,normal
data/pcam/train/normal/valid_019943.png,normal
data/pcam/train/normal/valid_019945.png,normal
data/pcam/train/normal/valid_019951.png,normal
data/pcam/train/normal/valid_019980.png,normal
data/pcam/train/normal/valid_020147.png,normal
data/pcam/train/normal/valid_020177.png,normal
data/pcam/train/normal/valid_020257.png,normal
data/pcam/train/normal/valid_020259.png,normal
data/pcam/train/normal/valid_020292.png,normal
data/pcam/train/normal/valid_020295.png,normal
data/pcam/train/normal/valid_020298.png,normal
data/pcam/train/normal/valid_020299.png,normal
data/pcam/train/normal/valid_020300.png,normal
data/pcam/train/normal/valid_020302.png,normal
data/pcam/train/normal/valid_020303.png,normal
data/pcam/train/normal/valid_020306.png,normal
data/pcam/train/normal/valid_020308.png,normal
data/pcam/train/normal/valid_020312.png,normal
data/pcam/train/normal/valid_020314.png,normal
data/pcam/train/normal/valid_020315.png,normal
data/pcam/train/normal/valid_020316.png,normal
data/pcam/train/normal/valid_020317.png,normal
data/pcam/train/normal/valid_020320.png,normal
data/pcam/train/normal/valid_020322.png,normal
data/pcam/train/normal/valid_020325.png,normal
data/pcam/train/normal/valid_020329.png,normal
data/pcam/train/normal/valid_020331.png,normal
data/pcam/train/normal/valid_020338.png,normal
data/pcam/train/normal/valid_020342.png,normal
data/pcam/train/normal/valid_020346.png,normal
data/pcam/train/normal/valid_020348.png,normal
data/pcam/train/normal/valid_020351.png,normal
data/pcam/train/normal/valid_020352.png,normal
data/pcam/train/normal/valid_020358.png,normal
data/pcam/train/normal/valid_020359.png,normal
data/pcam/train/normal/valid_020364.png,normal
data/pcam/train/normal/valid_020367.png,normal
data/pcam/train/normal/valid_020371.png,normal
data/pcam/train/normal/valid_020378.png,normal
data/pcam/train/normal/valid_020383.png,normal
data/pcam/train/normal/valid_020385.png,normal
data/pcam/train/normal/valid_020387.png,normal
data/pcam/train/normal/valid_020390.png,normal
data/pcam/train/normal/valid_020395.png,normal
data/pcam/train/normal/valid_020397.png,normal
data/pcam/train/normal/valid_020407.png,normal
data/pcam/train/normal/valid_020408.png,normal
data/pcam/train/normal/valid_020416.png,normal
data/pcam/train/normal/valid_020422.png,normal
data/pcam/train/normal/valid_020426.png,normal
data/pcam/train/normal/valid_020429.png,normal
data/pcam/train/normal/valid_020436.png,normal
data/pcam/train/normal/valid_020449.png,normal
data/pcam/train/normal/valid_020452.png,normal
data/pcam/train/normal/valid_020454.png,normal
data/pcam/train/normal/valid_020457.png,normal
data/pcam/train/normal/valid_020466.png,normal
data/pcam/train/normal/valid_020468.png,normal
data/pcam/train/normal/valid_020474.png,normal
data/pcam/train/normal/valid_020475.png,normal
data/pcam/train/normal/valid_020482.png,normal
data/pcam/train/normal/valid_020484.png,normal
data/pcam/train/normal/valid_020486.png,normal
data/pcam/train/normal/valid_020490.png,normal
data/pcam/train/normal/valid_020491.png,normal
data/pcam/train/normal/valid_020493.png,normal
data/pcam/train/normal/valid_020499.png,normal
data/pcam/train/normal/valid_020501.png,normal
data/pcam/train/normal/valid_020504.png,normal
data/pcam/train/normal/valid_020505.png,normal
data/pcam/train/normal/valid_020507.png,normal
data/pcam/train/normal/valid_020510.png,normal
data/pcam/train/normal/valid_020514.png,normal
data/pcam/train/normal/valid_020515.png,normal
data/pcam/train/normal/valid_020521.png,normal
data/pcam/train/normal/valid_020527.png,normal
data/pcam/train/normal/valid_020534.png,normal
data/pcam/train/normal/valid_020537.png,normal
data/pcam/train/normal/valid_020538.png,normal
data/pcam/train/normal/valid_020541.png,normal
data/pcam/train/normal/valid_020543.png,normal
data/pcam/train/normal/valid_020545.png,normal
data/pcam/train/normal/valid_020553.png,normal
data/pcam/train/normal/valid_020560.png,normal
data/pcam/train/normal/valid_020567.png,normal
data/pcam/train/normal/valid_020569.png,normal
data/pcam/train/normal/valid_020576.png,normal
data/pcam/train/normal/valid_020577.png,normal
data/pcam/train/normal/valid_020578.png,normal
data/pcam/train/normal/valid_020589.png,normal
data/pcam/train/normal/valid_020591.png,normal
data/pcam/train/normal/valid_020595.png,normal
data/pcam/train/normal/valid_020606.png,normal
data/pcam/train/normal/valid_020607.png,normal
data/pcam/train/normal/valid_020608.png,normal
data/pcam/train/normal/valid_020612.png,normal
data/pcam/train/normal/valid_020627.png,normal
data/pcam/train/normal/valid_020636.png,normal
data/pcam/train/normal/valid_020645.png,normal
data/pcam/train/normal/valid_020658.png,normal
data/pcam/train/normal/valid_020668.png,normal
data/pcam/train/normal/valid_020669.png,normal
data/pcam/train/normal/valid_020674.png,normal
data/pcam/train/normal/valid_020709.png,normal
data/pcam/train/normal/valid_020712.png,normal
data/pcam/train/normal/valid_020737.png,normal
data/pcam/train/normal/valid_020935.png,normal
data/pcam/train/normal/valid_020963.png,normal
data/pcam/train/normal/valid_020980.png,normal
data/pcam/train/normal/valid_020981.png,normal
data/pcam/train/normal/valid_020990.png,normal
data/pcam/train/normal/valid_021015.png,normal
data/pcam/train/normal/valid_021018.png,normal
data/pcam/train/normal/valid_021020.png,normal
data/pcam/train/normal/valid_021024.png,normal
data/pcam/train/normal/valid_021029.png,normal
data/pcam/train/normal/valid_021034.png,normal
data/pcam/train/normal/valid_021035.png,normal
data/pcam/train/normal/valid_021038.png,normal
data/pcam/train/normal/valid_021043.png,normal
data/pcam/train/normal/valid_021045.png,normal
data/pcam/train/normal/valid_021048.png,normal
data/pcam/train/normal/valid_021049.png,normal
data/pcam/train/normal/valid_021050.png,normal
data/pcam/train/normal/valid_021053.png,normal
data/pcam/train/normal/valid_021054.png,normal
data/pcam/train/normal/valid_021055.png,normal
data/pcam/train/normal/valid_021058.png,normal
data/pcam/train/normal/valid_021059.png,normal
data/pcam/train/normal/valid_021073.png,normal
data/pcam/train/normal/valid_021093.png,normal
data/pcam/train/normal/valid_021096.png,normal
data/pcam/train/normal/valid_021098.png,normal
data/pcam/train/normal/valid_021099.png,normal
data/pcam/train/normal/valid_021100.png,normal
data/pcam/train/normal/valid_021104.png,normal
data/pcam/train/normal/valid_021107.png,normal
data/pcam/train/normal/valid_021110.png,normal
data/pcam/train/normal/valid_021111.png,normal
data/pcam/train/normal/valid_021115.png,normal
data/pcam/train/normal/valid_021120.png,normal
data/pcam/train/normal/valid_021129.png,normal
data/pcam/train/normal/valid_021149.png,normal
data/pcam/train/normal/valid_021150.png,normal
data/pcam/train/normal/valid_021152.png,normal
data/pcam/train/normal/valid_021153.png,normal
data/pcam/train/normal/valid_021159.png,normal
data/pcam/train/normal/valid_021176.png,normal
data/pcam/train/normal/valid_021177.png,normal
data/pcam/train/normal/valid_021180.png,normal
data/pcam/train/normal/valid_021191.png,normal
data/pcam/train/normal/valid_021192.png,normal
data/pcam/train/normal/valid_021193.png,normal
data/pcam/train/normal/valid_021197.png,normal
data/pcam/train/normal/valid_021201.png,normal
data/pcam/train/normal/valid_021202.png,normal
data/pcam/train/normal/valid_021204.png,normal
data/pcam/train/normal/valid_021221.png,normal
data/pcam/train/normal/valid_021224.png,normal
data/pcam/train/normal/valid_021233.png,normal
data/pcam/train/normal/valid_021237.png,normal
data/pcam/train/normal/valid_021241.png,normal
data/pcam/train/normal/valid_021244.png,normal
data/pcam/train/normal/valid_021245.png,normal
data/pcam/train/normal/valid_021246.png,normal
data/pcam/train/normal/valid_021252.png,normal
data/pcam/train/normal/valid_021259.png,normal
data/pcam/train/normal/valid_021267.png,normal
data/pcam/train/normal/valid_021283.png,normal
data/pcam/train/normal/valid_021294.png,normal
data/pcam/train/normal/valid_021301.png,normal
data/pcam/train/normal/valid_021304.png,normal
data/pcam/train/normal/valid_021317.png,normal
data/pcam/train/normal/valid_021349.png,normal
data/pcam/train/normal/valid_021422.png,normal
data/pcam/train/normal/valid_021467.png,normal
data/pcam/train/normal/valid_021623.png,normal
data/pcam/train/normal/valid_021633.png,normal
data/pcam/train/normal/valid_021643.png,normal
data/pcam/train/normal/valid_021644.png,normal
data/pcam/train/normal/valid_021686.png,normal
data/pcam/train/normal/valid_021689.png,normal
data/pcam/train/normal/valid_021690.png,normal
data/pcam/train/normal/valid_021691.png,normal
data/pcam/train/normal/valid_021693.png,normal
data/pcam/train/normal/valid_021697.png,normal
data/pcam/train/normal/valid_021703.png,normal
data/pcam/train/normal/valid_021706.png,normal
data/pcam/train/normal/valid_021710.png,normal
data/pcam/train/normal/valid_021713.png,normal
data/pcam/train/normal/valid_021719.png,normal
data/pcam/train/normal/valid_021725.png,normal
data/pcam/train/normal/valid_021726.png,normal
data/pcam/train/normal/valid_021728.png,normal
data/pcam/train/normal/valid_021729.png,normal
data/pcam/train/normal/valid_021730.png,normal
data/pcam/train/normal/valid_021740.png,normal
data/pcam/train/normal/valid_021741.png,normal
data/pcam/train/normal/valid_021743.png,normal
data/pcam/train/normal/valid_021746.png,normal
data/pcam/train/normal/valid_021747.png,normal
data/pcam/train/normal/valid_021750.png,normal
data/pcam/train/normal/valid_021759.png,normal
data/pcam/train/normal/valid_021760.png,normal
data/pcam/train/normal/valid_021762.png,normal
data/pcam/train/normal/valid_021773.png,normal
data/pcam/train/normal/valid_021786.png,normal
data/pcam/train/normal/valid_021802.png,normal
data/pcam/train/normal/valid_021804.png,normal
data/pcam/train/normal/valid_021806.png,normal
data/pcam/train/normal/valid_021809.png,normal
data/pcam/train/normal/valid_021810.png,normal
data/pcam/train/normal/valid_021812.png,normal
data/pcam/train/normal/valid_021813.png,normal
data/pcam/train/normal/valid_021816.png,normal
data/pcam/train/normal/valid_021817.png,normal
data/pcam/train/normal/valid_021819.png,normal
data/pcam/train/normal/valid_021824.png,normal
data/pcam/train/normal/valid_021827.png,normal
data/pcam/train/normal/valid_021830.png,normal
data/pcam/train/normal/valid_021835.png,normal
data/pcam/train/normal/valid_021838.png,normal
data/pcam/train/normal/valid_021839.png,normal
data/pcam/train/normal/valid_021843.png,normal
data/pcam/train/normal/valid_021844.png,normal
data/pcam/train/normal/valid_021847.png,normal
data/pcam/train/normal/valid_021851.png,normal
data/pcam/train/normal/valid_021854.png,normal
data/pcam/train/normal/valid_021855.png,normal
data/pcam/train/normal/valid_021861.png,normal
data/pcam/train/normal/valid_021862.png,normal
data/pcam/train/normal/valid_021863.png,normal
data/pcam/train/normal/valid_021864.png,normal
data/pcam/train/normal/valid_021873.png,normal
data/pcam/train/normal/valid_021875.png,normal
data/pcam/train/normal/valid_021877.png,normal
data/pcam/train/normal/valid_021878.png,normal
data/pcam/train/normal/valid_021879.png,normal
data/pcam/train/normal/valid_021880.png,normal
data/pcam/train/normal/valid_021882.png,normal
data/pcam/train/normal/valid_021883.png,normal
data/pcam/train/normal/valid_021884.png,normal
data/pcam/train/normal/valid_021885.png,normal
data/pcam/train/normal/valid_021891.png,normal
data/pcam/train/normal/valid_021896.png,normal
data/pcam/train/normal/valid_021903.png,normal
data/pcam/train/normal/valid_021906.png,normal
data/pcam/train/normal/valid_021908.png,normal
data/pcam/train/normal/valid_021913.png,normal
data/pcam/train/normal/valid_021914.png,normal
data/pcam/train/normal/valid_021917.png,normal
data/pcam/train/normal/valid_021920.png,normal
data/pcam/train/normal/valid_021924.png,normal
data/pcam/train/normal/valid_021927.png,normal
data/pcam/train/normal/valid_021928.png,normal
data/pcam/train/normal/valid_021933.png,normal
data/pcam/train/normal/valid_021936.png,normal
data/pcam/train/normal/valid_021937.png,normal
data/pcam/train/normal/valid_021939.png,normal
data/pcam/train/normal/valid_021941.png,normal
data/pcam/train/normal/valid_021946.png,normal
data/pcam/train/normal/valid_021951.png,normal
data/pcam/train/normal/valid_021952.png,normal
data/pcam/train/normal/valid_021954.png,normal
data/pcam/train/normal/valid_021956.png,normal
data/pcam/train/normal/valid_021960.png,normal
data/pcam/train/normal/valid_021961.png,normal
data/pcam/train/normal/valid_021963.png,normal
data/pcam/train/normal/valid_021965.png,normal
data/pcam/train/normal/valid_021986.png,normal
data/pcam/train/normal/valid_021989.png,normal
data/pcam/train/normal/valid_022011.png,normal
data/pcam/train/normal/valid_022047.png,normal
data/pcam/train/normal/valid_022078.png,normal
data/pcam/train/normal/valid_022219.png,normal
data/pcam/train/normal/valid_022238.png,normal
data/pcam/train/normal/valid_022246.png,normal
data/pcam/train/normal/valid_022247.png,normal
data/pcam/train/normal/valid_022249.png,normal
data/pcam/train/normal/valid_022260.png,normal
data/pcam/train/normal/valid_022279.png,normal
data/pcam/train/normal/valid_022286.png,normal
data/pcam/train/normal/valid_022326.png,normal
data/pcam/train/normal/valid_022346.png,normal
data/pcam/train/normal/valid_022347.png,normal
data/pcam/train/normal/valid_022348.png,normal
data/pcam/train/normal/valid_022352.png,normal
data/pcam/train/normal/valid_022360.png,normal
data/pcam/train/normal/valid_022369.png,normal
data/pcam/train/normal/valid_022374.png,normal
data/pcam/train/normal/valid_022378.png,normal
data/pcam/train/normal/valid_022382.png,normal
data/pcam/train/normal/valid_022386.png,normal
data/pcam/train/normal/valid_022390.png,normal
data/pcam/train/normal/valid_022391.png,normal
data/pcam/train/normal/valid_022395.png,normal
data/pcam/train/normal/valid_022396.png,normal
data/pcam/train/normal/valid_022403.png,normal
data/pcam/train/normal/valid_022404.png,normal
data/pcam/train/normal/valid_022408.png,normal
data/pcam/train/normal/valid_022410.png,normal
data/pcam/train/normal/valid_022416.png,normal
data/pcam/train/normal/valid_022419.png,normal
data/pcam/train/normal/valid_022420.png,normal
data/pcam/train/normal/valid_022427.png,normal
data/pcam/train/normal/valid_022429.png,normal
data/pcam/train/normal/valid_022431.png,normal
data/pcam/train/normal/valid_022433.png,normal
data/pcam/train/normal/valid_022434.png,normal
data/pcam/train/normal/valid_022435.png,normal
data/pcam/train/normal/valid_022438.png,normal
data/pcam/train/normal/valid_022444.png,normal
data/pcam/train/normal/valid_022448.png,normal
data/pcam/train/normal/valid_022460.png,normal
data/pcam/train/normal/valid_022477.png,normal
data/pcam/train/normal/valid_022481.png,normal
data/pcam/train/normal/valid_022483.png,normal
data/pcam/train/normal/valid_022486.png,normal
data/pcam/train/normal/valid_022492.png,normal
data/pcam/train/normal/valid_022499.png,normal
data/pcam/train/normal/valid_022503.png,normal
data/pcam/train/normal/valid_022506.png,normal
data/pcam/train/normal/valid_022507.png,normal
data/pcam/train/normal/valid_022513.png,normal
data/pcam/train/normal/valid_022516.png,normal
data/pcam/train/normal/valid_022517.png,normal
data/pcam/train/normal/valid_022523.png,normal
data/pcam/train/normal/valid_022524.png,normal
data/pcam/train/normal/valid_022525.png,normal
data/pcam/train/normal/valid_022527.png,normal
data/pcam/train/normal/valid_022529.png,normal
data/pcam/train/normal/valid_022531.png,normal
data/pcam/train/normal/valid_022534.png,normal
data/pcam/train/normal/valid_022535.png,normal
data/pcam/train/normal/valid_022537.png,normal
data/pcam/train/normal/valid_022541.png,normal
data/pcam/train/normal/valid_022549.png,normal
data/pcam/train/normal/valid_022550.png,normal
data/pcam/train/normal/valid_022553.png,normal
data/pcam/train/normal/valid_022558.png,normal
data/pcam/train/normal/valid_022563.png,normal
data/pcam/train/normal/valid_022564.png,normal
data/pcam/train/normal/valid_022565.png,normal
data/pcam/train/normal/valid_022567.png,normal
data/pcam/train/normal/valid_022569.png,normal
data/pcam/train/normal/valid_022573.png,normal
data/pcam/train/normal/valid_022575.png,normal
data/pcam/train/normal/valid_022576.png,normal
data/pcam/train/normal/valid_022578.png,normal
data/pcam/train/normal/valid_022583.png,normal
data/pcam/train/normal/valid_022598.png,normal
data/pcam/train/normal/valid_022599.png,normal
data/pcam/train/normal/valid_022602.png,normal
data/pcam/train/normal/valid_022605.png,normal
data/pcam/train/normal/valid_022609.png,normal
data/pcam/train/normal/valid_022612.png,normal
data/pcam/train/normal/valid_022627.png,normal
data/pcam/train/normal/valid_022633.png,normal
data/pcam/train/normal/valid_022635.png,normal
data/pcam/train/normal/valid_022641.png,normal
data/pcam/train/normal/valid_022650.png,normal
data/pcam/train/normal/valid_022652.png,normal
data/pcam/train/normal/valid_022654.png,normal
data/pcam/train/normal/valid_022661.png,normal
data/pcam/train/normal/valid_022662.png,normal
data/pcam/train/normal/valid_022669.png,normal
data/pcam/train/normal/valid_022672.png,normal
data/pcam/train/normal/valid_022674.png,normal
data/pcam/train/normal/valid_022679.png,normal
data/pcam/train/normal/valid_022698.png,normal
data/pcam/train/normal/valid_022711.png,normal
data/pcam/train/normal/valid_022717.png,normal
data/pcam/train/normal/valid_022727.png,normal
data/pcam/train/normal/valid_022739.png,normal
data/pcam/train/normal/valid_022875.png,normal
data/pcam/train/normal/valid_022928.png,normal
data/pcam/train/normal/valid_022931.png,normal
data/pcam/train/normal/valid_022936.png,normal
data/pcam/train/normal/valid_022943.png,normal
data/pcam/train/normal/valid_022972.png,normal
data/pcam/train/normal/valid_022990.png,normal
data/pcam/train/normal/valid_022993.png,normal
data/pcam/train/normal/valid_022997.png,normal
data/pcam/train/normal/valid_023011.png,normal
data/pcam/train/normal/valid_023014.png,normal
data/pcam/train/normal/valid_023020.png,normal
data/pcam/train/normal/valid_023021.png,normal
data/pcam/train/normal/valid_023034.png,normal
data/pcam/train/normal/valid_023036.png,normal
data/pcam/train/normal/valid_023039.png,normal
data/pcam/train/normal/valid_023040.png,normal
data/pcam/train/normal/valid_023045.png,normal
data/pcam/train/normal/valid_023050.png,normal
data/pcam/train/normal/valid_023053.png,normal
data/pcam/train/normal/valid_023056.png,normal
data/pcam/train/normal/valid_023057.png,normal
data/pcam/train/normal/valid_023059.png,normal
data/pcam/train/normal/valid_023061.png,normal
data/pcam/train/normal/valid_023062.png,normal
data/pcam/train/normal/valid_023070.png,normal
data/pcam/train/normal/valid_023072.png,normal
data/pcam/train/normal/valid_023073.png,normal
data/pcam/train/normal/valid_023074.png,normal
data/pcam/train/normal/valid_023075.png,normal
data/pcam/train/normal/valid_023077.png,normal
data/pcam/train/normal/valid_023078.png,normal
data/pcam/train/normal/valid_023082.png,normal
data/pcam/train/normal/valid_023087.png,normal
data/pcam/train/normal/valid_023094.png,normal
data/pcam/train/normal/valid_023095.png,normal
data/pcam/train/normal/valid_023103.png,normal
data/pcam/train/normal/valid_023110.png,normal
data/pcam/train/normal/valid_023114.png,normal
data/pcam/train/normal/valid_023127.png,normal
data/pcam/train/normal/valid_023133.png,normal
data/pcam/train/normal/valid_023141.png,normal
data/pcam/train/normal/valid_023150.png,normal
data/pcam/train/normal/valid_023155.png,normal
data/pcam/train/normal/valid_023158.png,normal
data/pcam/train/normal/valid_023163.png,normal
data/pcam/train/normal/valid_023167.png,normal
data/pcam/train/normal/valid_023170.png,normal
data/pcam/train/normal/valid_023179.png,normal
data/pcam/train/normal/valid_023186.png,normal
data/pcam/train/normal/valid_023188.png,normal
data/pcam/train/normal/valid_023190.png,normal
data/pcam/train/normal/valid_023192.png,normal
data/pcam/train/normal/valid_023194.png,normal
data/pcam/train/normal/valid_023195.png,normal
data/pcam/train/normal/valid_023196.png,normal
data/pcam/train/normal/valid_023197.png,normal
data/pcam/train/normal/valid_023198.png,normal
data/pcam/train/normal/valid_023201.png,normal
data/pcam/train/normal/valid_023209.png,normal
data/pcam/train/normal/valid_023211.png,normal
data/pcam/train/normal/valid_023216.png,normal
data/pcam/train/normal/valid_023220.png,normal
data/pcam/train/normal/valid_023222.png,normal
data/pcam/train/normal/valid_023227.png,normal
data/pcam/train/normal/valid_023228.png,normal
data/pcam/train/normal/valid_023232.png,normal
data/pcam/train/normal/valid_023235.png,normal
data/pcam/train/normal/valid_023238.png,normal
data/pcam/train/normal/valid_023245.png,normal
data/pcam/train/normal/valid_023249.png,normal
data/pcam/train/normal/valid_023251.png,normal
data/pcam/train/normal/valid_023270.png,normal
data/pcam/train/normal/valid_023311.png,normal
data/pcam/train/normal/valid_023316.png,normal
data/pcam/train/normal/valid_023321.png,normal
data/pcam/train/normal/valid_023323.png,normal
data/pcam/train/normal/valid_023331.png,normal
data/pcam/train/normal/valid_023345.png,normal
data/pcam/train/normal/valid_023359.png,normal
data/pcam/train/normal/valid_023410.png,normal
data/pcam/train/normal/valid_023433.png,normal
data/pcam/train/normal/valid_023442.png,normal
data/pcam/train/normal/valid_023470.png,normal
data/pcam/train/normal/valid_023492.png,normal
data/pcam/train/normal/valid_023494.png,normal
data/pcam/train/normal/valid_023498.png,normal
data/pcam/train/normal/valid_023546.png,normal
data/pcam/train/normal/valid_023567.png,normal
data/pcam/train/normal/valid_023578.png,normal
data/pcam/train/normal/valid_023584.png,normal
data/pcam/train/normal/valid_023587.png,normal
data/pcam/train/normal/valid_023596.png,normal
data/pcam/train/normal/valid_023608.png,normal
data/pcam/train/normal/valid_023612.png,normal
data/pcam/train/normal/valid_023621.png,normal
data/pcam/train/normal/valid_023625.png,normal
data/pcam/train/normal/valid_023626.png,normal
data/pcam/train/normal/valid_023632.png,normal
data/pcam/train/normal/valid_023636.png,normal
data/pcam/train/normal/valid_023638.png,normal
data/pcam/train/normal/valid_023641.png,normal
data/pcam/train/normal/valid_023642.png,normal
data/pcam/train/normal/valid_023643.png,normal
data/pcam/train/normal/valid_023644.png,normal
data/pcam/train/normal/valid_023655.png,normal
data/pcam/train/normal/valid_023656.png,normal
data/pcam/train/normal/valid_023659.png,normal
data/pcam/train/normal/valid_023662.png,normal
data/pcam/train/normal/valid_023665.png,normal
data/pcam/train/normal/valid_023677.png,normal
data/pcam/train/normal/valid_023678.png,normal
data/pcam/train/normal/valid_023680.png,normal
data/pcam/train/normal/valid_023681.png,normal
data/pcam/train/normal/valid_023682.png,normal
data/pcam/train/normal/valid_023685.png,normal
data/pcam/train/normal/valid_023686.png,normal
data/pcam/train/normal/valid_023687.png,normal
data/pcam/train/normal/valid_023689.png,normal
data/pcam/train/normal/valid_023690.png,normal
data/pcam/train/normal/valid_023691.png,normal
data/pcam/train/normal/valid_023694.png,normal
data/pcam/train/normal/valid_023697.png,normal
data/pcam/train/normal/valid_023699.png,normal
data/pcam/train/normal/valid_023700.png,normal
data/pcam/train/normal/valid_023702.png,normal
data/pcam/train/normal/valid_023703.png,normal
data/pcam/train/normal/valid_023704.png,normal
data/pcam/train/normal/valid_023706.png,normal
data/pcam/train/normal/valid_023713.png,normal
data/pcam/train/normal/valid_023715.png,normal
data/pcam/train/normal/valid_023723.png,normal
data/pcam/train/normal/valid_023725.png,normal
data/pcam/train/normal/valid_023727.png,normal
data/pcam/train/normal/valid_023728.png,normal
data/pcam/train/normal/valid_023734.png,normal
data/pcam/train/normal/valid_023739.png,normal
data/pcam/train/normal/valid_023745.png,normal
data/pcam/train/normal/valid_023747.png,normal
data/pcam/train/normal/valid_023750.png,normal
data/pcam/train/normal/valid_023751.png,normal
data/pcam/train/normal/valid_023763.png,normal
data/pcam/train/normal/valid_023765.png,normal
data/pcam/train/normal/valid_023768.png,normal
data/pcam/train/normal/valid_023770.png,normal
data/pcam/train/normal/valid_023781.png,normal
data/pcam/train/normal/valid_023785.png,normal
data/pcam/train/normal/valid_023786.png,normal
data/pcam/train/normal/valid_023788.png,normal
data/pcam/train/normal/valid_023791.png,normal
data/pcam/train/normal/valid_023792.png,normal
data/pcam/train/normal/valid_023805.png,normal
data/pcam/train/normal/valid_023813.png,normal
data/pcam/train/normal/valid_023814.png,normal
data/pcam/train/normal/valid_023849.png,normal
data/pcam/train/normal/valid_023860.png,normal
data/pcam/train/normal/valid_023869.png,normal
data/pcam/train/normal/valid_023870.png,normal
data/pcam/train/normal/valid_023875.png,normal
data/pcam/train/normal/valid_023876.png,normal
data/pcam/train/normal/valid_023946.png,normal
data/pcam/train/normal/valid_023955.png,normal
data/pcam/train/normal/valid_023965.png,normal
data/pcam/train/normal/valid_024006.png,normal
data/pcam/train/normal/valid_024031.png,normal
data/pcam/train/normal/valid_024058.png,normal
data/pcam/train/normal/valid_024115.png,normal
data/pcam/train/normal/valid_024128.png,normal
data/pcam/train/normal/valid_024136.png,normal
data/pcam/train/normal/valid_024153.png,normal
data/pcam/train/normal/valid_024165.png,normal
data/pcam/train/normal/valid_024166.png,normal
data/pcam/train/normal/valid_024167.png,normal
data/pcam/train/normal/valid_024171.png,normal
data/pcam/train/normal/valid_024174.png,normal
data/pcam/train/normal/valid_024177.png,normal
data/pcam/train/normal/valid_024182.png,normal
data/pcam/train/normal/valid_024186.png,normal
data/pcam/train/normal/valid_024196.png,normal
data/pcam/train/normal/valid_024199.png,normal
data/pcam/train/normal/valid_024204.png,normal
data/pcam/train/normal/valid_024206.png,normal
data/pcam/train/normal/valid_024207.png,normal
data/pcam/train/normal/valid_024212.png,normal
data/pcam/train/normal/valid_024213.png,normal
data/pcam/train/normal/valid_024218.png,normal
data/pcam/train/normal/valid_024225.png,normal
data/pcam/train/normal/valid_024226.png,normal
data/pcam/train/normal/valid_024227.png,normal
data/pcam/train/normal/valid_024228.png,normal
data/pcam/train/normal/valid_024233.png,normal
data/pcam/train/normal/valid_024240.png,normal
data/pcam/train/normal/valid_024243.png,normal
data/pcam/train/normal/valid_024246.png,normal
data/pcam/train/normal/valid_024253.png,normal
data/pcam/train/normal/valid_024255.png,normal
data/pcam/train/normal/valid_024257.png,normal
data/pcam/train/normal/valid_024258.png,normal
data/pcam/train/normal/valid_024262.png,normal
data/pcam/train/normal/valid_024266.png,normal
data/pcam/train/normal/valid_024272.png,normal
data/pcam/train/normal/valid_024276.png,normal
data/pcam/train/normal/valid_024277.png,normal
data/pcam/train/normal/valid_024278.png,normal
data/pcam/train/normal/valid_024280.png,normal
data/pcam/train/normal/valid_024281.png,normal
data/pcam/train/normal/valid_024287.png,normal
data/pcam/train/normal/valid_024292.png,normal
data/pcam/train/normal/valid_024301.png,normal
data/pcam/train/normal/valid_024309.png,normal
data/pcam/train/normal/valid_024311.png,normal
data/pcam/train/normal/valid_024312.png,normal
data/pcam/train/normal/valid_024313.png,normal
data/pcam/train/normal/valid_024315.png,normal
data/pcam/train/normal/valid_024319.png,normal
data/pcam/train/normal/valid_024320.png,normal
data/pcam/train/normal/valid_024322.png,normal
data/pcam/train/normal/valid_024329.png,normal
data/pcam/train/normal/valid_024330.png,normal
data/pcam/train/normal/valid_024336.png,normal
data/pcam/train/normal/valid_024339.png,normal
data/pcam/train/normal/valid_024344.png,normal
data/pcam/train/normal/valid_024346.png,normal
data/pcam/train/normal/valid_024348.png,normal
data/pcam/train/normal/valid_024350.png,normal
data/pcam/train/normal/valid_024351.png,normal
data/pcam/train/normal/valid_024352.png,normal
data/pcam/train/normal/valid_024356.png,normal
data/pcam/train/normal/valid_024368.png,normal
data/pcam/train/normal/valid_024369.png,normal
data/pcam/train/normal/valid_024378.png,normal
data/pcam/train/normal/valid_024380.png,normal
data/pcam/train/normal/valid_024387.png,normal
data/pcam/train/normal/valid_024390.png,normal
data/pcam/train/normal/valid_024392.png,normal
data/pcam/train/normal/valid_024395.png,normal
data/pcam/train/normal/valid_024398.png,normal
data/pcam/train/normal/valid_024404.png,normal
data/pcam/train/normal/valid_024405.png,normal
data/pcam/train/normal/valid_024416.png,normal
data/pcam/train/normal/valid_024420.png,normal
data/pcam/train/normal/valid_024421.png,normal
data/pcam/train/normal/valid_024429.png,normal
data/pcam/train/normal/valid_024453.png,normal
data/pcam/train/normal/valid_024456.png,normal
data/pcam/train/normal/valid_024476.png,normal
data/pcam/train/normal/valid_024481.png,normal
data/pcam/train/normal/valid_024498.png,normal
data/pcam/train/normal/valid_024520.png,normal
data/pcam/train/normal/valid_024522.png,normal
data/pcam/train/normal/valid_024579.png,normal
data/pcam/train/normal/valid_024702.png,normal
data/pcam/train/normal/valid_024728.png,normal
data/pcam/train/normal/valid_024742.png,normal
data/pcam/train/normal/valid_024754.png,normal
data/pcam/train/normal/valid_024762.png,normal
data/pcam/train/normal/valid_024763.png,normal
data/pcam/train/normal/valid_024768.png,normal
data/pcam/train/normal/valid_024772.png,normal
data/pcam/train/normal/valid_024784.png,normal
data/pcam/train/normal/valid_024785.png,normal
data/pcam/train/normal/valid_024787.png,normal
data/pcam/train/normal/valid_024788.png,normal
data/pcam/train/normal/valid_024790.png,normal
data/pcam/train/normal/valid_024793.png,normal
data/pcam/train/normal/valid_024795.png,normal
data/pcam/train/normal/valid_024797.png,normal
data/pcam/train/normal/valid_024804.png,normal
data/pcam/train/normal/valid_024807.png,normal
data/pcam/train/normal/valid_024810.png,normal
data/pcam/train/normal/valid_024814.png,normal
data/pcam/train/normal/valid_024815.png,normal
data/pcam/train/normal/valid_024818.png,normal
data/pcam/train/normal/valid_024821.png,normal
data/pcam/train/normal/valid_024822.png,normal
data/pcam/train/normal/valid_024832.png,normal
data/pcam/train/normal/valid_024833.png,normal
data/pcam/train/normal/valid_024834.png,normal
data/pcam/train/normal/valid_024837.png,normal
data/pcam/train/normal/valid_024841.png,normal
data/pcam/train/normal/valid_024846.png,normal
data/pcam/train/normal/valid_024847.png,normal
data/pcam/train/normal/valid_024853.png,normal
data/pcam/train/normal/valid_024854.png,normal
data/pcam/train/normal/valid_024861.png,normal
data/pcam/train/normal/valid_024864.png,normal
data/pcam/train/normal/valid_024885.png,normal
data/pcam/train/normal/valid_024892.png,normal
data/pcam/train/normal/valid_024893.png,normal
data/pcam/train/normal/valid_024896.png,normal
data/pcam/train/normal/valid_024900.png,normal
data/pcam/train/normal/valid_024902.png,normal
data/pcam/train/normal/valid_024903.png,normal
data/pcam/train/normal/valid_024905.png,normal
data/pcam/train/normal/valid_024909.png,normal
data/pcam/train/normal/valid_024910.png,normal
data/pcam/train/normal/valid_024915.png,normal
data/pcam/train/normal/valid_024917.png,normal
data/pcam/train/normal/valid_024921.png,normal
data/pcam/train/normal/valid_024923.png,normal
data/pcam/train/normal/valid_024924.png,normal
data/pcam/train/normal/valid_024925.png,normal
data/pcam/train/normal/valid_024931.png,normal
data/pcam/train/normal/valid_024936.png,normal
data/pcam/train/normal/valid_024937.png,normal
data/pcam/train/normal/valid_024940.png,normal
data/pcam/train/normal/valid_024943.png,normal
data/pcam/train/normal/valid_024945.png,normal
data/pcam/train/normal/valid_024946.png,normal
data/pcam/train/normal/valid_024951.png,normal
data/pcam/train/normal/valid_024954.png,normal
data/pcam/train/normal/valid_024966.png,normal
data/pcam/train/normal/valid_024972.png,normal
data/pcam/train/normal/valid_024976.png,normal
data/pcam/train/normal/valid_024980.png,normal
data/pcam/train/normal/valid_024982.png,normal
data/pcam/train/normal/valid_024990.png,normal
data/pcam/train/normal/valid_024991.png,normal
data/pcam/train/normal/valid_024998.png,normal
data/pcam/train/normal/valid_025003.png,normal
data/pcam/train/normal/valid_025007.png,normal
data/pcam/train/normal/valid_025011.png,normal
data/pcam/train/normal/valid_025016.png,normal
data/pcam/train/normal/valid_025020.png,normal
data/pcam/train/normal/valid_025021.png,normal
data/pcam/train/normal/valid_025027.png,normal
data/pcam/train/normal/valid_025040.png,normal
data/pcam/train/normal/valid_025047.png,normal
data/pcam/train/normal/valid_025069.png,normal
data/pcam/train/normal/valid_025073.png,normal
data/pcam/train/normal/valid_025077.png,normal
data/pcam/train/normal/valid_025085.png,normal
data/pcam/train/normal/valid_025095.png,normal
data/pcam/train/normal/valid_025108.png,normal
data/pcam/train/normal/valid_025119.png,normal
data/pcam/train/normal/valid_025120.png,normal
data/pcam/train/normal/valid_025139.png,normal
data/pcam/train/normal/valid_025141.png,normal
data/pcam/train/normal/valid_025203.png,normal
data/pcam/train/normal/valid_025260.png,normal
data/pcam/train/normal/valid_025362.png,normal
data/pcam/train/normal/valid_025404.png,normal
data/pcam/train/normal/valid_025415.png,normal
data/pcam/train/normal/valid_025423.png,normal
data/pcam/train/normal/valid_025429.png,normal
data/pcam/train/normal/valid_025432.png,normal
data/pcam/train/normal/valid_025437.png,normal
data/pcam/train/normal/valid_025440.png,normal
data/pcam/train/normal/valid_025442.png,normal
data/pcam/train/normal/valid_025450.png,normal
data/pcam/train/normal/valid_025451.png,normal
data/pcam/train/normal/valid_025452.png,normal
data/pcam/train/normal/valid_025457.png,normal
data/pcam/train/normal/valid_025463.png,normal
data/pcam/train/normal/valid_025467.png,normal
data/pcam/train/normal/valid_025472.png,normal
data/pcam/train/normal/valid_025474.png,normal
data/pcam/train/normal/valid_025475.png,normal
data/pcam/train/normal/valid_025476.png,normal
data/pcam/train/normal/valid_025479.png,normal
data/pcam/train/normal/valid_025482.png,normal
data/pcam/train/normal/valid_025486.png,normal
data/pcam/train/normal/valid_025490.png,normal
data/pcam/train/normal/valid_025491.png,normal
data/pcam/train/normal/valid_025494.png,normal
data/pcam/train/normal/valid_025495.png,normal
data/pcam/train/normal/valid_025498.png,normal
data/pcam/train/normal/valid_025501.png,normal
data/pcam/train/normal/valid_025503.png,normal
data/pcam/train/normal/valid_025507.png,normal
data/pcam/train/normal/valid_025509.png,normal
data/pcam/train/normal/valid_025511.png,normal
data/pcam/train/normal/valid_025513.png,normal
data/pcam/train/normal/valid_025517.png,normal
data/pcam/train/normal/valid_025519.png,normal
data/pcam/train/normal/valid_025520.png,normal
data/pcam/train/normal/valid_025524.png,normal
data/pcam/train/normal/valid_025525.png,normal
data/pcam/train/normal/valid_025529.png,normal
data/pcam/train/normal/valid_025530.png,normal
data/pcam/train/normal/valid_025531.png,normal
data/pcam/train/normal/valid_025534.png,normal
data/pcam/train/normal/valid_025542.png,normal
data/pcam/train/normal/valid_025548.png,normal
data/pcam/train/normal/valid_025551.png,normal
data/pcam/train/normal/valid_025553.png,normal
data/pcam/train/normal/valid_025554.png,normal
data/pcam/train/normal/valid_025555.png,normal
data/pcam/train/normal/valid_025559.png,normal
data/pcam/train/normal/valid_025560.png,normal
data/pcam/train/normal/valid_025566.png,normal
data/pcam/train/normal/valid_025567.png,normal
data/pcam/train/normal/valid_025570.png,normal
data/pcam/train/normal/valid_025574.png,normal
data/pcam/train/normal/valid_025577.png,normal
data/pcam/train/normal/valid_025579.png,normal
data/pcam/train/normal/valid_025591.png,normal
data/pcam/train/normal/valid_025593.png,normal
data/pcam/train/normal/valid_025594.png,normal
data/pcam/train/normal/valid_025603.png,normal
data/pcam/train/normal/valid_025608.png,normal
data/pcam/train/normal/valid_025617.png,normal
data/pcam/train/normal/valid_025619.png,normal
data/pcam/train/normal/valid_025622.png,normal
data/pcam/train/normal/valid_025624.png,normal
data/pcam/train/normal/valid_025629.png,normal
data/pcam/train/normal/valid_025634.png,normal
data/pcam/train/normal/valid_025638.png,normal
data/pcam/train/normal/valid_025642.png,normal
data/pcam/train/normal/valid_025644.png,normal
data/pcam/train/normal/valid_025646.png,normal
data/pcam/train/normal/valid_025647.png,normal
data/pcam/train/normal/valid_025650.png,normal
data/pcam/train/normal/valid_025652.png,normal
data/pcam/train/normal/valid_025654.png,normal
data/pcam/train/normal/valid_025665.png,normal
data/pcam/train/normal/valid_025667.png,normal
data/pcam/train/normal/valid_025670.png,normal
data/pcam/train/normal/valid_025673.png,normal
data/pcam/train/normal/valid_025676.png,normal
data/pcam/train/normal/valid_025686.png,normal
data/pcam/train/normal/valid_025692.png,normal
data/pcam/train/normal/valid_025695.png,normal
data/pcam/train/normal/valid_025714.png,normal
data/pcam/train/normal/valid_025723.png,normal
data/pcam/train/normal/valid_025726.png,normal
data/pcam/train/normal/valid_025727.png,normal
data/pcam/train/normal/valid_025730.png,normal
data/pcam/train/normal/valid_025748.png,normal
data/pcam/train/normal/valid_025757.png,normal
data/pcam/train/normal/valid_025772.png,normal
data/pcam/train/normal/valid_025777.png,normal
data/pcam/train/normal/valid_025784.png,normal
data/pcam/train/normal/valid_025788.png,normal
data/pcam/train/normal/valid_025816.png,normal
data/pcam/train/normal/valid_025818.png,normal
data/pcam/train/normal/valid_025930.png,normal
data/pcam/train/normal/valid_025960.png,normal
data/pcam/train/normal/valid_025963.png,normal
data/pcam/train/normal/valid_025974.png,normal
data/pcam/train/normal/valid_025981.png,normal
data/pcam/train/normal/valid_025983.png,normal
data/pcam/train/normal/valid_025996.png,normal
data/pcam/train/normal/valid_026005.png,normal
data/pcam/train/normal/valid_026007.png,normal
data/pcam/train/normal/valid_026012.png,normal
data/pcam/train/normal/valid_026015.png,normal
data/pcam/train/normal/valid_026016.png,normal
data/pcam/train/normal/valid_026018.png,normal
data/pcam/train/normal/valid_026025.png,normal
data/pcam/train/normal/valid_026039.png,normal
data/pcam/train/normal/valid_026040.png,normal
data/pcam/train/normal/valid_026042.png,normal
data/pcam/train/normal/valid_026052.png,normal
data/pcam/train/normal/valid_026055.png,normal
data/pcam/train/normal/valid_026058.png,normal
data/pcam/train/normal/valid_026059.png,normal
data/pcam/train/normal/valid_026065.png,normal
data/pcam/train/normal/valid_026066.png,normal
data/pcam/train/normal/valid_026072.png,normal
data/pcam/train/normal/valid_026073.png,normal
data/pcam/train/normal/valid_026075.png,normal
data/pcam/train/normal/valid_026076.png,normal
data/pcam/train/normal/valid_026081.png,normal
data/pcam/train/normal/valid_026085.png,normal
data/pcam/train/normal/valid_026086.png,normal
data/pcam/train/normal/valid_026087.png,normal
data/pcam/train/normal/valid_026088.png,normal
data/pcam/train/normal/valid_026099.png,normal
data/pcam/train/normal/valid_026100.png,normal
data/pcam/train/normal/valid_026102.png,normal
data/pcam/train/normal/valid_026103.png,normal
data/pcam/train/normal/valid_026104.png,normal
data/pcam/train/normal/valid_026107.png,normal
data/pcam/train/normal/valid_026109.png,normal
data/pcam/train/normal/valid_026113.png,normal
data/pcam/train/normal/valid_026114.png,normal
data/pcam/train/normal/valid_026115.png,normal
data/pcam/train/normal/valid_026117.png,normal
data/pcam/train/normal/valid_026122.png,normal
data/pcam/train/normal/valid_026123.png,normal
data/pcam/train/normal/valid_026125.png,normal
data/pcam/train/normal/valid_026131.png,normal
data/pcam/train/normal/valid_026132.png,normal
data/pcam/train/normal/valid_026136.png,normal
data/pcam/train/normal/valid_026139.png,normal
data/pcam/train/normal/valid_026142.png,normal
data/pcam/train/normal/valid_026144.png,normal
data/pcam/train/normal/valid_026148.png,normal
data/pcam/train/normal/valid_026149.png,normal
data/pcam/train/normal/valid_026150.png,normal
data/pcam/train/normal/valid_026153.png,normal
data/pcam/train/normal/valid_026161.png,normal
data/pcam/train/normal/valid_026163.png,normal
data/pcam/train/normal/valid_026164.png,normal
data/pcam/train/normal/valid_026165.png,normal
data/pcam/train/normal/valid_026170.png,normal
data/pcam/train/normal/valid_026174.png,normal
data/pcam/train/normal/valid_026181.png,normal
data/pcam/train/normal/valid_026184.png,normal
data/pcam/train/normal/valid_026185.png,normal
data/pcam/train/normal/valid_026195.png,normal
data/pcam/train/normal/valid_026202.png,normal
data/pcam/train/normal/valid_026206.png,normal
data/pcam/train/normal/valid_026208.png,normal
data/pcam/train/normal/valid_026210.png,normal
data/pcam/train/normal/valid_026211.png,normal
data/pcam/train/normal/valid_026220.png,normal
data/pcam/train/normal/valid_026226.png,normal
data/pcam/train/normal/valid_026235.png,normal
data/pcam/train/normal/valid_026236.png,normal
data/pcam/train/normal/valid_026250.png,normal
data/pcam/train/normal/valid_026252.png,normal
data/pcam/train/normal/valid_026253.png,normal
data/pcam/train/normal/valid_026257.png,normal
data/pcam/train/normal/valid_026264.png,normal
data/pcam/train/normal/valid_026274.png,normal
data/pcam/train/normal/valid_026298.png,normal
data/pcam/train/normal/valid_026302.png,normal
data/pcam/train/normal/valid_026325.png,normal
data/pcam/train/normal/valid_026363.png,normal
data/pcam/train/normal/valid_026460.png,normal
data/pcam/train/normal/valid_026473.png,normal
data/pcam/train/normal/valid_026477.png,normal
data/pcam/train/normal/valid_026485.png,normal
data/pcam/train/normal/valid_026490.png,normal
data/pcam/train/normal/valid_026503.png,normal
data/pcam/train/normal/valid_026539.png,normal
data/pcam/train/normal/valid_026543.png,normal
data/pcam/train/normal/valid_026552.png,normal
data/pcam/train/normal/valid_026558.png,normal
data/pcam/train/normal/valid_026559.png,normal
data/pcam/train/normal/valid_026567.png,normal
data/pcam/train/normal/valid_026570.png,normal
data/pcam/train/normal/valid_026571.png,normal
data/pcam/train/normal/valid_026573.png,normal
data/pcam/train/normal/valid_026583.png,normal
data/pcam/train/normal/valid_026585.png,normal
data/pcam/train/normal/valid_026586.png,normal
data/pcam/train/normal/valid_026595.png,normal
data/pcam/train/normal/valid_026599.png,normal
data/pcam/train/normal/valid_026601.png,normal
data/pcam/train/normal/valid_026604.png,normal
data/pcam/train/normal/valid_026605.png,normal
data/pcam/train/normal/valid_026606.png,normal
data/pcam/train/normal/valid_026607.png,normal
data/pcam/train/normal/valid_026610.png,normal
data/pcam/train/normal/valid_026619.png,normal
data/pcam/train/normal/valid_026620.png,normal
data/pcam/train/normal/valid_026635.png,normal
data/pcam/train/normal/valid_026643.png,normal
data/pcam/train/normal/valid_026646.png,normal
data/pcam/train/normal/valid_026652.png,normal
data/pcam/train/normal/valid_026661.png,normal
data/pcam/train/normal/valid_026665.png,normal
data/pcam/train/normal/valid_026666.png,normal
data/pcam/train/normal/valid_026667.png,normal
data/pcam/train/normal/valid_026670.png,normal
data/pcam/train/normal/valid_026672.png,normal
data/pcam/train/normal/valid_026676.png,normal
data/pcam/train/normal/valid_026681.png,normal
data/pcam/train/normal/valid_026683.png,normal
data/pcam/train/normal/valid_026688.png,normal
data/pcam/train/normal/valid_026694.png,normal
data/pcam/train/normal/valid_026695.png,normal
data/pcam/train/normal/valid_026701.png,normal
data/pcam/train/normal/valid_026704.png,normal
data/pcam/train/normal/valid_026707.png,normal
data/pcam/train/normal/valid_026708.png,normal
data/pcam/train/normal/valid_026710.png,normal
data/pcam/train/normal/valid_026711.png,normal
data/pcam/train/normal/valid_026718.png,normal
data/pcam/train/normal/valid_026719.png,normal
data/pcam/train/normal/valid_026721.png,normal
data/pcam/train/normal/valid_026723.png,normal
data/pcam/train/normal/valid_026729.png,normal
data/pcam/train/normal/valid_026731.png,normal
data/pcam/train/normal/valid_026734.png,normal
data/pcam/train/normal/valid_026737.png,normal
data/pcam/train/normal/valid_026740.png,normal
data/pcam/train/normal/valid_026741.png,normal
data/pcam/train/normal/valid_026753.png,normal
data/pcam/train/normal/valid_026759.png,normal
data/pcam/train/normal/valid_026760.png,normal
data/pcam/train/normal/valid_026761.png,normal
data/pcam/train/normal/valid_026769.png,normal
data/pcam/train/normal/valid_026771.png,normal
data/pcam/train/normal/valid_026772.png,normal
data/pcam/train/normal/valid_026780.png,normal
data/pcam/train/normal/valid_026785.png,normal
data/pcam/train/normal/valid_026796.png,normal
data/pcam/train/normal/valid_026799.png,normal
data/pcam/train/normal/valid_026812.png,normal
data/pcam/train/normal/valid_026818.png,normal
data/pcam/train/normal/valid_026840.png,normal
data/pcam/train/normal/valid_026854.png,normal
data/pcam/train/normal/valid_026896.png,normal
data/pcam/train/normal/valid_026907.png,normal
data/pcam/train/normal/valid_027118.png,normal
data/pcam/train/normal/valid_027124.png,normal
data/pcam/train/normal/valid_027141.png,normal
data/pcam/train/normal/valid_027154.png,normal
data/pcam/train/normal/valid_027162.png,normal
data/pcam/train/normal/valid_027181.png,normal
data/pcam/train/normal/valid_027182.png,normal
data/pcam/train/normal/valid_027184.png,normal
data/pcam/train/normal/valid_027186.png,normal
data/pcam/train/normal/valid_027188.png,normal
data/pcam/train/normal/valid_027193.png,normal
data/pcam/train/normal/valid_027194.png,normal
data/pcam/train/normal/valid_027198.png,normal
data/pcam/train/normal/valid_027204.png,normal
data/pcam/train/normal/valid_027206.png,normal
data/pcam/train/normal/valid_027213.png,normal
data/pcam/train/normal/valid_027215.png,normal
data/pcam/train/normal/valid_027220.png,normal
data/pcam/train/normal/valid_027224.png,normal
data/pcam/train/normal/valid_027231.png,normal
data/pcam/train/normal/valid_027237.png,normal
data/pcam/train/normal/valid_027243.png,normal
data/pcam/train/normal/valid_027247.png,normal
data/pcam/train/normal/valid_027251.png,normal
data/pcam/train/normal/valid_027253.png,normal
data/pcam/train/normal/valid_027257.png,normal
data/pcam/train/normal/valid_027260.png,normal
data/pcam/train/normal/valid_027263.png,normal
data/pcam/train/normal/valid_027266.png,normal
data/pcam/train/normal/valid_027268.png,normal
data/pcam/train/normal/valid_027270.png,normal
data/pcam/train/normal/valid_027271.png,normal
data/pcam/train/normal/valid_027272.png,normal
data/pcam/train/normal/valid_027273.png,normal
data/pcam/train/normal/valid_027275.png,normal
data/pcam/train/normal/valid_027276.png,normal
data/pcam/train/normal/valid_027279.png,normal
data/pcam/train/normal/valid_027282.png,normal
data/pcam/train/normal/valid_027285.png,normal
data/pcam/train/normal/valid_027286.png,normal
data/pcam/train/normal/valid_027287.png,normal
data/pcam/train/normal/valid_027292.png,normal
data/pcam/train/normal/valid_027301.png,normal
data/pcam/train/normal/valid_027302.png,normal
data/pcam/train/normal/valid_027315.png,normal
data/pcam/train/normal/valid_027328.png,normal
data/pcam/train/normal/valid_027329.png,normal
data/pcam/train/normal/valid_027335.png,normal
data/pcam/train/normal/valid_027336.png,normal
data/pcam/train/normal/valid_027339.png,normal
data/pcam/train/normal/valid_027340.png,normal
data/pcam/train/normal/valid_027341.png,normal
data/pcam/train/normal/valid_027346.png,normal
data/pcam/train/normal/valid_027348.png,normal
data/pcam/train/normal/valid_027349.png,normal
data/pcam/train/normal/valid_027350.png,normal
data/pcam/train/normal/valid_027352.png,normal
data/pcam/train/normal/valid_027355.png,normal
data/pcam/train/normal/valid_027357.png,normal
data/pcam/train/normal/valid_027359.png,normal
data/pcam/train/normal/valid_027360.png,normal
data/pcam/train/normal/valid_027361.png,normal
data/pcam/train/normal/valid_027365.png,normal
data/pcam/train/normal/valid_027379.png,normal
data/pcam/train/normal/valid_027380.png,normal
data/pcam/train/normal/valid_027383.png,normal
data/pcam/train/normal/valid_027406.png,normal
data/pcam/train/normal/valid_027409.png,normal
data/pcam/train/normal/valid_027411.png,normal
data/pcam/train/normal/valid_027418.png,normal
data/pcam/train/normal/valid_027432.png,normal
data/pcam/train/normal/valid_027434.png,normal
data/pcam/train/normal/valid_027435.png,normal
data/pcam/train/normal/valid_027455.png,normal
data/pcam/train/normal/valid_027468.png,normal
data/pcam/train/normal/valid_027482.png,normal
data/pcam/train/normal/valid_027505.png,normal
data/pcam/train/normal/valid_027510.png,normal
data/pcam/train/normal/valid_027516.png,normal
data/pcam/train/normal/valid_027517.png,normal
data/pcam/train/normal/valid_027546.png,normal
data/pcam/train/normal/valid_027557.png,normal
data/pcam/train/normal/valid_027652.png,normal
data/pcam/train/normal/valid_027727.png,normal
data/pcam/train/normal/valid_027729.png,normal
data/pcam/train/normal/valid_027753.png,normal
data/pcam/train/normal/valid_027785.png,normal
data/pcam/train/normal/valid_027811.png,normal
data/pcam/train/normal/valid_027815.png,normal
data/pcam/train/normal/valid_027816.png,normal
data/pcam/train/normal/valid_027818.png,normal
data/pcam/train/normal/valid_027819.png,normal
data/pcam/train/normal/valid_027825.png,normal
data/pcam/train/normal/valid_027827.png,normal
data/pcam/train/normal/valid_027828.png,normal
data/pcam/train/normal/valid_027832.png,normal
data/pcam/train/normal/valid_027833.png,normal
data/pcam/train/normal/valid_027834.png,normal
data/pcam/train/normal/valid_027836.png,normal
data/pcam/train/normal/valid_027837.png,normal
data/pcam/train/normal/valid_027842.png,normal
data/pcam/train/normal/valid_027853.png,normal
data/pcam/train/normal/valid_027856.png,normal
data/pcam/train/normal/valid_027859.png,normal
data/pcam/train/normal/valid_027860.png,normal
data/pcam/train/normal/valid_027863.png,normal
data/pcam/train/normal/valid_027864.png,normal
data/pcam/train/normal/valid_027865.png,normal
data/pcam/train/normal/valid_027866.png,normal
data/pcam/train/normal/valid_027868.png,normal
data/pcam/train/normal/valid_027873.png,normal
data/pcam/train/normal/valid_027874.png,normal
data/pcam/train/normal/valid_027875.png,normal
data/pcam/train/normal/valid_027879.png,normal
data/pcam/train/normal/valid_027902.png,normal
data/pcam/train/normal/valid_027913.png,normal
data/pcam/train/normal/valid_027915.png,normal
data/pcam/train/normal/valid_027916.png,normal
data/pcam/train/normal/valid_027918.png,normal
data/pcam/train/normal/valid_027921.png,normal
data/pcam/train/normal/valid_027926.png,normal
data/pcam/train/normal/valid_027933.png,normal
data/pcam/train/normal/valid_027937.png,normal
data/pcam/train/normal/valid_027944.png,normal
data/pcam/train/normal/valid_027948.png,normal
data/pcam/train/normal/valid_027953.png,normal
data/pcam/train/normal/valid_027954.png,normal
data/pcam/train/normal/valid_027955.png,normal
data/pcam/train/normal/valid_027957.png,normal
data/pcam/train/normal/valid_027961.png,normal
data/pcam/train/normal/valid_027965.png,normal
data/pcam/train/normal/valid_027966.png,normal
data/pcam/train/normal/valid_027970.png,normal
data/pcam/train/normal/valid_027971.png,normal
data/pcam/train/normal/valid_027972.png,normal
data/pcam/train/normal/valid_027978.png,normal
data/pcam/train/normal/valid_027982.png,normal
data/pcam/train/normal/valid_027984.png,normal
data/pcam/train/normal/valid_027996.png,normal
data/pcam/train/normal/valid_027999.png,normal
data/pcam/train/normal/valid_028006.png,normal
data/pcam/train/normal/valid_028009.png,normal
data/pcam/train/normal/valid_028010.png,normal
data/pcam/train/normal/valid_028014.png,normal
data/pcam/train/normal/valid_028015.png,normal
data/pcam/train/normal/valid_028019.png,normal
data/pcam/train/normal/valid_028023.png,normal
data/pcam/train/normal/valid_028024.png,normal
data/pcam/train/normal/valid_028029.png,normal
data/pcam/train/normal/valid_028031.png,normal
data/pcam/train/normal/valid_028037.png,normal
data/pcam/train/normal/valid_028038.png,normal
data/pcam/train/normal/valid_028041.png,normal
data/pcam/train/normal/valid_028042.png,normal
data/pcam/train/normal/valid_028043.png,normal
data/pcam/train/normal/valid_028047.png,normal
data/pcam/train/normal/valid_028055.png,normal
data/pcam/train/normal/valid_028058.png,normal
data/pcam/train/normal/valid_028060.png,normal
data/pcam/train/normal/valid_028062.png,normal
data/pcam/train/normal/valid_028063.png,normal
data/pcam/train/normal/valid_028070.png,normal
data/pcam/train/normal/valid_028072.png,normal
data/pcam/train/normal/valid_028081.png,normal
data/pcam/train/normal/valid_028089.png,normal
data/pcam/train/normal/valid_028102.png,normal
data/pcam/train/normal/valid_028107.png,normal
data/pcam/train/normal/valid_028113.png,normal
data/pcam/train/normal/valid_028120.png,normal
data/pcam/train/normal/valid_028136.png,normal
data/pcam/train/normal/valid_028137.png,normal
data/pcam/train/normal/valid_028138.png,normal
data/pcam/train/normal/valid_028142.png,normal
data/pcam/train/normal/valid_028150.png,normal
data/pcam/train/normal/valid_028153.png,normal
data/pcam/train/normal/valid_028184.png,normal
data/pcam/train/normal/valid_028192.png,normal
data/pcam/train/normal/valid_028193.png,normal
data/pcam/train/normal/valid_028372.png,normal
data/pcam/train/normal/valid_028391.png,normal
data/pcam/train/normal/valid_028393.png,normal
data/pcam/train/normal/valid_028446.png,normal
data/pcam/train/normal/valid_028454.png,normal
data/pcam/train/normal/valid_028456.png,normal
data/pcam/train/normal/valid_028457.png,normal
data/pcam/train/normal/valid_028459.png,normal
data/pcam/train/normal/valid_028466.png,normal
data/pcam/train/normal/valid_028470.png,normal
data/pcam/train/normal/valid_028475.png,normal
data/pcam/train/normal/valid_028477.png,normal
data/pcam/train/normal/valid_028478.png,normal
data/pcam/train/normal/valid_028480.png,normal
data/pcam/train/normal/valid_028483.png,normal
data/pcam/train/normal/valid_028486.png,normal
data/pcam/train/normal/valid_028487.png,normal
data/pcam/train/normal/valid_028488.png,normal
data/pcam/train/normal/valid_028491.png,normal
data/pcam/train/normal/valid_028493.png,normal
data/pcam/train/normal/valid_028496.png,normal
data/pcam/train/normal/valid_028497.png,normal
data/pcam/train/normal/valid_028502.png,normal
data/pcam/train/normal/valid_028509.png,normal
data/pcam/train/normal/valid_028510.png,normal
data/pcam/train/normal/valid_028513.png,normal
data/pcam/train/normal/valid_028514.png,normal
data/pcam/train/normal/valid_028520.png,normal
data/pcam/train/normal/valid_028522.png,normal
data/pcam/train/normal/valid_028523.png,normal
data/pcam/train/normal/valid_028525.png,normal
data/pcam/train/normal/valid_028529.png,normal
data/pcam/train/normal/valid_028530.png,normal
data/pcam/train/normal/valid_028531.png,normal
data/pcam/train/normal/valid_028534.png,normal
data/pcam/train/normal/valid_028536.png,normal
data/pcam/train/normal/valid_028539.png,normal
data/pcam/train/normal/valid_028548.png,normal
data/pcam/train/normal/valid_028552.png,normal
data/pcam/train/normal/valid_028565.png,normal
data/pcam/train/normal/valid_028570.png,normal
data/pcam/train/normal/valid_028580.png,normal
data/pcam/train/normal/valid_028583.png,normal
data/pcam/train/normal/valid_028590.png,normal
data/pcam/train/normal/valid_028592.png,normal
data/pcam/train/normal/valid_028595.png,normal
data/pcam/train/normal/valid_028599.png,normal
data/pcam/train/normal/valid_028604.png,normal
data/pcam/train/normal/valid_028606.png,normal
data/pcam/train/normal/valid_028609.png,normal
data/pcam/train/normal/valid_028613.png,normal
data/pcam/train/normal/valid_028619.png,normal
data/pcam/train/normal/valid_028622.png,normal
data/pcam/train/normal/valid_028623.png,normal
data/pcam/train/normal/valid_028629.png,normal
data/pcam/train/normal/valid_028635.png,normal
data/pcam/train/normal/valid_028637.png,normal
data/pcam/train/normal/valid_028645.png,normal
data/pcam/train/normal/valid_028650.png,normal
data/pcam/train/normal/valid_028652.png,normal
data/pcam/train/normal/valid_028658.png,normal
data/pcam/train/normal/valid_028666.png,normal
data/pcam/train/normal/valid_028668.png,normal
data/pcam/train/normal/valid_028671.png,normal
data/pcam/train/normal/valid_028679.png,normal
data/pcam/train/normal/valid_028681.png,normal
data/pcam/train/normal/valid_028683.png,normal
data/pcam/train/normal/valid_028684.png,normal
data/pcam/train/normal/valid_028686.png,normal
data/pcam/train/normal/valid_028689.png,normal
data/pcam/train/normal/valid_028693.png,normal
data/pcam/train/normal/valid_028694.png,normal
data/pcam/train/normal/valid_028696.png,normal
data/pcam/train/normal/valid_028697.png,normal
data/pcam/train/normal/valid_028700.png,normal
data/pcam/train/normal/valid_028702.png,normal
data/pcam/train/normal/valid_028703.png,normal
data/pcam/train/normal/valid_028705.png,normal
data/pcam/train/normal/valid_028710.png,normal
data/pcam/train/normal/valid_028711.png,normal
data/pcam/train/normal/valid_028720.png,normal
data/pcam/train/normal/valid_028730.png,normal
data/pcam/train/normal/valid_028731.png,normal
data/pcam/train/normal/valid_028733.png,normal
data/pcam/train/normal/valid_028740.png,normal
data/pcam/train/normal/valid_028746.png,normal
data/pcam/train/normal/valid_028749.png,normal
data/pcam/train/normal/valid_028750.png,normal
data/pcam/train/normal/valid_028758.png,normal
data/pcam/train/normal/valid_028772.png,normal
data/pcam/train/normal/valid_028799.png,normal
data/pcam/train/normal/valid_028808.png,normal
data/pcam/train/normal/valid_028812.png,normal
data/pcam/train/normal/valid_028831.png,normal
data/pcam/train/normal/valid_028852.png,normal
data/pcam/train/normal/valid_028856.png,normal
data/pcam/train/normal/valid_028899.png,normal
data/pcam/train/normal/valid_028926.png,normal
data/pcam/train/normal/valid_028935.png,normal
data/pcam/train/normal/valid_028991.png,normal
data/pcam/train/normal/valid_029008.png,normal
data/pcam/train/normal/valid_029057.png,normal
data/pcam/train/normal/valid_029084.png,normal
data/pcam/train/normal/valid_029091.png,normal
data/pcam/train/normal/valid_029096.png,normal
data/pcam/train/normal/valid_029102.png,normal
data/pcam/train/normal/valid_029104.png,normal
data/pcam/train/normal/valid_029108.png,normal
data/pcam/train/normal/valid_029120.png,normal
data/pcam/train/normal/valid_029124.png,normal
data/pcam/train/normal/valid_029125.png,normal
data/pcam/train/normal/valid_029132.png,normal
data/pcam/train/normal/valid_029134.png,normal
data/pcam/train/normal/valid_029136.png,normal
data/pcam/train/normal/valid_029138.png,normal
data/pcam/train/normal/valid_029139.png,normal
data/pcam/train/normal/valid_029140.png,normal
data/pcam/train/normal/valid_029147.png,normal
data/pcam/train/normal/valid_029153.png,normal
data/pcam/train/normal/valid_029154.png,normal
data/pcam/train/normal/valid_029155.png,normal
data/pcam/train/normal/valid_029157.png,normal
data/pcam/train/normal/valid_029160.png,normal
data/pcam/train/normal/valid_029165.png,normal
data/pcam/train/normal/valid_029166.png,normal
data/pcam/train/normal/valid_029167.png,normal
data/pcam/train/normal/valid_029175.png,normal
data/pcam/train/normal/valid_029189.png,normal
data/pcam/train/normal/valid_029202.png,normal
data/pcam/train/normal/valid_029203.png,normal
data/pcam/train/normal/valid_029210.png,normal
data/pcam/train/normal/valid_029216.png,normal
data/pcam/train/normal/valid_029217.png,normal
data/pcam/train/normal/valid_029221.png,normal
data/pcam/train/normal/valid_029231.png,normal
data/pcam/train/normal/valid_029232.png,normal
data/pcam/train/normal/valid_029239.png,normal
data/pcam/train/normal/valid_029241.png,normal
data/pcam/train/normal/valid_029242.png,normal
data/pcam/train/normal/valid_029253.png,normal
data/pcam/train/normal/valid_029257.png,normal
data/pcam/train/normal/valid_029258.png,normal
data/pcam/train/normal/valid_029259.png,normal
data/pcam/train/normal/valid_029262.png,normal
data/pcam/train/normal/valid_029263.png,normal
data/pcam/train/normal/valid_029268.png,normal
data/pcam/train/normal/valid_029270.png,normal
data/pcam/train/normal/valid_029275.png,normal
data/pcam/train/normal/valid_029279.png,normal
data/pcam/train/normal/valid_029281.png,normal
data/pcam/train/normal/valid_029283.png,normal
data/pcam/train/normal/valid_029293.png,normal
data/pcam/train/normal/valid_029294.png,normal
data/pcam/train/normal/valid_029295.png,normal
data/pcam/train/normal/valid_029297.png,normal
data/pcam/train/normal/valid_029301.png,normal
data/pcam/train/normal/valid_029302.png,normal
data/pcam/train/normal/valid_029303.png,normal
data/pcam/train/normal/valid_029305.png,normal
data/pcam/train/normal/valid_029306.png,normal
data/pcam/train/normal/valid_029308.png,normal
data/pcam/train/normal/valid_029309.png,normal
data/pcam/train/normal/valid_029311.png,normal
data/pcam/train/normal/valid_029317.png,normal
data/pcam/train/normal/valid_029319.png,normal
data/pcam/train/normal/valid_029320.png,normal
data/pcam/train/normal/valid_029321.png,normal
data/pcam/train/normal/valid_029332.png,normal
data/pcam/train/normal/valid_029334.png,normal
data/pcam/train/normal/valid_029340.png,normal
data/pcam/train/normal/valid_029344.png,normal
data/pcam/train/normal/valid_029349.png,normal
data/pcam/train/normal/valid_029352.png,normal
data/pcam/train/normal/valid_029355.png,normal
data/pcam/train/normal/valid_029356.png,normal
data/pcam/train/normal/valid_029368.png,normal
data/pcam/train/normal/valid_029390.png,normal
data/pcam/train/normal/valid_029392.png,normal
data/pcam/train/normal/valid_029406.png,normal
data/pcam/train/normal/valid_029449.png,normal
data/pcam/train/normal/valid_029617.png,normal
data/pcam/train/normal/valid_029672.png,normal
data/pcam/train/normal/valid_029688.png,normal
data/pcam/train/normal/valid_029689.png,normal
data/pcam/train/normal/valid_029702.png,normal
data/pcam/train/normal/valid_029706.png,normal
data/pcam/train/normal/valid_029714.png,normal
data/pcam/train/normal/valid_029717.png,normal
data/pcam/train/normal/valid_029719.png,normal
data/pcam/train/normal/valid_029720.png,normal
data/pcam/train/normal/valid_029721.png,normal
data/pcam/train/normal/valid_029722.png,normal
data/pcam/train/normal/valid_029723.png,normal
data/pcam/train/normal/valid_029726.png,normal
data/pcam/train/normal/valid_029728.png,normal
data/pcam/train/normal/valid_029743.png,normal
data/pcam/train/normal/valid_029747.png,normal
data/pcam/train/normal/valid_029753.png,normal
data/pcam/train/normal/valid_029754.png,normal
data/pcam/train/normal/valid_029765.png,normal
data/pcam/train/normal/valid_029770.png,normal
data/pcam/train/normal/valid_029772.png,normal
data/pcam/train/normal/valid_029773.png,normal
data/pcam/train/normal/valid_029774.png,normal
data/pcam/train/normal/valid_029787.png,normal
data/pcam/train/normal/valid_029788.png,normal
data/pcam/train/normal/valid_029793.png,normal
data/pcam/train/normal/valid_029798.png,normal
data/pcam/train/normal/valid_029799.png,normal
data/pcam/train/normal/valid_029800.png,normal
data/pcam/train/normal/valid_029803.png,normal
data/pcam/train/normal/valid_029805.png,normal
data/pcam/train/normal/valid_029808.png,normal
data/pcam/train/normal/valid_029816.png,normal
data/pcam/train/normal/valid_029819.png,normal
data/pcam/train/normal/valid_029824.png,normal
data/pcam/train/normal/valid_029828.png,normal
data/pcam/train/normal/valid_029829.png,normal
data/pcam/train/normal/valid_029831.png,normal
data/pcam/train/normal/valid_029840.png,normal
data/pcam/train/normal/valid_029847.png,normal
data/pcam/train/normal/valid_029852.png,normal
data/pcam/train/normal/valid_029864.png,normal
data/pcam/train/normal/valid_029871.png,normal
data/pcam/train/normal/valid_029875.png,normal
data/pcam/train/normal/valid_029876.png,normal
data/pcam/train/normal/valid_029878.png,normal
data/pcam/train/normal/valid_029879.png,normal
data/pcam/train/normal/valid_029886.png,normal
data/pcam/train/normal/valid_029895.png,normal
data/pcam/train/normal/valid_029896.png,normal
data/pcam/train/normal/valid_029898.png,normal
data/pcam/train/normal/valid_029901.png,normal
data/pcam/train/normal/valid_029904.png,normal
data/pcam/train/normal/valid_029906.png,normal
data/pcam/train/normal/valid_029915.png,normal
data/pcam/train/normal/valid_029920.png,normal
data/pcam/train/normal/valid_029921.png,normal
data/pcam/train/normal/valid_029925.png,normal
data/pcam/train/normal/valid_029933.png,normal
data/pcam/train/normal/valid_029934.png,normal
data/pcam/train/normal/valid_029942.png,normal
data/pcam/train/normal/valid_029947.png,normal
data/pcam/train/normal/valid_029948.png,normal
data/pcam/train/normal/valid_029958.png,normal
data/pcam/train/normal/valid_029962.png,normal
data/pcam/train/normal/valid_029972.png,normal
data/pcam/train/normal/valid_029973.png,normal
data/pcam/train/normal/valid_029977.png,normal
data/pcam/train/normal/valid_029989.png,normal
data/pcam/train/normal/valid_029998.png,normal
data/pcam/train/normal/valid_030007.png,normal
data/pcam/train/normal/valid_030008.png,normal
data/pcam/train/normal/valid_030020.png,normal
data/pcam/train/normal/valid_030029.png,normal
data/pcam/train/normal/valid_030034.png,normal
data/pcam/train/normal/valid_030067.png,normal
data/pcam/train/normal/valid_030328.png,normal
data/pcam/train/normal/valid_030345.png,normal
data/pcam/train/normal/valid_030347.png,normal
data/pcam/train/normal/valid_030356.png,normal
data/pcam/train/normal/valid_030357.png,normal
data/pcam/train/normal/valid_030364.png,normal
data/pcam/train/normal/valid_030366.png,normal
data/pcam/train/normal/valid_030373.png,normal
data/pcam/train/normal/valid_030376.png,normal
data/pcam/train/normal/valid_030379.png,normal
data/pcam/train/normal/valid_030381.png,normal
data/pcam/train/normal/valid_030385.png,normal
data/pcam/train/normal/valid_030388.png,normal
data/pcam/train/normal/valid_030390.png,normal
data/pcam/train/normal/valid_030391.png,normal
data/pcam/train/normal/valid_030394.png,normal
data/pcam/train/normal/valid_030396.png,normal
data/pcam/train/normal/valid_030399.png,normal
data/pcam/train/normal/valid_030411.png,normal
data/pcam/train/normal/valid_030412.png,normal
data/pcam/train/normal/valid_030413.png,normal
data/pcam/train/normal/valid_030416.png,normal
data/pcam/train/normal/valid_030422.png,normal
data/pcam/train/normal/valid_030431.png,normal
data/pcam/train/normal/valid_030434.png,normal
data/pcam/train/normal/valid_030439.png,normal
data/pcam/train/normal/valid_030440.png,normal
data/pcam/train/normal/valid_030443.png,normal
data/pcam/train/normal/valid_030444.png,normal
data/pcam/train/normal/valid_030445.png,normal
data/pcam/train/normal/valid_030448.png,normal
data/pcam/train/normal/valid_030450.png,normal
data/pcam/train/normal/valid_030453.png,normal
data/pcam/train/normal/valid_030454.png,normal
data/pcam/train/normal/valid_030458.png,normal
data/pcam/train/normal/valid_030468.png,normal
data/pcam/train/normal/valid_030471.png,normal
data/pcam/train/normal/valid_030474.png,normal
data/pcam/train/normal/valid_030481.png,normal
data/pcam/train/normal/valid_030484.png,normal
data/pcam/train/normal/valid_030486.png,normal
data/pcam/train/normal/valid_030487.png,normal
data/pcam/train/normal/valid_030493.png,normal
data/pcam/train/normal/valid_030497.png,normal
data/pcam/train/normal/valid_030509.png,normal
data/pcam/train/normal/valid_030514.png,normal
data/pcam/train/normal/valid_030516.png,normal
data/pcam/train/normal/valid_030521.png,normal
data/pcam/train/normal/valid_030528.png,normal
data/pcam/train/normal/valid_030529.png,normal
data/pcam/train/normal/valid_030530.png,normal
data/pcam/train/normal/valid_030531.png,normal
data/pcam/train/normal/valid_030535.png,normal
data/pcam/train/normal/valid_030539.png,normal
data/pcam/train/normal/valid_030542.png,normal
data/pcam/train/normal/valid_030543.png,normal
data/pcam/train/normal/valid_030548.png,normal
data/pcam/train/normal/valid_030551.png,normal
data/pcam/train/normal/valid_030555.png,normal
data/pcam/train/normal/valid_030557.png,normal
data/pcam/train/normal/valid_030559.png,normal
data/pcam/train/normal/valid_030560.png,normal
data/pcam/train/normal/valid_030567.png,normal
data/pcam/train/normal/valid_030568.png,normal
data/pcam/train/normal/valid_030570.png,normal
data/pcam/train/normal/valid_030576.png,normal
data/pcam/train/normal/valid_030581.png,normal
data/pcam/train/normal/valid_030582.png,normal
data/pcam/train/normal/valid_030587.png,normal
data/pcam/train/normal/valid_030592.png,normal
data/pcam/train/normal/valid_030593.png,normal
data/pcam/train/normal/valid_030599.png,normal
data/pcam/train/normal/valid_030600.png,normal
data/pcam/train/normal/valid_030606.png,normal
data/pcam/train/normal/valid_030607.png,normal
data/pcam/train/normal/valid_030612.png,normal
data/pcam/train/normal/valid_030618.png,normal
data/pcam/train/normal/valid_030621.png,normal
data/pcam/train/normal/valid_030622.png,normal
data/pcam/train/normal/valid_030625.png,normal
data/pcam/train/normal/valid_030631.png,normal
data/pcam/train/normal/valid_030635.png,normal
data/pcam/train/normal/valid_030636.png,normal
data/pcam/train/normal/valid_030638.png,normal
data/pcam/train/normal/valid_030644.png,normal
data/pcam/train/normal/valid_030649.png,normal
data/pcam/train/normal/valid_030653.png,normal
data/pcam/train/normal/valid_030660.png,normal
data/pcam/train/normal/valid_030661.png,normal
data/pcam/train/normal/valid_030662.png,normal
data/pcam/train/normal/valid_030665.png,normal
data/pcam/train/normal/valid_030671.png,normal
data/pcam/train/normal/valid_030674.png,normal
data/pcam/train/normal/valid_030675.png,normal
data/pcam/train/normal/valid_030682.png,normal
data/pcam/train/normal/valid_030688.png,normal
data/pcam/train/normal/valid_030699.png,normal
data/pcam/train/normal/valid_030706.png,normal
data/pcam/train/normal/valid_030717.png,normal
data/pcam/train/normal/valid_030726.png,normal
data/pcam/train/normal/valid_030733.png,normal
data/pcam/train/normal/valid_030736.png,normal
data/pcam/train/normal/valid_030745.png,normal
data/pcam/train/normal/valid_030759.png,normal
data/pcam/train/normal/valid_030790.png,normal
data/pcam/train/normal/valid_030875.png,normal
data/pcam/train/normal/valid_030934.png,normal
data/pcam/train/normal/valid_030974.png,normal
data/pcam/train/normal/valid_030997.png,normal
data/pcam/train/normal/valid_031022.png,normal
data/pcam/train/normal/valid_031028.png,normal
data/pcam/train/normal/valid_031031.png,normal
data/pcam/train/normal/valid_031035.png,normal
data/pcam/train/normal/valid_031039.png,normal
data/pcam/train/normal/valid_031041.png,normal
data/pcam/train/normal/valid_031043.png,normal
data/pcam/train/normal/valid_031047.png,normal
data/pcam/train/normal/valid_031052.png,normal
data/pcam/train/normal/valid_031053.png,normal
data/pcam/train/normal/valid_031054.png,normal
data/pcam/train/normal/valid_031059.png,normal
data/pcam/train/normal/valid_031063.png,normal
data/pcam/train/normal/valid_031066.png,normal
data/pcam/train/normal/valid_031068.png,normal
data/pcam/train/normal/valid_031069.png,normal
data/pcam/train/normal/valid_031070.png,normal
data/pcam/train/normal/valid_031076.png,normal
data/pcam/train/normal/valid_031078.png,normal
data/pcam/train/normal/valid_031081.png,normal
data/pcam/train/normal/valid_031087.png,normal
data/pcam/train/normal/valid_031088.png,normal
data/pcam/train/normal/valid_031097.png,normal
data/pcam/train/normal/valid_031101.png,normal
data/pcam/train/normal/valid_031102.png,normal
data/pcam/train/normal/valid_031109.png,normal
data/pcam/train/normal/valid_031114.png,normal
data/pcam/train/normal/valid_031120.png,normal
data/pcam/train/normal/valid_031128.png,normal
data/pcam/train/normal/valid_031129.png,normal
data/pcam/train/normal/valid_031130.png,normal
data/pcam/train/normal/valid_031135.png,normal
data/pcam/train/normal/valid_031136.png,normal
data/pcam/train/normal/valid_031138.png,normal
data/pcam/train/normal/valid_031140.png,normal
data/pcam/train/normal/valid_031141.png,normal
data/pcam/train/normal/valid_031143.png,normal
data/pcam/train/normal/valid_031145.png,normal
data/pcam/train/normal/valid_031152.png,normal
data/pcam/train/normal/valid_031155.png,normal
data/pcam/train/normal/valid_031159.png,normal
data/pcam/train/normal/valid_031162.png,normal
data/pcam/train/normal/valid_031167.png,normal
data/pcam/train/normal/valid_031170.png,normal
data/pcam/train/normal/valid_031176.png,normal
data/pcam/train/normal/valid_031181.png,normal
data/pcam/train/normal/valid_031190.png,normal
data/pcam/train/normal/valid_031191.png,normal
data/pcam/train/normal/valid_031196.png,normal
data/pcam/train/normal/valid_031198.png,normal
data/pcam/train/normal/valid_031201.png,normal
data/pcam/train/normal/valid_031205.png,normal
data/pcam/train/normal/valid_031207.png,normal
data/pcam/train/normal/valid_031216.png,normal
data/pcam/train/normal/valid_031218.png,normal
data/pcam/train/normal/valid_031219.png,normal
data/pcam/train/normal/valid_031221.png,normal
data/pcam/train/normal/valid_031232.png,normal
data/pcam/train/normal/valid_031235.png,normal
data/pcam/train/normal/valid_031237.png,normal
data/pcam/train/normal/valid_031243.png,normal
data/pcam/train/normal/valid_031248.png,normal
data/pcam/train/normal/valid_031250.png,normal
data/pcam/train/normal/valid_031251.png,normal
data/pcam/train/normal/valid_031254.png,normal
data/pcam/train/normal/valid_031260.png,normal
data/pcam/train/normal/valid_031270.png,normal
data/pcam/train/normal/valid_031272.png,normal
data/pcam/train/normal/valid_031273.png,normal
data/pcam/train/normal/valid_031278.png,normal
data/pcam/train/normal/valid_031280.png,normal
data/pcam/train/normal/valid_031289.png,normal
data/pcam/train/normal/valid_031291.png,normal
data/pcam/train/normal/valid_031293.png,normal
data/pcam/train/normal/valid_031295.png,normal
data/pcam/train/normal/valid_031300.png,normal
data/pcam/train/normal/valid_031306.png,normal
data/pcam/train/normal/valid_031315.png,normal
data/pcam/train/normal/valid_031316.png,normal
data/pcam/train/normal/valid_031319.png,normal
data/pcam/train/normal/valid_031323.png,normal
data/pcam/train/normal/valid_031327.png,normal
data/pcam/train/normal/valid_031330.png,normal
data/pcam/train/normal/valid_031341.png,normal
data/pcam/train/normal/valid_031356.png,normal
data/pcam/train/normal/valid_031369.png,normal
data/pcam/train/normal/valid_031370.png,normal
data/pcam/train/normal/valid_031372.png,normal
data/pcam/train/normal/valid_031377.png,normal
data/pcam/train/normal/valid_031402.png,normal
data/pcam/train/normal/valid_031408.png,normal
data/pcam/train/normal/valid_031421.png,normal
data/pcam/train/normal/valid_031438.png,normal
data/pcam/train/normal/valid_031462.png,normal
data/pcam/train/normal/valid_031670.png,normal
data/pcam/train/normal/valid_031683.png,normal
data/pcam/train/normal/valid_031691.png,normal
data/pcam/train/normal/valid_031734.png,normal
data/pcam/train/normal/valid_031738.png,normal
data/pcam/train/normal/valid_031746.png,normal
data/pcam/train/normal/valid_031760.png,normal
data/pcam/train/normal/valid_031761.png,normal
data/pcam/train/normal/valid_031762.png,normal
data/pcam/train/normal/valid_031771.png,normal
data/pcam/train/normal/valid_031776.png,normal
data/pcam/train/normal/valid_031777.png,normal
data/pcam/train/normal/valid_031783.png,normal
data/pcam/train/normal/valid_031786.png,normal
data/pcam/train/normal/valid_031791.png,normal
data/pcam/train/normal/valid_031815.png,normal
data/pcam/train/normal/valid_031818.png,normal
data/pcam/train/normal/valid_031822.png,normal
data/pcam/train/normal/valid_031823.png,normal
data/pcam/train/normal/valid_031824.png,normal
data/pcam/train/normal/valid_031830.png,normal
data/pcam/train/normal/valid_031836.png,normal
data/pcam/train/normal/valid_031845.png,normal
data/pcam/train/normal/valid_031846.png,normal
data/pcam/train/normal/valid_031850.png,normal
data/pcam/train/normal/valid_031860.png,normal
data/pcam/train/normal/valid_031861.png,normal
data/pcam/train/normal/valid_031862.png,normal
data/pcam/train/normal/valid_031863.png,normal
data/pcam/train/normal/valid_031867.png,normal
data/pcam/train/normal/valid_031868.png,normal
data/pcam/train/normal/valid_031869.png,normal
data/pcam/train/normal/valid_031876.png,normal
data/pcam/train/normal/valid_031882.png,normal
data/pcam/train/normal/valid_031883.png,normal
data/pcam/train/normal/valid_031884.png,normal
data/pcam/train/normal/valid_031889.png,normal
data/pcam/train/normal/valid_031901.png,normal
data/pcam/train/normal/valid_031904.png,normal
data/pcam/train/normal/valid_031907.png,normal
data/pcam/train/normal/valid_031909.png,normal
data/pcam/train/normal/valid_031911.png,normal
data/pcam/train/normal/valid_031913.png,normal
data/pcam/train/normal/valid_031914.png,normal
data/pcam/train/normal/valid_031916.png,normal
data/pcam/train/normal/valid_031924.png,normal
data/pcam/train/normal/valid_031934.png,normal
data/pcam/train/normal/valid_031941.png,normal
data/pcam/train/normal/valid_031942.png,normal
data/pcam/train/normal/valid_031951.png,normal
data/pcam/train/normal/valid_031952.png,normal
data/pcam/train/normal/valid_031958.png,normal
data/pcam/train/normal/valid_031973.png,normal
data/pcam/train/normal/valid_031977.png,normal
data/pcam/train/normal/valid_031982.png,normal
data/pcam/train/normal/valid_031986.png,normal
data/pcam/train/normal/valid_031989.png,normal
data/pcam/train/normal/valid_031993.png,normal
data/pcam/train/normal/valid_031996.png,normal
data/pcam/train/normal/valid_031998.png,normal
data/pcam/train/normal/valid_032000.png,normal
data/pcam/train/normal/valid_032002.png,normal
data/pcam/train/normal/valid_032003.png,normal
data/pcam/train/normal/valid_032007.png,normal
data/pcam/train/normal/valid_032008.png,normal
data/pcam/train/normal/valid_032014.png,normal
data/pcam/train/normal/valid_032019.png,normal
data/pcam/train/normal/valid_032021.png,normal
data/pcam/train/normal/valid_032022.png,normal
data/pcam/train/normal/valid_032029.png,normal
data/pcam/train/normal/valid_032034.png,normal
data/pcam/train/normal/valid_032039.png,normal
data/pcam/train/normal/valid_032046.png,normal
data/pcam/train/normal/valid_032053.png,normal
data/pcam/train/normal/valid_032068.png,normal
data/pcam/train/normal/valid_032071.png,normal
data/pcam/train/normal/valid_032078.png,normal
data/pcam/train/normal/valid_032082.png,normal
data/pcam/train/normal/valid_032122.png,normal
data/pcam/train/normal/valid_032137.png,normal
data/pcam/train/normal/valid_032158.png,normal
data/pcam/train/normal/valid_032180.png,normal
data/pcam/train/normal/valid_032334.png,normal
data/pcam/train/normal/valid_032375.png,normal
data/pcam/train/normal/valid_032377.png,normal
data/pcam/train/normal/valid_032392.png,normal
data/pcam/train/normal/valid_032400.png,normal
data/pcam/train/normal/valid_032412.png,normal
data/pcam/train/normal/valid_032416.png,normal
data/pcam/train/normal/valid_032419.png,normal
data/pcam/train/normal/valid_032420.png,normal
data/pcam/train/normal/valid_032426.png,normal
data/pcam/train/normal/valid_032428.png,normal
data/pcam/train/normal/valid_032430.png,normal
data/pcam/train/normal/valid_032439.png,normal
data/pcam/train/normal/valid_032443.png,normal
data/pcam/train/normal/valid_032446.png,normal
data/pcam/train/normal/valid_032448.png,normal
data/pcam/train/normal/valid_032450.png,normal
data/pcam/train/normal/valid_032457.png,normal
data/pcam/train/normal/valid_032459.png,normal
data/pcam/train/normal/valid_032466.png,normal
data/pcam/train/normal/valid_032472.png,normal
data/pcam/train/normal/valid_032474.png,normal
data/pcam/train/normal/valid_032476.png,normal
data/pcam/train/normal/valid_032477.png,normal
data/pcam/train/normal/valid_032492.png,normal
data/pcam/train/normal/valid_032494.png,normal
data/pcam/train/normal/valid_032498.png,normal
data/pcam/train/normal/valid_032510.png,normal
data/pcam/train/normal/valid_032514.png,normal
data/pcam/train/normal/valid_032517.png,normal
data/pcam/train/normal/valid_032520.png,normal
data/pcam/train/normal/valid_032521.png,normal
data/pcam/train/normal/valid_032534.png,normal
data/pcam/train/normal/valid_032542.png,normal
data/pcam/train/normal/valid_032544.png,normal
data/pcam/train/normal/valid_032548.png,normal
data/pcam/train/normal/valid_032550.png,normal
data/pcam/train/normal/valid_032551.png,normal
data/pcam/train/normal/valid_032555.png,normal
data/pcam/train/normal/valid_032559.png,normal
data/pcam/train/normal/valid_032563.png,normal
data/pcam/train/normal/valid_032564.png,normal
data/pcam/train/normal/valid_032569.png,normal
data/pcam/train/normal/valid_032571.png,normal
data/pcam/train/normal/valid_032574.png,normal
data/pcam/train/normal/valid_032580.png,normal
data/pcam/train/normal/valid_032581.png,normal
data/pcam/train/normal/valid_032582.png,normal
data/pcam/train/normal/valid_032585.png,normal
data/pcam/train/normal/valid_032589.png,normal
data/pcam/train/normal/valid_032590.png,normal
data/pcam/train/normal/valid_032591.png,normal
data/pcam/train/normal/valid_032593.png,normal
data/pcam/train/normal/valid_032594.png,normal
data/pcam/train/normal/valid_032596.png,normal
data/pcam/train/normal/valid_032598.png,normal
data/pcam/train/normal/valid_032608.png,normal
data/pcam/train/normal/valid_032610.png,normal
data/pcam/train/normal/valid_032611.png,normal
data/pcam/train/normal/valid_032612.png,normal
data/pcam/train/normal/valid_032615.png,normal
data/pcam/train/normal/valid_032619.png,normal
data/pcam/train/normal/valid_032623.png,normal
data/pcam/train/normal/valid_032624.png,normal
data/pcam/train/normal/valid_032625.png,normal
data/pcam/train/normal/valid_032631.png,normal
data/pcam/train/normal/valid_032632.png,normal
data/pcam/train/normal/valid_032637.png,normal
data/pcam/train/normal/valid_032640.png,normal
data/pcam/train/normal/valid_032654.png,normal
data/pcam/train/normal/valid_032656.png,normal
data/pcam/train/normal/valid_032659.png,normal
data/pcam/train/normal/valid_032661.png,normal
data/pcam/train/normal/valid_032666.png,normal
data/pcam/train/normal/valid_032667.png,normal
data/pcam/train/normal/valid_032669.png,normal
data/pcam/train/normal/valid_032680.png,normal
data/pcam/train/normal/valid_032682.png,normal
data/pcam/train/normal/valid_032685.png,normal
data/pcam/train/normal/valid_032687.png,normal
data/pcam/train/normal/valid_032700.png,normal
data/pcam/train/normal/valid_032702.png,normal
data/pcam/train/normal/valid_032711.png,normal
data/pcam/train/normal/valid_032727.png,normal
data/pcam/train/normal/valid_032740.png,normal
data/pcam/train/normal/valid_032742.png,normal
data/pcam/train/normal/valid_032745.png,normal
data/pcam/train/normal/valid_032759.png,normal
data/pcam/train/normal/valid_032764.png,normal
data/pcam/train/tumor/valid_000000.png,tumor
data/pcam/train/tumor/valid_000003.png,tumor
data/pcam/train/tumor/valid_000004.png,tumor
data/pcam/train/tumor/valid_000005.png,tumor
data/pcam/train/tumor/valid_000007.png,tumor
data/pcam/train/tumor/valid_000008.png,tumor
data/pcam/train/tumor/valid_000013.png,tumor
data/pcam/train/tumor/valid_000016.png,tumor
data/pcam/train/tumor/valid_000023.png,tumor
data/pcam/train/tumor/valid_000024.png,tumor
data/pcam/train/tumor/valid_000025.png,tumor
data/pcam/train/tumor/valid_000029.png,tumor
data/pcam/train/tumor/valid_000046.png,tumor
data/pcam/train/tumor/valid_000047.png,tumor
data/pcam/train/tumor/valid_000048.png,tumor
data/pcam/train/tumor/valid_000060.png,tumor
data/pcam/train/tumor/valid_000065.png,tumor
data/pcam/train/tumor/valid_000068.png,tumor
data/pcam/train/tumor/valid_000077.png,tumor
data/pcam/train/tumor/valid_000089.png,tumor
data/pcam/train/tumor/valid_000095.png,tumor
data/pcam/train/tumor/valid_000099.png,tumor
data/pcam/train/tumor/valid_000114.png,tumor
data/pcam/train/tumor/valid_000115.png,tumor
data/pcam/train/tumor/valid_000120.png,tumor
data/pcam/train/tumor/valid_000144.png,tumor
data/pcam/train/tumor/valid_000155.png,tumor
data/pcam/train/tumor/valid_000156.png,tumor
data/pcam/train/tumor/valid_000206.png,tumor
data/pcam/train/tumor/valid_000211.png,tumor
data/pcam/train/tumor/valid_000213.png,tumor
data/pcam/train/tumor/valid_000214.png,tumor
data/pcam/train/tumor/valid_000217.png,tumor
data/pcam/train/tumor/valid_000220.png,tumor
data/pcam/train/tumor/valid_000228.png,tumor
data/pcam/train/tumor/valid_000237.png,tumor
data/pcam/train/tumor/valid_000241.png,tumor
data/pcam/train/tumor/valid_000245.png,tumor
data/pcam/train/tumor/valid_000253.png,tumor
data/pcam/train/tumor/valid_000258.png,tumor
data/pcam/train/tumor/valid_000260.png,tumor
data/pcam/train/tumor/valid_000264.png,tumor
data/pcam/train/tumor/valid_000266.png,tumor
data/pcam/train/tumor/valid_000280.png,tumor
data/pcam/train/tumor/valid_000298.png,tumor
data/pcam/train/tumor/valid_000300.png,tumor
data/pcam/train/tumor/valid_000306.png,tumor
data/pcam/train/tumor/valid_000318.png,tumor
data/pcam/train/tumor/valid_000340.png,tumor
data/pcam/train/tumor/valid_000353.png,tumor
data/pcam/train/tumor/valid_000359.png,tumor
data/pcam/train/tumor/valid_000361.png,tumor
data/pcam/train/tumor/valid_000363.png,tumor
data/pcam/train/tumor/valid_000364.png,tumor
data/pcam/train/tumor/valid_000366.png,tumor
data/pcam/train/tumor/valid_000368.png,tumor
data/pcam/train/tumor/valid_000372.png,tumor
data/pcam/train/tumor/valid_000385.png,tumor
data/pcam/train/tumor/valid_000402.png,tumor
data/pcam/train/tumor/valid_000409.png,tumor
data/pcam/train/tumor/valid_000415.png,tumor
data/pcam/train/tumor/valid_000416.png,tumor
data/pcam/train/tumor/valid_000427.png,tumor
data/pcam/train/tumor/valid_000428.png,tumor
data/pcam/train/tumor/valid_000430.png,tumor
data/pcam/train/tumor/valid_000431.png,tumor
data/pcam/train/tumor/valid_000438.png,tumor
data/pcam/train/tumor/valid_000458.png,tumor
data/pcam/train/tumor/valid_000464.png,tumor
data/pcam/train/tumor/valid_000468.png,tumor
data/pcam/train/tumor/valid_000469.png,tumor
data/pcam/train/tumor/valid_000483.png,tumor
data/pcam/train/tumor/valid_000488.png,tumor
data/pcam/train/tumor/valid_000501.png,tumor
data/pcam/train/tumor/valid_000513.png,tumor
data/pcam/train/tumor/valid_000522.png,tumor
data/pcam/train/tumor/valid_000526.png,tumor
data/pcam/train/tumor/valid_000539.png,tumor
data/pcam/train/tumor/valid_000546.png,tumor
data/pcam/train/tumor/valid_000548.png,tumor
data/pcam/train/tumor/valid_000564.png,tumor
data/pcam/train/tumor/valid_000565.png,tumor
data/pcam/train/tumor/valid_000571.png,tumor
data/pcam/train/tumor/valid_000573.png,tumor
data/pcam/train/tumor/valid_000577.png,tumor
data/pcam/train/tumor/valid_000579.png,tumor
data/pcam/train/tumor/valid_000585.png,tumor
data/pcam/train/tumor/valid_000592.png,tumor
data/pcam/train/tumor/valid_000604.png,tumor
data/pcam/train/tumor/valid_000610.png,tumor
data/pcam/train/tumor/valid_000612.png,tumor
data/pcam/train/tumor/valid_000614.png,tumor
data/pcam/train/tumor/valid_000617.png,tumor
data/pcam/train/tumor/valid_000619.png,tumor
data/pcam/train/tumor/valid_000620.png,tumor
data/pcam/train/tumor/valid_000623.png,tumor
data/pcam/train/tumor/valid_000630.png,tumor
data/pcam/train/tumor/valid_000635.png,tumor
data/pcam/train/tumor/valid_000647.png,tumor
data/pcam/train/tumor/valid_000648.png,tumor
data/pcam/train/tumor/valid_000650.png,tumor
data/pcam/train/tumor/valid_000656.png,tumor
data/pcam/train/tumor/valid_000664.png,tumor
data/pcam/train/tumor/valid_000672.png,tumor
data/pcam/train/tumor/valid_000673.png,tumor
data/pcam/train/tumor/valid_000676.png,tumor
data/pcam/train/tumor/valid_000688.png,tumor
data/pcam/train/tumor/valid_000689.png,tumor
data/pcam/train/tumor/valid_000695.png,tumor
data/pcam/train/tumor/valid_000702.png,tumor
data/pcam/train/tumor/valid_000706.png,tumor
data/pcam/train/tumor/valid_000715.png,tumor
data/pcam/train/tumor/valid_000719.png,tumor
data/pcam/train/tumor/valid_000722.png,tumor
data/pcam/train/tumor/valid_000724.png,tumor
data/pcam/train/tumor/valid_000737.png,tumor
data/pcam/train/tumor/valid_000739.png,tumor
data/pcam/train/tumor/valid_000742.png,tumor
data/pcam/train/tumor/valid_000747.png,tumor
data/pcam/train/tumor/valid_000754.png,tumor
data/pcam/train/tumor/valid_000756.png,tumor
data/pcam/train/tumor/valid_000767.png,tumor
data/pcam/train/tumor/valid_000770.png,tumor
data/pcam/train/tumor/valid_000779.png,tumor
data/pcam/train/tumor/valid_000824.png,tumor
data/pcam/train/tumor/valid_000900.png,tumor
data/pcam/train/tumor/valid_000926.png,tumor
data/pcam/train/tumor/valid_000933.png,tumor
data/pcam/train/tumor/valid_000941.png,tumor
data/pcam/train/tumor/valid_000944.png,tumor
data/pcam/train/tumor/valid_000948.png,tumor
data/pcam/train/tumor/valid_000954.png,tumor
data/pcam/train/tumor/valid_000958.png,tumor
data/pcam/train/tumor/valid_000963.png,tumor
data/pcam/train/tumor/valid_000969.png,tumor
data/pcam/train/tumor/valid_000979.png,tumor
data/pcam/train/tumor/valid_000985.png,tumor
data/pcam/train/tumor/valid_000988.png,tumor
data/pcam/train/tumor/valid_000996.png,tumor
data/pcam/train/tumor/valid_001010.png,tumor
data/pcam/train/tumor/valid_001014.png,tumor
data/pcam/train/tumor/valid_001020.png,tumor
data/pcam/train/tumor/valid_001021.png,tumor
data/pcam/train/tumor/valid_001023.png,tumor
data/pcam/train/tumor/valid_001026.png,tumor
data/pcam/train/tumor/valid_001027.png,tumor
data/pcam/train/tumor/valid_001028.png,tumor
data/pcam/train/tumor/valid_001040.png,tumor
data/pcam/train/tumor/valid_001045.png,tumor
data/pcam/train/tumor/valid_001052.png,tumor
data/pcam/train/tumor/valid_001053.png,tumor
data/pcam/train/tumor/valid_001058.png,tumor
data/pcam/train/tumor/valid_001061.png,tumor
data/pcam/train/tumor/valid_001064.png,tumor
data/pcam/train/tumor/valid_001066.png,tumor
data/pcam/train/tumor/valid_001067.png,tumor
data/pcam/train/tumor/valid_001068.png,tumor
data/pcam/train/tumor/valid_001069.png,tumor
data/pcam/train/tumor/valid_001070.png,tumor
data/pcam/train/tumor/valid_001074.png,tumor
data/pcam/train/tumor/valid_001075.png,tumor
data/pcam/train/tumor/valid_001083.png,tumor
data/pcam/train/tumor/valid_001088.png,tumor
data/pcam/train/tumor/valid_001090.png,tumor
data/pcam/train/tumor/valid_001093.png,tumor
data/pcam/train/tumor/valid_001094.png,tumor
data/pcam/train/tumor/valid_001098.png,tumor
data/pcam/train/tumor/valid_001101.png,tumor
data/pcam/train/tumor/valid_001107.png,tumor
data/pcam/train/tumor/valid_001108.png,tumor
data/pcam/train/tumor/valid_001111.png,tumor
data/pcam/train/tumor/valid_001115.png,tumor
data/pcam/train/tumor/valid_001119.png,tumor
data/pcam/train/tumor/valid_001129.png,tumor
data/pcam/train/tumor/valid_001140.png,tumor
data/pcam/train/tumor/valid_001141.png,tumor
data/pcam/train/tumor/valid_001142.png,tumor
data/pcam/train/tumor/valid_001148.png,tumor
data/pcam/train/tumor/valid_001156.png,tumor
data/pcam/train/tumor/valid_001170.png,tumor
data/pcam/train/tumor/valid_001175.png,tumor
data/pcam/train/tumor/valid_001177.png,tumor
data/pcam/train/tumor/valid_001180.png,tumor
data/pcam/train/tumor/valid_001181.png,tumor
data/pcam/train/tumor/valid_001186.png,tumor
data/pcam/train/tumor/valid_001195.png,tumor
data/pcam/train/tumor/valid_001197.png,tumor
data/pcam/train/tumor/valid_001198.png,tumor
data/pcam/train/tumor/valid_001200.png,tumor
data/pcam/train/tumor/valid_001203.png,tumor
data/pcam/train/tumor/valid_001204.png,tumor
data/pcam/train/tumor/valid_001209.png,tumor
data/pcam/train/tumor/valid_001211.png,tumor
data/pcam/train/tumor/valid_001213.png,tumor
data/pcam/train/tumor/valid_001214.png,tumor
data/pcam/train/tumor/valid_001217.png,tumor
data/pcam/train/tumor/valid_001220.png,tumor
data/pcam/train/tumor/valid_001222.png,tumor
data/pcam/train/tumor/valid_001231.png,tumor
data/pcam/train/tumor/valid_001235.png,tumor
data/pcam/train/tumor/valid_001240.png,tumor
data/pcam/train/tumor/valid_001242.png,tumor
data/pcam/train/tumor/valid_001245.png,tumor
data/pcam/train/tumor/valid_001248.png,tumor
data/pcam/train/tumor/valid_001267.png,tumor
data/pcam/train/tumor/valid_001270.png,tumor
data/pcam/train/tumor/valid_001276.png,tumor
data/pcam/train/tumor/valid_001280.png,tumor
data/pcam/train/tumor/valid_001281.png,tumor
data/pcam/train/tumor/valid_001285.png,tumor
data/pcam/train/tumor/valid_001289.png,tumor
data/pcam/train/tumor/valid_001291.png,tumor
data/pcam/train/tumor/valid_001534.png,tumor
data/pcam/train/tumor/valid_001536.png,tumor
data/pcam/train/tumor/valid_001556.png,tumor
data/pcam/train/tumor/valid_001571.png,tumor
data/pcam/train/tumor/valid_001573.png,tumor
data/pcam/train/tumor/valid_001574.png,tumor
data/pcam/train/tumor/valid_001580.png,tumor
data/pcam/train/tumor/valid_001588.png,tumor
data/pcam/train/tumor/valid_001600.png,tumor
data/pcam/train/tumor/valid_001608.png,tumor
data/pcam/train/tumor/valid_001613.png,tumor
data/pcam/train/tumor/valid_001614.png,tumor
data/pcam/train/tumor/valid_001616.png,tumor
data/pcam/train/tumor/valid_001623.png,tumor
data/pcam/train/tumor/valid_001629.png,tumor
data/pcam/train/tumor/valid_001635.png,tumor
data/pcam/train/tumor/valid_001645.png,tumor
data/pcam/train/tumor/valid_001646.png,tumor
data/pcam/train/tumor/valid_001648.png,tumor
data/pcam/train/tumor/valid_001650.png,tumor
data/pcam/train/tumor/valid_001658.png,tumor
data/pcam/train/tumor/valid_001663.png,tumor
data/pcam/train/tumor/valid_001668.png,tumor
data/pcam/train/tumor/valid_001679.png,tumor
data/pcam/train/tumor/valid_001680.png,tumor
data/pcam/train/tumor/valid_001684.png,tumor
data/pcam/train/tumor/valid_001686.png,tumor
data/pcam/train/tumor/valid_001688.png,tumor
data/pcam/train/tumor/valid_001693.png,tumor
data/pcam/train/tumor/valid_001697.png,tumor
data/pcam/train/tumor/valid_001701.png,tumor
data/pcam/train/tumor/valid_001705.png,tumor
data/pcam/train/tumor/valid_001707.png,tumor
data/pcam/train/tumor/valid_001708.png,tumor
data/pcam/train/tumor/valid_001709.png,tumor
data/pcam/train/tumor/valid_001711.png,tumor
data/pcam/train/tumor/valid_001714.png,tumor
data/pcam/train/tumor/valid_001716.png,tumor
data/pcam/train/tumor/valid_001719.png,tumor
data/pcam/train/tumor/valid_001723.png,tumor
data/pcam/train/tumor/valid_001728.png,tumor
data/pcam/train/tumor/valid_001743.png,tumor
data/pcam/train/tumor/valid_001744.png,tumor
data/pcam/train/tumor/valid_001750.png,tumor
data/pcam/train/tumor/valid_001757.png,tumor
data/pcam/train/tumor/valid_001759.png,tumor
data/pcam/train/tumor/valid_001763.png,tumor
data/pcam/train/tumor/valid_001764.png,tumor
data/pcam/train/tumor/valid_001765.png,tumor
data/pcam/train/tumor/valid_001767.png,tumor
data/pcam/train/tumor/valid_001769.png,tumor
data/pcam/train/tumor/valid_001771.png,tumor
data/pcam/train/tumor/valid_001772.png,tumor
data/pcam/train/tumor/valid_001775.png,tumor
data/pcam/train/tumor/valid_001780.png,tumor
data/pcam/train/tumor/valid_001786.png,tumor
data/pcam/train/tumor/valid_001789.png,tumor
data/pcam/train/tumor/valid_001790.png,tumor
data/pcam/train/tumor/valid_001793.png,tumor
data/pcam/train/tumor/valid_001797.png,tumor
data/pcam/train/tumor/valid_001799.png,tumor
data/pcam/train/tumor/valid_001800.png,tumor
data/pcam/train/tumor/valid_001807.png,tumor
data/pcam/train/tumor/valid_001808.png,tumor
data/pcam/train/tumor/valid_001809.png,tumor
data/pcam/train/tumor/valid_001811.png,tumor
data/pcam/train/tumor/valid_001814.png,tumor
data/pcam/train/tumor/valid_001815.png,tumor
data/pcam/train/tumor/valid_001817.png,tumor
data/pcam/train/tumor/valid_001826.png,tumor
data/pcam/train/tumor/valid_001828.png,tumor
data/pcam/train/tumor/valid_001829.png,tumor
data/pcam/train/tumor/valid_001831.png,tumor
data/pcam/train/tumor/valid_001840.png,tumor
data/pcam/train/tumor/valid_001841.png,tumor
data/pcam/train/tumor/valid_001846.png,tumor
data/pcam/train/tumor/valid_001851.png,tumor
data/pcam/train/tumor/valid_001855.png,tumor
data/pcam/train/tumor/valid_001856.png,tumor
data/pcam/train/tumor/valid_001860.png,tumor
data/pcam/train/tumor/valid_001864.png,tumor
data/pcam/train/tumor/valid_001877.png,tumor
data/pcam/train/tumor/valid_001878.png,tumor
data/pcam/train/tumor/valid_001882.png,tumor
data/pcam/train/tumor/valid_001893.png,tumor
data/pcam/train/tumor/valid_001896.png,tumor
data/pcam/train/tumor/valid_001902.png,tumor
data/pcam/train/tumor/valid_001903.png,tumor
data/pcam/train/tumor/valid_001913.png,tumor
data/pcam/train/tumor/valid_001914.png,tumor
data/pcam/train/tumor/valid_001915.png,tumor
data/pcam/train/tumor/valid_001918.png,tumor
data/pcam/train/tumor/valid_001920.png,tumor
data/pcam/train/tumor/valid_001921.png,tumor
data/pcam/train/tumor/valid_001930.png,tumor
data/pcam/train/tumor/valid_001936.png,tumor
data/pcam/train/tumor/valid_001941.png,tumor
data/pcam/train/tumor/valid_002194.png,tumor
data/pcam/train/tumor/valid_002204.png,tumor
data/pcam/train/tumor/valid_002222.png,tumor
data/pcam/train/tumor/valid_002225.png,tumor
data/pcam/train/tumor/valid_002229.png,tumor
data/pcam/train/tumor/valid_002230.png,tumor
data/pcam/train/tumor/valid_002232.png,tumor
data/pcam/train/tumor/valid_002242.png,tumor
data/pcam/train/tumor/valid_002243.png,tumor
data/pcam/train/tumor/valid_002247.png,tumor
data/pcam/train/tumor/valid_002248.png,tumor
data/pcam/train/tumor/valid_002255.png,tumor
data/pcam/train/tumor/valid_002261.png,tumor
data/pcam/train/tumor/valid_002265.png,tumor
data/pcam/train/tumor/valid_002274.png,tumor
data/pcam/train/tumor/valid_002279.png,tumor
data/pcam/train/tumor/valid_002280.png,tumor
data/pcam/train/tumor/valid_002281.png,tumor
data/pcam/train/tumor/valid_002291.png,tumor
data/pcam/train/tumor/valid_002297.png,tumor
data/pcam/train/tumor/valid_002304.png,tumor
data/pcam/train/tumor/valid_002305.png,tumor
data/pcam/train/tumor/valid_002308.png,tumor
data/pcam/train/tumor/valid_002318.png,tumor
data/pcam/train/tumor/valid_002323.png,tumor
data/pcam/train/tumor/valid_002324.png,tumor
data/pcam/train/tumor/valid_002326.png,tumor
data/pcam/train/tumor/valid_002336.png,tumor
data/pcam/train/tumor/valid_002337.png,tumor
data/pcam/train/tumor/valid_002346.png,tumor
data/pcam/train/tumor/valid_002347.png,tumor
data/pcam/train/tumor/valid_002350.png,tumor
data/pcam/train/tumor/valid_002351.png,tumor
data/pcam/train/tumor/valid_002353.png,tumor
data/pcam/train/tumor/valid_002355.png,tumor
data/pcam/train/tumor/valid_002360.png,tumor
data/pcam/train/tumor/valid_002363.png,tumor
data/pcam/train/tumor/valid_002365.png,tumor
data/pcam/train/tumor/valid_002366.png,tumor
data/pcam/train/tumor/valid_002369.png,tumor
data/pcam/train/tumor/valid_002377.png,tumor
data/pcam/train/tumor/valid_002381.png,tumor
data/pcam/train/tumor/valid_002385.png,tumor
data/pcam/train/tumor/valid_002391.png,tumor
data/pcam/train/tumor/valid_002393.png,tumor
data/pcam/train/tumor/valid_002395.png,tumor
data/pcam/train/tumor/valid_002396.png,tumor
data/pcam/train/tumor/valid_002397.png,tumor
data/pcam/train/tumor/valid_002399.png,tumor
data/pcam/train/tumor/valid_002400.png,tumor
data/pcam/train/tumor/valid_002402.png,tumor
data/pcam/train/tumor/valid_002404.png,tumor
data/pcam/train/tumor/valid_002407.png,tumor
data/pcam/train/tumor/valid_002409.png,tumor
data/pcam/train/tumor/valid_002410.png,tumor
data/pcam/train/tumor/valid_002411.png,tumor
data/pcam/train/tumor/valid_002414.png,tumor
data/pcam/train/tumor/valid_002427.png,tumor
data/pcam/train/tumor/valid_002428.png,tumor
data/pcam/train/tumor/valid_002429.png,tumor
data/pcam/train/tumor/valid_002438.png,tumor
data/pcam/train/tumor/valid_002446.png,tumor
data/pcam/train/tumor/valid_002447.png,tumor
data/pcam/train/tumor/valid_002453.png,tumor
data/pcam/train/tumor/valid_002454.png,tumor
data/pcam/train/tumor/valid_002457.png,tumor
data/pcam/train/tumor/valid_002461.png,tumor
data/pcam/train/tumor/valid_002471.png,tumor
data/pcam/train/tumor/valid_002473.png,tumor
data/pcam/train/tumor/valid_002475.png,tumor
data/pcam/train/tumor/valid_002481.png,tumor
data/pcam/train/tumor/valid_002482.png,tumor
data/pcam/train/tumor/valid_002483.png,tumor
data/pcam/train/tumor/valid_002485.png,tumor
data/pcam/train/tumor/valid_002495.png,tumor
data/pcam/train/tumor/valid_002496.png,tumor
data/pcam/train/tumor/valid_002503.png,tumor
data/pcam/train/tumor/valid_002509.png,tumor
data/pcam/train/tumor/valid_002510.png,tumor
data/pcam/train/tumor/valid_002511.png,tumor
data/pcam/train/tumor/valid_002512.png,tumor
data/pcam/train/tumor/valid_002513.png,tumor
data/pcam/train/tumor/valid_002518.png,tumor
data/pcam/train/tumor/valid_002521.png,tumor
data/pcam/train/tumor/valid_002525.png,tumor
data/pcam/train/tumor/valid_002527.png,tumor
data/pcam/train/tumor/valid_002541.png,tumor
data/pcam/train/tumor/valid_002545.png,tumor
data/pcam/train/tumor/valid_002548.png,tumor
data/pcam/train/tumor/valid_002550.png,tumor
data/pcam/train/tumor/valid_002556.png,tumor
data/pcam/train/tumor/valid_002558.png,tumor
data/pcam/train/tumor/valid_002565.png,tumor
data/pcam/train/tumor/valid_002566.png,tumor
data/pcam/train/tumor/valid_002567.png,tumor
data/pcam/train/tumor/valid_002578.png,tumor
data/pcam/train/tumor/valid_002587.png,tumor
data/pcam/train/tumor/valid_002597.png,tumor
data/pcam/train/tumor/valid_002598.png,tumor
data/pcam/train/tumor/valid_002865.png,tumor
data/pcam/train/tumor/valid_002878.png,tumor
data/pcam/train/tumor/valid_002880.png,tumor
data/pcam/train/tumor/valid_002884.png,tumor
data/pcam/train/tumor/valid_002887.png,tumor
data/pcam/train/tumor/valid_002892.png,tumor
data/pcam/train/tumor/valid_002893.png,tumor
data/pcam/train/tumor/valid_002896.png,tumor
data/pcam/train/tumor/valid_002905.png,tumor
data/pcam/train/tumor/valid_002909.png,tumor
data/pcam/train/tumor/valid_002924.png,tumor
data/pcam/train/tumor/valid_002930.png,tumor
data/pcam/train/tumor/valid_002932.png,tumor
data/pcam/train/tumor/valid_002943.png,tumor
data/pcam/train/tumor/valid_002944.png,tumor
data/pcam/train/tumor/valid_002952.png,tumor
data/pcam/train/tumor/valid_002954.png,tumor
data/pcam/train/tumor/valid_002956.png,tumor
data/pcam/train/tumor/valid_002958.png,tumor
data/pcam/train/tumor/valid_002960.png,tumor
data/pcam/train/tumor/valid_002963.png,tumor
data/pcam/train/tumor/valid_002970.png,tumor
data/pcam/train/tumor/valid_002976.png,tumor
data/pcam/train/tumor/valid_002980.png,tumor
data/pcam/train/tumor/valid_002983.png,tumor
data/pcam/train/tumor/valid_002984.png,tumor
data/pcam/train/tumor/valid_002990.png,tumor
data/pcam/train/tumor/valid_002998.png,tumor
data/pcam/train/tumor/valid_003000.png,tumor
data/pcam/train/tumor/valid_003009.png,tumor
data/pcam/train/tumor/valid_003011.png,tumor
data/pcam/train/tumor/valid_003012.png,tumor
data/pcam/train/tumor/valid_003018.png,tumor
data/pcam/train/tumor/valid_003019.png,tumor
data/pcam/train/tumor/valid_003025.png,tumor
data/pcam/train/tumor/valid_003026.png,tumor
data/pcam/train/tumor/valid_003027.png,tumor
data/pcam/train/tumor/valid_003032.png,tumor
data/pcam/train/tumor/valid_003034.png,tumor
data/pcam/train/tumor/valid_003041.png,tumor
data/pcam/train/tumor/valid_003044.png,tumor
data/pcam/train/tumor/valid_003047.png,tumor
data/pcam/train/tumor/valid_003049.png,tumor
data/pcam/train/tumor/valid_003059.png,tumor
data/pcam/train/tumor/valid_003061.png,tumor
data/pcam/train/tumor/valid_003064.png,tumor
data/pcam/train/tumor/valid_003072.png,tumor
data/pcam/train/tumor/valid_003085.png,tumor
data/pcam/train/tumor/valid_003091.png,tumor
data/pcam/train/tumor/valid_003094.png,tumor
data/pcam/train/tumor/valid_003100.png,tumor
data/pcam/train/tumor/valid_003106.png,tumor
data/pcam/train/tumor/valid_003123.png,tumor
data/pcam/train/tumor/valid_003128.png,tumor
data/pcam/train/tumor/valid_003129.png,tumor
data/pcam/train/tumor/valid_003134.png,tumor
data/pcam/train/tumor/valid_003136.png,tumor
data/pcam/train/tumor/valid_003137.png,tumor
data/pcam/train/tumor/valid_003138.png,tumor
data/pcam/train/tumor/valid_003146.png,tumor
data/pcam/train/tumor/valid_003163.png,tumor
data/pcam/train/tumor/valid_003168.png,tumor
data/pcam/train/tumor/valid_003171.png,tumor
data/pcam/train/tumor/valid_003172.png,tumor
data/pcam/train/tumor/valid_003173.png,tumor
data/pcam/train/tumor/valid_003181.png,tumor
data/pcam/train/tumor/valid_003184.png,tumor
data/pcam/train/tumor/valid_003187.png,tumor
data/pcam/train/tumor/valid_003190.png,tumor
data/pcam/train/tumor/valid_003197.png,tumor
data/pcam/train/tumor/valid_003213.png,tumor
data/pcam/train/tumor/valid_003214.png,tumor
data/pcam/train/tumor/valid_003458.png,tumor
data/pcam/train/tumor/valid_003470.png,tumor
data/pcam/train/tumor/valid_003512.png,tumor
data/pcam/train/tumor/valid_003514.png,tumor
data/pcam/train/tumor/valid_003515.png,tumor
data/pcam/train/tumor/valid_003518.png,tumor
data/pcam/train/tumor/valid_003522.png,tumor
data/pcam/train/tumor/valid_003524.png,tumor
data/pcam/train/tumor/valid_003530.png,tumor
data/pcam/train/tumor/valid_003531.png,tumor
data/pcam/train/tumor/valid_003533.png,tumor
data/pcam/train/tumor/valid_003535.png,tumor
data/pcam/train/tumor/valid_003541.png,tumor
data/pcam/train/tumor/valid_003542.png,tumor
data/pcam/train/tumor/valid_003543.png,tumor
data/pcam/train/tumor/valid_003556.png,tumor
data/pcam/train/tumor/valid_003560.png,tumor
data/pcam/train/tumor/valid_003561.png,tumor
data/pcam/train/tumor/valid_003566.png,tumor
data/pcam/train/tumor/valid_003567.png,tumor
data/pcam/train/tumor/valid_003572.png,tumor
data/pcam/train/tumor/valid_003576.png,tumor
data/pcam/train/tumor/valid_003578.png,tumor
data/pcam/train/tumor/valid_003582.png,tumor
data/pcam/train/tumor/valid_003590.png,tumor
data/pcam/train/tumor/valid_003591.png,tumor
data/pcam/train/tumor/valid_003592.png,tumor
data/pcam/train/tumor/valid_003594.png,tumor
data/pcam/train/tumor/valid_003595.png,tumor
data/pcam/train/tumor/valid_003597.png,tumor
data/pcam/train/tumor/valid_003602.png,tumor
data/pcam/train/tumor/valid_003606.png,tumor
data/pcam/train/tumor/valid_003608.png,tumor
data/pcam/train/tumor/valid_003612.png,tumor
data/pcam/train/tumor/valid_003613.png,tumor
data/pcam/train/tumor/valid_003619.png,tumor
data/pcam/train/tumor/valid_003622.png,tumor
data/pcam/train/tumor/valid_003627.png,tumor
data/pcam/train/tumor/valid_003629.png,tumor
data/pcam/train/tumor/valid_003636.png,tumor
data/pcam/train/tumor/valid_003637.png,tumor
data/pcam/train/tumor/valid_003640.png,tumor
data/pcam/train/tumor/valid_003642.png,tumor
data/pcam/train/tumor/valid_003645.png,tumor
data/pcam/train/tumor/valid_003655.png,tumor
data/pcam/train/tumor/valid_003656.png,tumor
data/pcam/train/tumor/valid_003659.png,tumor
data/pcam/train/tumor/valid_003660.png,tumor
data/pcam/train/tumor/valid_003663.png,tumor
data/pcam/train/tumor/valid_003666.png,tumor
data/pcam/train/tumor/valid_003670.png,tumor
data/pcam/train/tumor/valid_003678.png,tumor
data/pcam/train/tumor/valid_003681.png,tumor
data/pcam/train/tumor/valid_003682.png,tumor
data/pcam/train/tumor/valid_003687.png,tumor
data/pcam/train/tumor/valid_003691.png,tumor
data/pcam/train/tumor/valid_003700.png,tumor
data/pcam/train/tumor/valid_003706.png,tumor
data/pcam/train/tumor/valid_003711.png,tumor
data/pcam/train/tumor/valid_003717.png,tumor
data/pcam/train/tumor/valid_003718.png,tumor
data/pcam/train/tumor/valid_003720.png,tumor
data/pcam/train/tumor/valid_003721.png,tumor
data/pcam/train/tumor/valid_003724.png,tumor
data/pcam/train/tumor/valid_003726.png,tumor
data/pcam/train/tumor/valid_003730.png,tumor
data/pcam/train/tumor/valid_003737.png,tumor
data/pcam/train/tumor/valid_003739.png,tumor
data/pcam/train/tumor/valid_003741.png,tumor
data/pcam/train/tumor/valid_003747.png,tumor
data/pcam/train/tumor/valid_003750.png,tumor
data/pcam/train/tumor/valid_003753.png,tumor
data/pcam/train/tumor/valid_003755.png,tumor
data/pcam/train/tumor/valid_003757.png,tumor
data/pcam/train/tumor/valid_003758.png,tumor
data/pcam/train/tumor/valid_003760.png,tumor
data/pcam/train/tumor/valid_003761.png,tumor
data/pcam/train/tumor/valid_003767.png,tumor
data/pcam/train/tumor/valid_003772.png,tumor
data/pcam/train/tumor/valid_003774.png,tumor
data/pcam/train/tumor/valid_003776.png,tumor
data/pcam/train/tumor/valid_003784.png,tumor
data/pcam/train/tumor/valid_003807.png,tumor
data/pcam/train/tumor/valid_003808.png,tumor
data/pcam/train/tumor/valid_003823.png,tumor
data/pcam/train/tumor/valid_003829.png,tumor
data/pcam/train/tumor/valid_003840.png,tumor
data/pcam/train/tumor/valid_003844.png,tumor
data/pcam/train/tumor/valid_003855.png,tumor
data/pcam/train/tumor/valid_004093.png,tumor
data/pcam/train/tumor/valid_004107.png,tumor
data/pcam/train/tumor/valid_004111.png,tumor
data/pcam/train/tumor/valid_004125.png,tumor
data/pcam/train/tumor/valid_004133.png,tumor
data/pcam/train/tumor/valid_004134.png,tumor
data/pcam/train/tumor/valid_004138.png,tumor
data/pcam/train/tumor/valid_004139.png,tumor
data/pcam/train/tumor/valid_004149.png,tumor
data/pcam/train/tumor/valid_004155.png,tumor
data/pcam/train/tumor/valid_004164.png,tumor
data/pcam/train/tumor/valid_004166.png,tumor
data/pcam/train/tumor/valid_004168.png,tumor
data/pcam/train/tumor/valid_004169.png,tumor
data/pcam/train/tumor/valid_004176.png,tumor
data/pcam/train/tumor/valid_004181.png,tumor
data/pcam/train/tumor/valid_004187.png,tumor
data/pcam/train/tumor/valid_004188.png,tumor
data/pcam/train/tumor/valid_004192.png,tumor
data/pcam/train/tumor/valid_004194.png,tumor
data/pcam/train/tumor/valid_004196.png,tumor
data/pcam/train/tumor/valid_004208.png,tumor
data/pcam/train/tumor/valid_004215.png,tumor
data/pcam/train/tumor/valid_004217.png,tumor
data/pcam/train/tumor/valid_004220.png,tumor
data/pcam/train/tumor/valid_004221.png,tumor
data/pcam/train/tumor/valid_004225.png,tumor
data/pcam/train/tumor/valid_004229.png,tumor
data/pcam/train/tumor/valid_004232.png,tumor
data/pcam/train/tumor/valid_004237.png,tumor
data/pcam/train/tumor/valid_004241.png,tumor
data/pcam/train/tumor/valid_004243.png,tumor
data/pcam/train/tumor/valid_004246.png,tumor
data/pcam/train/tumor/valid_004249.png,tumor
data/pcam/train/tumor/valid_004253.png,tumor
data/pcam/train/tumor/valid_004258.png,tumor
data/pcam/train/tumor/valid_004259.png,tumor
data/pcam/train/tumor/valid_004260.png,tumor
data/pcam/train/tumor/valid_004262.png,tumor
data/pcam/train/tumor/valid_004263.png,tumor
data/pcam/train/tumor/valid_004265.png,tumor
data/pcam/train/tumor/valid_004270.png,tumor
data/pcam/train/tumor/valid_004272.png,tumor
data/pcam/train/tumor/valid_004274.png,tumor
data/pcam/train/tumor/valid_004277.png,tumor
data/pcam/train/tumor/valid_004279.png,tumor
data/pcam/train/tumor/valid_004286.png,tumor
data/pcam/train/tumor/valid_004288.png,tumor
data/pcam/train/tumor/valid_004291.png,tumor
data/pcam/train/tumor/valid_004293.png,tumor
data/pcam/train/tumor/valid_004295.png,tumor
data/pcam/train/tumor/valid_004298.png,tumor
data/pcam/train/tumor/valid_004299.png,tumor
data/pcam/train/tumor/valid_004300.png,tumor
data/pcam/train/tumor/valid_004301.png,tumor
data/pcam/train/tumor/valid_004302.png,tumor
data/pcam/train/tumor/valid_004304.png,tumor
data/pcam/train/tumor/valid_004305.png,tumor
data/pcam/train/tumor/valid_004310.png,tumor
data/pcam/train/tumor/valid_004312.png,tumor
data/pcam/train/tumor/valid_004322.png,tumor
data/pcam/train/tumor/valid_004323.png,tumor
data/pcam/train/tumor/valid_004324.png,tumor
data/pcam/train/tumor/valid_004325.png,tumor
data/pcam/train/tumor/valid_004329.png,tumor
data/pcam/train/tumor/valid_004330.png,tumor
data/pcam/train/tumor/valid_004331.png,tumor
data/pcam/train/tumor/valid_004332.png,tumor
data/pcam/train/tumor/valid_004333.png,tumor
data/pcam/train/tumor/valid_004334.png,tumor
data/pcam/train/tumor/valid_004341.png,tumor
data/pcam/train/tumor/valid_004344.png,tumor
data/pcam/train/tumor/valid_004346.png,tumor
data/pcam/train/tumor/valid_004347.png,tumor
data/pcam/train/tumor/valid_004348.png,tumor
data/pcam/train/tumor/valid_004350.png,tumor
data/pcam/train/tumor/valid_004351.png,tumor
data/pcam/train/tumor/valid_004352.png,tumor
data/pcam/train/tumor/valid_004371.png,tumor
data/pcam/train/tumor/valid_004372.png,tumor
data/pcam/train/tumor/valid_004376.png,tumor
data/pcam/train/tumor/valid_004379.png,tumor
data/pcam/train/tumor/valid_004381.png,tumor
data/pcam/train/tumor/valid_004386.png,tumor
data/pcam/train/tumor/valid_004393.png,tumor
data/pcam/train/tumor/valid_004394.png,tumor
data/pcam/train/tumor/valid_004400.png,tumor
data/pcam/train/tumor/valid_004404.png,tumor
data/pcam/train/tumor/valid_004408.png,tumor
data/pcam/train/tumor/valid_004411.png,tumor
data/pcam/train/tumor/valid_004412.png,tumor
data/pcam/train/tumor/valid_004414.png,tumor
data/pcam/train/tumor/valid_004415.png,tumor
data/pcam/train/tumor/valid_004417.png,tumor
data/pcam/train/tumor/valid_004430.png,tumor
data/pcam/train/tumor/valid_004440.png,tumor
data/pcam/train/tumor/valid_004444.png,tumor
data/pcam/train/tumor/valid_004449.png,tumor
data/pcam/train/tumor/valid_004450.png,tumor
data/pcam/train/tumor/valid_004452.png,tumor
data/pcam/train/tumor/valid_004454.png,tumor
data/pcam/train/tumor/valid_004456.png,tumor
data/pcam/train/tumor/valid_004457.png,tumor
data/pcam/train/tumor/valid_004464.png,tumor
data/pcam/train/tumor/valid_004467.png,tumor
data/pcam/train/tumor/valid_004473.png,tumor
data/pcam/train/tumor/valid_004475.png,tumor
data/pcam/train/tumor/valid_004480.png,tumor
data/pcam/train/tumor/valid_004484.png,tumor
data/pcam/train/tumor/valid_004501.png,tumor
data/pcam/train/tumor/valid_004770.png,tumor
data/pcam/train/tumor/valid_004792.png,tumor
data/pcam/train/tumor/valid_004796.png,tumor
data/pcam/train/tumor/valid_004797.png,tumor
data/pcam/train/tumor/valid_004798.png,tumor
data/pcam/train/tumor/valid_004801.png,tumor
data/pcam/train/tumor/valid_004804.png,tumor
data/pcam/train/tumor/valid_004809.png,tumor
data/pcam/train/tumor/valid_004810.png,tumor
data/pcam/train/tumor/valid_004829.png,tumor
data/pcam/train/tumor/valid_004831.png,tumor
data/pcam/train/tumor/valid_004833.png,tumor
data/pcam/train/tumor/valid_004836.png,tumor
data/pcam/train/tumor/valid_004846.png,tumor
data/pcam/train/tumor/valid_004847.png,tumor
data/pcam/train/tumor/valid_004852.png,tumor
data/pcam/train/tumor/valid_004865.png,tumor
data/pcam/train/tumor/valid_004869.png,tumor
data/pcam/train/tumor/valid_004875.png,tumor
data/pcam/train/tumor/valid_004881.png,tumor
data/pcam/train/tumor/valid_004884.png,tumor
data/pcam/train/tumor/valid_004885.png,tumor
data/pcam/train/tumor/valid_004887.png,tumor
data/pcam/train/tumor/valid_004889.png,tumor
data/pcam/train/tumor/valid_004890.png,tumor
data/pcam/train/tumor/valid_004905.png,tumor
data/pcam/train/tumor/valid_004906.png,tumor
data/pcam/train/tumor/valid_004908.png,tumor
data/pcam/train/tumor/valid_004924.png,tumor
data/pcam/train/tumor/valid_004928.png,tumor
data/pcam/train/tumor/valid_004931.png,tumor
data/pcam/train/tumor/valid_004933.png,tumor
data/pcam/train/tumor/valid_004934.png,tumor
data/pcam/train/tumor/valid_004937.png,tumor
data/pcam/train/tumor/valid_004940.png,tumor
data/pcam/train/tumor/valid_004942.png,tumor
data/pcam/train/tumor/valid_004947.png,tumor
data/pcam/train/tumor/valid_004948.png,tumor
data/pcam/train/tumor/valid_004949.png,tumor
data/pcam/train/tumor/valid_004950.png,tumor
data/pcam/train/tumor/valid_004961.png,tumor
data/pcam/train/tumor/valid_004962.png,tumor
data/pcam/train/tumor/valid_004969.png,tumor
data/pcam/train/tumor/valid_004971.png,tumor
data/pcam/train/tumor/valid_004972.png,tumor
data/pcam/train/tumor/valid_004973.png,tumor
data/pcam/train/tumor/valid_004975.png,tumor
data/pcam/train/tumor/valid_004978.png,tumor
data/pcam/train/tumor/valid_004983.png,tumor
data/pcam/train/tumor/valid_004985.png,tumor
data/pcam/train/tumor/valid_004991.png,tumor
data/pcam/train/tumor/valid_004992.png,tumor
data/pcam/train/tumor/valid_004999.png,tumor
data/pcam/train/tumor/valid_005001.png,tumor
data/pcam/train/tumor/valid_005007.png,tumor
data/pcam/train/tumor/valid_005013.png,tumor
data/pcam/train/tumor/valid_005023.png,tumor
data/pcam/train/tumor/valid_005031.png,tumor
data/pcam/train/tumor/valid_005033.png,tumor
data/pcam/train/tumor/valid_005035.png,tumor
data/pcam/train/tumor/valid_005036.png,tumor
data/pcam/train/tumor/valid_005038.png,tumor
data/pcam/train/tumor/valid_005041.png,tumor
data/pcam/train/tumor/valid_005048.png,tumor
data/pcam/train/tumor/valid_005057.png,tumor
data/pcam/train/tumor/valid_005062.png,tumor
data/pcam/train/tumor/valid_005063.png,tumor
data/pcam/train/tumor/valid_005066.png,tumor
data/pcam/train/tumor/valid_005067.png,tumor
data/pcam/train/tumor/valid_005073.png,tumor
data/pcam/train/tumor/valid_005077.png,tumor
data/pcam/train/tumor/valid_005084.png,tumor
data/pcam/train/tumor/valid_005085.png,tumor
data/pcam/train/tumor/valid_005088.png,tumor
data/pcam/train/tumor/valid_005093.png,tumor
data/pcam/train/tumor/valid_005094.png,tumor
data/pcam/train/tumor/valid_005095.png,tumor
data/pcam/train/tumor/valid_005098.png,tumor
data/pcam/train/tumor/valid_005099.png,tumor
data/pcam/train/tumor/valid_005102.png,tumor
data/pcam/train/tumor/valid_005105.png,tumor
data/pcam/train/tumor/valid_005109.png,tumor
data/pcam/train/tumor/valid_005119.png,tumor
data/pcam/train/tumor/valid_005125.png,tumor
data/pcam/train/tumor/valid_005132.png,tumor
data/pcam/train/tumor/valid_005134.png,tumor
data/pcam/train/tumor/valid_005135.png,tumor
data/pcam/train/tumor/valid_005137.png,tumor
data/pcam/train/tumor/valid_005141.png,tumor
data/pcam/train/tumor/valid_005144.png,tumor
data/pcam/train/tumor/valid_005147.png,tumor
data/pcam/train/tumor/valid_005149.png,tumor
data/pcam/train/tumor/valid_005151.png,tumor
data/pcam/train/tumor/valid_005153.png,tumor
data/pcam/train/tumor/valid_005154.png,tumor
data/pcam/train/tumor/valid_005173.png,tumor
data/pcam/train/tumor/valid_005183.png,tumor
data/pcam/train/tumor/valid_005187.png,tumor
data/pcam/train/tumor/valid_005193.png,tumor
data/pcam/train/tumor/valid_005194.png,tumor
data/pcam/train/tumor/valid_005436.png,tumor
data/pcam/train/tumor/valid_005467.png,tumor
data/pcam/train/tumor/valid_005472.png,tumor
data/pcam/train/tumor/valid_005474.png,tumor
data/pcam/train/tumor/valid_005479.png,tumor
data/pcam/train/tumor/valid_005502.png,tumor
data/pcam/train/tumor/valid_005506.png,tumor
data/pcam/train/tumor/valid_005511.png,tumor
data/pcam/train/tumor/valid_005530.png,tumor
data/pcam/train/tumor/valid_005535.png,tumor
data/pcam/train/tumor/valid_005544.png,tumor
data/pcam/train/tumor/valid_005545.png,tumor
data/pcam/train/tumor/valid_005546.png,tumor
data/pcam/train/tumor/valid_005551.png,tumor
data/pcam/train/tumor/valid_005554.png,tumor
data/pcam/train/tumor/valid_005555.png,tumor
data/pcam/train/tumor/valid_005557.png,tumor
data/pcam/train/tumor/valid_005558.png,tumor
data/pcam/train/tumor/valid_005562.png,tumor
data/pcam/train/tumor/valid_005566.png,tumor
data/pcam/train/tumor/valid_005567.png,tumor
data/pcam/train/tumor/valid_005574.png,tumor
data/pcam/train/tumor/valid_005581.png,tumor
data/pcam/train/tumor/valid_005585.png,tumor
data/pcam/train/tumor/valid_005587.png,tumor
data/pcam/train/tumor/valid_005589.png,tumor
data/pcam/train/tumor/valid_005593.png,tumor
data/pcam/train/tumor/valid_005595.png,tumor
data/pcam/train/tumor/valid_005596.png,tumor
data/pcam/train/tumor/valid_005598.png,tumor
data/pcam/train/tumor/valid_005601.png,tumor
data/pcam/train/tumor/valid_005603.png,tumor
data/pcam/train/tumor/valid_005609.png,tumor
data/pcam/train/tumor/valid_005616.png,tumor
data/pcam/train/tumor/valid_005619.png,tumor
data/pcam/train/tumor/valid_005622.png,tumor
data/pcam/train/tumor/valid_005623.png,tumor
data/pcam/train/tumor/valid_005627.png,tumor
data/pcam/train/tumor/valid_005629.png,tumor
data/pcam/train/tumor/valid_005635.png,tumor
data/pcam/train/tumor/valid_005638.png,tumor
data/pcam/train/tumor/valid_005642.png,tumor
data/pcam/train/tumor/valid_005647.png,tumor
data/pcam/train/tumor/valid_005655.png,tumor
data/pcam/train/tumor/valid_005657.png,tumor
data/pcam/train/tumor/valid_005666.png,tumor
data/pcam/train/tumor/valid_005672.png,tumor
data/pcam/train/tumor/valid_005675.png,tumor
data/pcam/train/tumor/valid_005676.png,tumor
data/pcam/train/tumor/valid_005679.png,tumor
data/pcam/train/tumor/valid_005686.png,tumor
data/pcam/train/tumor/valid_005687.png,tumor
data/pcam/train/tumor/valid_005688.png,tumor
data/pcam/train/tumor/valid_005697.png,tumor
data/pcam/train/tumor/valid_005699.png,tumor
data/pcam/train/tumor/valid_005700.png,tumor
data/pcam/train/tumor/valid_005701.png,tumor
data/pcam/train/tumor/valid_005702.png,tumor
data/pcam/train/tumor/valid_005717.png,tumor
data/pcam/train/tumor/valid_005718.png,tumor
data/pcam/train/tumor/valid_005720.png,tumor
data/pcam/train/tumor/valid_005723.png,tumor
data/pcam/train/tumor/valid_005728.png,tumor
data/pcam/train/tumor/valid_005742.png,tumor
data/pcam/train/tumor/valid_005743.png,tumor
data/pcam/train/tumor/valid_005749.png,tumor
data/pcam/train/tumor/valid_005750.png,tumor
data/pcam/train/tumor/valid_005751.png,tumor
data/pcam/train/tumor/valid_005753.png,tumor
data/pcam/train/tumor/valid_005757.png,tumor
data/pcam/train/tumor/valid_005767.png,tumor
data/pcam/train/tumor/valid_005769.png,tumor
data/pcam/train/tumor/valid_005773.png,tumor
data/pcam/train/tumor/valid_005774.png,tumor
data/pcam/train/tumor/valid_005778.png,tumor
data/pcam/train/tumor/valid_005792.png,tumor
data/pcam/train/tumor/valid_005794.png,tumor
data/pcam/train/tumor/valid_005797.png,tumor
data/pcam/train/tumor/valid_005808.png,tumor
data/pcam/train/tumor/valid_005818.png,tumor
data/pcam/train/tumor/valid_005820.png,tumor
data/pcam/train/tumor/valid_006033.png,tumor
data/pcam/train/tumor/valid_006068.png,tumor
data/pcam/train/tumor/valid_006078.png,tumor
data/pcam/train/tumor/valid_006085.png,tumor
data/pcam/train/tumor/valid_006091.png,tumor
data/pcam/train/tumor/valid_006093.png,tumor
data/pcam/train/tumor/valid_006097.png,tumor
data/pcam/train/tumor/valid_006100.png,tumor
data/pcam/train/tumor/valid_006108.png,tumor
data/pcam/train/tumor/valid_006109.png,tumor
data/pcam/train/tumor/valid_006110.png,tumor
data/pcam/train/tumor/valid_006112.png,tumor
data/pcam/train/tumor/valid_006124.png,tumor
data/pcam/train/tumor/valid_006129.png,tumor
data/pcam/train/tumor/valid_006137.png,tumor
data/pcam/train/tumor/valid_006143.png,tumor
data/pcam/train/tumor/valid_006146.png,tumor
data/pcam/train/tumor/valid_006147.png,tumor
data/pcam/train/tumor/valid_006154.png,tumor
data/pcam/train/tumor/valid_006169.png,tumor
data/pcam/train/tumor/valid_006170.png,tumor
data/pcam/train/tumor/valid_006171.png,tumor
data/pcam/train/tumor/valid_006178.png,tumor
data/pcam/train/tumor/valid_006184.png,tumor
data/pcam/train/tumor/valid_006185.png,tumor
data/pcam/train/tumor/valid_006187.png,tumor
data/pcam/train/tumor/valid_006188.png,tumor
data/pcam/train/tumor/valid_006189.png,tumor
data/pcam/train/tumor/valid_006193.png,tumor
data/pcam/train/tumor/valid_006198.png,tumor
data/pcam/train/tumor/valid_006199.png,tumor
data/pcam/train/tumor/valid_006203.png,tumor
data/pcam/train/tumor/valid_006204.png,tumor
data/pcam/train/tumor/valid_006205.png,tumor
data/pcam/train/tumor/valid_006208.png,tumor
data/pcam/train/tumor/valid_006211.png,tumor
data/pcam/train/tumor/valid_006214.png,tumor
data/pcam/train/tumor/valid_006215.png,tumor
data/pcam/train/tumor/valid_006217.png,tumor
data/pcam/train/tumor/valid_006218.png,tumor
data/pcam/train/tumor/valid_006222.png,tumor
data/pcam/train/tumor/valid_006233.png,tumor
data/pcam/train/tumor/valid_006238.png,tumor
data/pcam/train/tumor/valid_006247.png,tumor
data/pcam/train/tumor/valid_006248.png,tumor
data/pcam/train/tumor/valid_006249.png,tumor
data/pcam/train/tumor/valid_006250.png,tumor
data/pcam/train/tumor/valid_006259.png,tumor
data/pcam/train/tumor/valid_006260.png,tumor
data/pcam/train/tumor/valid_006264.png,tumor
data/pcam/train/tumor/valid_006266.png,tumor
data/pcam/train/tumor/valid_006278.png,tumor
data/pcam/train/tumor/valid_006279.png,tumor
data/pcam/train/tumor/valid_006282.png,tumor
data/pcam/train/tumor/valid_006283.png,tumor
data/pcam/train/tumor/valid_006290.png,tumor
data/pcam/train/tumor/valid_006291.png,tumor
data/pcam/train/tumor/valid_006299.png,tumor
data/pcam/train/tumor/valid_006301.png,tumor
data/pcam/train/tumor/valid_006302.png,tumor
data/pcam/train/tumor/valid_006309.png,tumor
data/pcam/train/tumor/valid_006314.png,tumor
data/pcam/train/tumor/valid_006316.png,tumor
data/pcam/train/tumor/valid_006327.png,tumor
data/pcam/train/tumor/valid_006333.png,tumor
data/pcam/train/tumor/valid_006334.png,tumor
data/pcam/train/tumor/valid_006335.png,tumor
data/pcam/train/tumor/valid_006340.png,tumor
data/pcam/train/tumor/valid_006341.png,tumor
data/pcam/train/tumor/valid_006344.png,tumor
data/pcam/train/tumor/valid_006345.png,tumor
data/pcam/train/tumor/valid_006346.png,tumor
data/pcam/train/tumor/valid_006348.png,tumor
data/pcam/train/tumor/valid_006351.png,tumor
data/pcam/train/tumor/valid_006352.png,tumor
data/pcam/train/tumor/valid_006360.png,tumor
data/pcam/train/tumor/valid_006368.png,tumor
data/pcam/train/tumor/valid_006370.png,tumor
data/pcam/train/tumor/valid_006374.png,tumor
data/pcam/train/tumor/valid_006378.png,tumor
data/pcam/train/tumor/valid_006380.png,tumor
data/pcam/train/tumor/valid_006385.png,tumor
data/pcam/train/tumor/valid_006387.png,tumor
data/pcam/train/tumor/valid_006388.png,tumor
data/pcam/train/tumor/valid_006393.png,tumor
data/pcam/train/tumor/valid_006397.png,tumor
data/pcam/train/tumor/valid_006412.png,tumor
data/pcam/train/tumor/valid_006426.png,tumor
data/pcam/train/tumor/valid_006430.png,tumor
data/pcam/train/tumor/valid_006444.png,tumor
data/pcam/train/tumor/valid_006448.png,tumor
data/pcam/train/tumor/valid_006451.png,tumor
data/pcam/train/tumor/valid_006711.png,tumor
data/pcam/train/tumor/valid_006712.png,tumor
data/pcam/train/tumor/valid_006723.png,tumor
data/pcam/train/tumor/valid_006735.png,tumor
data/pcam/train/tumor/valid_006748.png,tumor
data/pcam/train/tumor/valid_006750.png,tumor
data/pcam/train/tumor/valid_006769.png,tumor
data/pcam/train/tumor/valid_006783.png,tumor
data/pcam/train/tumor/valid_006790.png,tumor
data/pcam/train/tumor/valid_006799.png,tumor
data/pcam/train/tumor/valid_006800.png,tumor
data/pcam/train/tumor/valid_006804.png,tumor
data/pcam/train/tumor/valid_006812.png,tumor
data/pcam/train/tumor/valid_006819.png,tumor
data/pcam/train/tumor/valid_006820.png,tumor
data/pcam/train/tumor/valid_006821.png,tumor
data/pcam/train/tumor/valid_006822.png,tumor
data/pcam/train/tumor/valid_006823.png,tumor
data/pcam/train/tumor/valid_006826.png,tumor
data/pcam/train/tumor/valid_006839.png,tumor
data/pcam/train/tumor/valid_006845.png,tumor
data/pcam/train/tumor/valid_006846.png,tumor
data/pcam/train/tumor/valid_006850.png,tumor
data/pcam/train/tumor/valid_006852.png,tumor
data/pcam/train/tumor/valid_006853.png,tumor
data/pcam/train/tumor/valid_006855.png,tumor
data/pcam/train/tumor/valid_006874.png,tumor
data/pcam/train/tumor/valid_006881.png,tumor
data/pcam/train/tumor/valid_006884.png,tumor
data/pcam/train/tumor/valid_006885.png,tumor
data/pcam/train/tumor/valid_006886.png,tumor
data/pcam/train/tumor/valid_006892.png,tumor
data/pcam/train/tumor/valid_006898.png,tumor
data/pcam/train/tumor/valid_006905.png,tumor
data/pcam/train/tumor/valid_006908.png,tumor
data/pcam/train/tumor/valid_006910.png,tumor
data/pcam/train/tumor/valid_006913.png,tumor
data/pcam/train/tumor/valid_006915.png,tumor
data/pcam/train/tumor/valid_006916.png,tumor
data/pcam/train/tumor/valid_006917.png,tumor
data/pcam/train/tumor/valid_006918.png,tumor
data/pcam/train/tumor/valid_006919.png,tumor
data/pcam/train/tumor/valid_006921.png,tumor
data/pcam/train/tumor/valid_006922.png,tumor
data/pcam/train/tumor/valid_006924.png,tumor
data/pcam/train/tumor/valid_006925.png,tumor
data/pcam/train/tumor/valid_006934.png,tumor
data/pcam/train/tumor/valid_006936.png,tumor
data/pcam/train/tumor/valid_006938.png,tumor
data/pcam/train/tumor/valid_006940.png,tumor
data/pcam/train/tumor/valid_006941.png,tumor
data/pcam/train/tumor/valid_006942.png,tumor
data/pcam/train/tumor/valid_006943.png,tumor
data/pcam/train/tumor/valid_006947.png,tumor
data/pcam/train/tumor/valid_006954.png,tumor
data/pcam/train/tumor/valid_006958.png,tumor
data/pcam/train/tumor/valid_006964.png,tumor
data/pcam/train/tumor/valid_006970.png,tumor
data/pcam/train/tumor/valid_006972.png,tumor
data/pcam/train/tumor/valid_006977.png,tumor
data/pcam/train/tumor/valid_006978.png,tumor
data/pcam/train/tumor/valid_006987.png,tumor
data/pcam/train/tumor/valid_006988.png,tumor
data/pcam/train/tumor/valid_006990.png,tumor
data/pcam/train/tumor/valid_006992.png,tumor
data/pcam/train/tumor/valid_006998.png,tumor
data/pcam/train/tumor/valid_006999.png,tumor
data/pcam/train/tumor/valid_007006.png,tumor
data/pcam/train/tumor/valid_007008.png,tumor
data/pcam/train/tumor/valid_007012.png,tumor
data/pcam/train/tumor/valid_007013.png,tumor
data/pcam/train/tumor/valid_007016.png,tumor
data/pcam/train/tumor/valid_007022.png,tumor
data/pcam/train/tumor/valid_007028.png,tumor
data/pcam/train/tumor/valid_007032.png,tumor
data/pcam/train/tumor/valid_007036.png,tumor
data/pcam/train/tumor/valid_007037.png,tumor
data/pcam/train/tumor/valid_007039.png,tumor
data/pcam/train/tumor/valid_007041.png,tumor
data/pcam/train/tumor/valid_007043.png,tumor
data/pcam/train/tumor/valid_007044.png,tumor
data/pcam/train/tumor/valid_007045.png,tumor
data/pcam/train/tumor/valid_007048.png,tumor
data/pcam/train/tumor/valid_007053.png,tumor
data/pcam/train/tumor/valid_007054.png,tumor
data/pcam/train/tumor/valid_007059.png,tumor
data/pcam/train/tumor/valid_007068.png,tumor
data/pcam/train/tumor/valid_007075.png,tumor
data/pcam/train/tumor/valid_007076.png,tumor
data/pcam/train/tumor/valid_007077.png,tumor
data/pcam/train/tumor/valid_007080.png,tumor
data/pcam/train/tumor/valid_007083.png,tumor
data/pcam/train/tumor/valid_007086.png,tumor
data/pcam/train/tumor/valid_007099.png,tumor
data/pcam/train/tumor/valid_007348.png,tumor
data/pcam/train/tumor/valid_007369.png,tumor
data/pcam/train/tumor/valid_007373.png,tumor
data/pcam/train/tumor/valid_007376.png,tumor
data/pcam/train/tumor/valid_007378.png,tumor
data/pcam/train/tumor/valid_007383.png,tumor
data/pcam/train/tumor/valid_007384.png,tumor
data/pcam/train/tumor/valid_007385.png,tumor
data/pcam/train/tumor/valid_007386.png,tumor
data/pcam/train/tumor/valid_007391.png,tumor
data/pcam/train/tumor/valid_007400.png,tumor
data/pcam/train/tumor/valid_007406.png,tumor
data/pcam/train/tumor/valid_007412.png,tumor
data/pcam/train/tumor/valid_007430.png,tumor
data/pcam/train/tumor/valid_007432.png,tumor
data/pcam/train/tumor/valid_007439.png,tumor
data/pcam/train/tumor/valid_007446.png,tumor
data/pcam/train/tumor/valid_007450.png,tumor
data/pcam/train/tumor/valid_007457.png,tumor
data/pcam/train/tumor/valid_007458.png,tumor
data/pcam/train/tumor/valid_007461.png,tumor
data/pcam/train/tumor/valid_007465.png,tumor
data/pcam/train/tumor/valid_007471.png,tumor
data/pcam/train/tumor/valid_007478.png,tumor
data/pcam/train/tumor/valid_007483.png,tumor
data/pcam/train/tumor/valid_007491.png,tumor
data/pcam/train/tumor/valid_007496.png,tumor
data/pcam/train/tumor/valid_007508.png,tumor
data/pcam/train/tumor/valid_007511.png,tumor
data/pcam/train/tumor/valid_007513.png,tumor
data/pcam/train/tumor/valid_007514.png,tumor
data/pcam/train/tumor/valid_007519.png,tumor
data/pcam/train/tumor/valid_007520.png,tumor
data/pcam/train/tumor/valid_007523.png,tumor
data/pcam/train/tumor/valid_007524.png,tumor
data/pcam/train/tumor/valid_007525.png,tumor
data/pcam/train/tumor/valid_007534.png,tumor
data/pcam/train/tumor/valid_007536.png,tumor
data/pcam/train/tumor/valid_007541.png,tumor
data/pcam/train/tumor/valid_007542.png,tumor
data/pcam/train/tumor/valid_007545.png,tumor
data/pcam/train/tumor/valid_007547.png,tumor
data/pcam/train/tumor/valid_007558.png,tumor
data/pcam/train/tumor/valid_007559.png,tumor
data/pcam/train/tumor/valid_007565.png,tumor
data/pcam/train/tumor/valid_007566.png,tumor
data/pcam/train/tumor/valid_007570.png,tumor
data/pcam/train/tumor/valid_007573.png,tumor
data/pcam/train/tumor/valid_007578.png,tumor
data/pcam/train/tumor/valid_007593.png,tumor
data/pcam/train/tumor/valid_007600.png,tumor
data/pcam/train/tumor/valid_007607.png,tumor
data/pcam/train/tumor/valid_007610.png,tumor
data/pcam/train/tumor/valid_007613.png,tumor
data/pcam/train/tumor/valid_007614.png,tumor
data/pcam/train/tumor/valid_007618.png,tumor
data/pcam/train/tumor/valid_007621.png,tumor
data/pcam/train/tumor/valid_007622.png,tumor
data/pcam/train/tumor/valid_007626.png,tumor
data/pcam/train/tumor/valid_007647.png,tumor
data/pcam/train/tumor/valid_007656.png,tumor
data/pcam/train/tumor/valid_007664.png,tumor
data/pcam/train/tumor/valid_007669.png,tumor
data/pcam/train/tumor/valid_007670.png,tumor
data/pcam/train/tumor/valid_007673.png,tumor
data/pcam/train/tumor/valid_007674.png,tumor
data/pcam/train/tumor/valid_007681.png,tumor
data/pcam/train/tumor/valid_007684.png,tumor
data/pcam/train/tumor/valid_007685.png,tumor
data/pcam/train/tumor/valid_007696.png,tumor
data/pcam/train/tumor/valid_007697.png,tumor
data/pcam/train/tumor/valid_007702.png,tumor
data/pcam/train/tumor/valid_007703.png,tumor
data/pcam/train/tumor/valid_007704.png,tumor
data/pcam/train/tumor/valid_007709.png,tumor
data/pcam/train/tumor/valid_007710.png,tumor
data/pcam/train/tumor/valid_007711.png,tumor
data/pcam/train/tumor/valid_007720.png,tumor
data/pcam/train/tumor/valid_007725.png,tumor
data/pcam/train/tumor/valid_007729.png,tumor
data/pcam/train/tumor/valid_007738.png,tumor
data/pcam/train/tumor/valid_007998.png,tumor
data/pcam/train/tumor/valid_008000.png,tumor
data/pcam/train/tumor/valid_008007.png,tumor
data/pcam/train/tumor/valid_008008.png,tumor
data/pcam/train/tumor/valid_008018.png,tumor
data/pcam/train/tumor/valid_008029.png,tumor
data/pcam/train/tumor/valid_008043.png,tumor
data/pcam/train/tumor/valid_008047.png,tumor
data/pcam/train/tumor/valid_008050.png,tumor
data/pcam/train/tumor/valid_008058.png,tumor
data/pcam/train/tumor/valid_008062.png,tumor
data/pcam/train/tumor/valid_008078.png,tumor
data/pcam/train/tumor/valid_008083.png,tumor
data/pcam/train/tumor/valid_008085.png,tumor
data/pcam/train/tumor/valid_008086.png,tumor
data/pcam/train/tumor/valid_008097.png,tumor
data/pcam/train/tumor/valid_008098.png,tumor
data/pcam/train/tumor/valid_008099.png,tumor
data/pcam/train/tumor/valid_008105.png,tumor
data/pcam/train/tumor/valid_008106.png,tumor
data/pcam/train/tumor/valid_008107.png,tumor
data/pcam/train/tumor/valid_008118.png,tumor
data/pcam/train/tumor/valid_008122.png,tumor
data/pcam/train/tumor/valid_008126.png,tumor
data/pcam/train/tumor/valid_008128.png,tumor
data/pcam/train/tumor/valid_008131.png,tumor
data/pcam/train/tumor/valid_008138.png,tumor
data/pcam/train/tumor/valid_008140.png,tumor
data/pcam/train/tumor/valid_008149.png,tumor
data/pcam/train/tumor/valid_008152.png,tumor
data/pcam/train/tumor/valid_008153.png,tumor
data/pcam/train/tumor/valid_008154.png,tumor
data/pcam/train/tumor/valid_008159.png,tumor
data/pcam/train/tumor/valid_008160.png,tumor
data/pcam/train/tumor/valid_008163.png,tumor
data/pcam/train/tumor/valid_008166.png,tumor
data/pcam/train/tumor/valid_008173.png,tumor
data/pcam/train/tumor/valid_008177.png,tumor
data/pcam/train/tumor/valid_008180.png,tumor
data/pcam/train/tumor/valid_008182.png,tumor
data/pcam/train/tumor/valid_008183.png,tumor
data/pcam/train/tumor/valid_008190.png,tumor
data/pcam/train/tumor/valid_008198.png,tumor
data/pcam/train/tumor/valid_008199.png,tumor
data/pcam/train/tumor/valid_008205.png,tumor
data/pcam/train/tumor/valid_008206.png,tumor
data/pcam/train/tumor/valid_008210.png,tumor
data/pcam/train/tumor/valid_008218.png,tumor
data/pcam/train/tumor/valid_008221.png,tumor
data/pcam/train/tumor/valid_008226.png,tumor
data/pcam/train/tumor/valid_008228.png,tumor
data/pcam/train/tumor/valid_008230.png,tumor
data/pcam/train/tumor/valid_008233.png,tumor
data/pcam/train/tumor/valid_008234.png,tumor
data/pcam/train/tumor/valid_008235.png,tumor
data/pcam/train/tumor/valid_008239.png,tumor
data/pcam/train/tumor/valid_008246.png,tumor
data/pcam/train/tumor/valid_008250.png,tumor
data/pcam/train/tumor/valid_008253.png,tumor
data/pcam/train/tumor/valid_008254.png,tumor
data/pcam/train/tumor/valid_008255.png,tumor
data/pcam/train/tumor/valid_008257.png,tumor
data/pcam/train/tumor/valid_008259.png,tumor
data/pcam/train/tumor/valid_008262.png,tumor
data/pcam/train/tumor/valid_008264.png,tumor
data/pcam/train/tumor/valid_008268.png,tumor
data/pcam/train/tumor/valid_008274.png,tumor
data/pcam/train/tumor/valid_008279.png,tumor
data/pcam/train/tumor/valid_008288.png,tumor
data/pcam/train/tumor/valid_008291.png,tumor
data/pcam/train/tumor/valid_008292.png,tumor
data/pcam/train/tumor/valid_008293.png,tumor
data/pcam/train/tumor/valid_008294.png,tumor
data/pcam/train/tumor/valid_008295.png,tumor
data/pcam/train/tumor/valid_008305.png,tumor
data/pcam/train/tumor/valid_008309.png,tumor
data/pcam/train/tumor/valid_008310.png,tumor
data/pcam/train/tumor/valid_008321.png,tumor
data/pcam/train/tumor/valid_008323.png,tumor
data/pcam/train/tumor/valid_008324.png,tumor
data/pcam/train/tumor/valid_008326.png,tumor
data/pcam/train/tumor/valid_008327.png,tumor
data/pcam/train/tumor/valid_008330.png,tumor
data/pcam/train/tumor/valid_008332.png,tumor
data/pcam/train/tumor/valid_008342.png,tumor
data/pcam/train/tumor/valid_008349.png,tumor
data/pcam/train/tumor/valid_008359.png,tumor
data/pcam/train/tumor/valid_008360.png,tumor
data/pcam/train/tumor/valid_008364.png,tumor
data/pcam/train/tumor/valid_008370.png,tumor
data/pcam/train/tumor/valid_008372.png,tumor
data/pcam/train/tumor/valid_008384.png,tumor
data/pcam/train/tumor/valid_008385.png,tumor
data/pcam/train/tumor/valid_008387.png,tumor
data/pcam/train/tumor/valid_008390.png,tumor
data/pcam/train/tumor/valid_008619.png,tumor
data/pcam/train/tumor/valid_008641.png,tumor
data/pcam/train/tumor/valid_008657.png,tumor
data/pcam/train/tumor/valid_008661.png,tumor
data/pcam/train/tumor/valid_008664.png,tumor
data/pcam/train/tumor/valid_008665.png,tumor
data/pcam/train/tumor/valid_008670.png,tumor
data/pcam/train/tumor/valid_008693.png,tumor
data/pcam/train/tumor/valid_008695.png,tumor
data/pcam/train/tumor/valid_008701.png,tumor
data/pcam/train/tumor/valid_008702.png,tumor
data/pcam/train/tumor/valid_008707.png,tumor
data/pcam/train/tumor/valid_008710.png,tumor
data/pcam/train/tumor/valid_008725.png,tumor
data/pcam/train/tumor/valid_008733.png,tumor
data/pcam/train/tumor/valid_008735.png,tumor
data/pcam/train/tumor/valid_008751.png,tumor
data/pcam/train/tumor/valid_008762.png,tumor
data/pcam/train/tumor/valid_008767.png,tumor
data/pcam/train/tumor/valid_008768.png,tumor
data/pcam/train/tumor/valid_008769.png,tumor
data/pcam/train/tumor/valid_008772.png,tumor
data/pcam/train/tumor/valid_008775.png,tumor
data/pcam/train/tumor/valid_008781.png,tumor
data/pcam/train/tumor/valid_008783.png,tumor
data/pcam/train/tumor/valid_008785.png,tumor
data/pcam/train/tumor/valid_008789.png,tumor
data/pcam/train/tumor/valid_008790.png,tumor
data/pcam/train/tumor/valid_008793.png,tumor
data/pcam/train/tumor/valid_008802.png,tumor
data/pcam/train/tumor/valid_008804.png,tumor
data/pcam/train/tumor/valid_008805.png,tumor
data/pcam/train/tumor/valid_008806.png,tumor
data/pcam/train/tumor/valid_008807.png,tumor
data/pcam/train/tumor/valid_008808.png,tumor
data/pcam/train/tumor/valid_008814.png,tumor
data/pcam/train/tumor/valid_008816.png,tumor
data/pcam/train/tumor/valid_008819.png,tumor
data/pcam/train/tumor/valid_008827.png,tumor
data/pcam/train/tumor/valid_008831.png,tumor
data/pcam/train/tumor/valid_008834.png,tumor
data/pcam/train/tumor/valid_008836.png,tumor
data/pcam/train/tumor/valid_008837.png,tumor
data/pcam/train/tumor/valid_008843.png,tumor
data/pcam/train/tumor/valid_008844.png,tumor
data/pcam/train/tumor/valid_008845.png,tumor
data/pcam/train/tumor/valid_008859.png,tumor
data/pcam/train/tumor/valid_008860.png,tumor
data/pcam/train/tumor/valid_008865.png,tumor
data/pcam/train/tumor/valid_008866.png,tumor
data/pcam/train/tumor/valid_008870.png,tumor
data/pcam/train/tumor/valid_008871.png,tumor
data/pcam/train/tumor/valid_008873.png,tumor
data/pcam/train/tumor/valid_008874.png,tumor
data/pcam/train/tumor/valid_008876.png,tumor
data/pcam/train/tumor/valid_008877.png,tumor
data/pcam/train/tumor/valid_008883.png,tumor
data/pcam/train/tumor/valid_008884.png,tumor
data/pcam/train/tumor/valid_008885.png,tumor
data/pcam/train/tumor/valid_008887.png,tumor
data/pcam/train/tumor/valid_008888.png,tumor
data/pcam/train/tumor/valid_008897.png,tumor
data/pcam/train/tumor/valid_008898.png,tumor
data/pcam/train/tumor/valid_008899.png,tumor
data/pcam/train/tumor/valid_008905.png,tumor
data/pcam/train/tumor/valid_008913.png,tumor
data/pcam/train/tumor/valid_008917.png,tumor
data/pcam/train/tumor/valid_008920.png,tumor
data/pcam/train/tumor/valid_008923.png,tumor
data/pcam/train/tumor/valid_008924.png,tumor
data/pcam/train/tumor/valid_008927.png,tumor
data/pcam/train/tumor/valid_008934.png,tumor
data/pcam/train/tumor/valid_008935.png,tumor
data/pcam/train/tumor/valid_008939.png,tumor
data/pcam/train/tumor/valid_008940.png,tumor
data/pcam/train/tumor/valid_008944.png,tumor
data/pcam/train/tumor/valid_008945.png,tumor
data/pcam/train/tumor/valid_008946.png,tumor
data/pcam/train/tumor/valid_008951.png,tumor
data/pcam/train/tumor/valid_008952.png,tumor
data/pcam/train/tumor/valid_008955.png,tumor
data/pcam/train/tumor/valid_008957.png,tumor
data/pcam/train/tumor/valid_008965.png,tumor
data/pcam/train/tumor/valid_008969.png,tumor
data/pcam/train/tumor/valid_008971.png,tumor
data/pcam/train/tumor/valid_008972.png,tumor
data/pcam/train/tumor/valid_008981.png,tumor
data/pcam/train/tumor/valid_008988.png,tumor
data/pcam/train/tumor/valid_008992.png,tumor
data/pcam/train/tumor/valid_008994.png,tumor
data/pcam/train/tumor/valid_008995.png,tumor
data/pcam/train/tumor/valid_008996.png,tumor
data/pcam/train/tumor/valid_008997.png,tumor
data/pcam/train/tumor/valid_008998.png,tumor
data/pcam/train/tumor/valid_009010.png,tumor
data/pcam/train/tumor/valid_009012.png,tumor
data/pcam/train/tumor/valid_009026.png,tumor
data/pcam/train/tumor/valid_009028.png,tumor
data/pcam/train/tumor/valid_009039.png,tumor
data/pcam/train/tumor/valid_009047.png,tumor
data/pcam/train/tumor/valid_009049.png,tumor
data/pcam/train/tumor/valid_009053.png,tumor
data/pcam/train/tumor/valid_009056.png,tumor
data/pcam/train/tumor/valid_009060.png,tumor
data/pcam/train/tumor/valid_009354.png,tumor
data/pcam/train/tumor/valid_009368.png,tumor
data/pcam/train/tumor/valid_009369.png,tumor
data/pcam/train/tumor/valid_009370.png,tumor
data/pcam/train/tumor/valid_009386.png,tumor
data/pcam/train/tumor/valid_009391.png,tumor
data/pcam/train/tumor/valid_009395.png,tumor
data/pcam/train/tumor/valid_009402.png,tumor
data/pcam/train/tumor/valid_009403.png,tumor
data/pcam/train/tumor/valid_009404.png,tumor
data/pcam/train/tumor/valid_009409.png,tumor
data/pcam/train/tumor/valid_009417.png,tumor
data/pcam/train/tumor/valid_009419.png,tumor
data/pcam/train/tumor/valid_009424.png,tumor
data/pcam/train/tumor/valid_009425.png,tumor
data/pcam/train/tumor/valid_009435.png,tumor
data/pcam/train/tumor/valid_009444.png,tumor
data/pcam/train/tumor/valid_009448.png,tumor
data/pcam/train/tumor/valid_009452.png,tumor
data/pcam/train/tumor/valid_009453.png,tumor
data/pcam/train/tumor/valid_009460.png,tumor
data/pcam/train/tumor/valid_009467.png,tumor
data/pcam/train/tumor/valid_009475.png,tumor
data/pcam/train/tumor/valid_009479.png,tumor
data/pcam/train/tumor/valid_009480.png,tumor
data/pcam/train/tumor/valid_009481.png,tumor
data/pcam/train/tumor/valid_009494.png,tumor
data/pcam/train/tumor/valid_009495.png,tumor
data/pcam/train/tumor/valid_009510.png,tumor
data/pcam/train/tumor/valid_009520.png,tumor
data/pcam/train/tumor/valid_009521.png,tumor
data/pcam/train/tumor/valid_009523.png,tumor
data/pcam/train/tumor/valid_009526.png,tumor
data/pcam/train/tumor/valid_009532.png,tumor
data/pcam/train/tumor/valid_009540.png,tumor
data/pcam/train/tumor/valid_009542.png,tumor
data/pcam/train/tumor/valid_009548.png,tumor
data/pcam/train/tumor/valid_009551.png,tumor
data/pcam/train/tumor/valid_009553.png,tumor
data/pcam/train/tumor/valid_009555.png,tumor
data/pcam/train/tumor/valid_009556.png,tumor
data/pcam/train/tumor/valid_009558.png,tumor
data/pcam/train/tumor/valid_009559.png,tumor
data/pcam/train/tumor/valid_009563.png,tumor
data/pcam/train/tumor/valid_009567.png,tumor
data/pcam/train/tumor/valid_009568.png,tumor
data/pcam/train/tumor/valid_009569.png,tumor
data/pcam/train/tumor/valid_009573.png,tumor
data/pcam/train/tumor/valid_009575.png,tumor
data/pcam/train/tumor/valid_009578.png,tumor
data/pcam/train/tumor/valid_009583.png,tumor
data/pcam/train/tumor/valid_009585.png,tumor
data/pcam/train/tumor/valid_009598.png,tumor
data/pcam/train/tumor/valid_009599.png,tumor
data/pcam/train/tumor/valid_009600.png,tumor
data/pcam/train/tumor/valid_009602.png,tumor
data/pcam/train/tumor/valid_009605.png,tumor
data/pcam/train/tumor/valid_009607.png,tumor
data/pcam/train/tumor/valid_009608.png,tumor
data/pcam/train/tumor/valid_009611.png,tumor
data/pcam/train/tumor/valid_009618.png,tumor
data/pcam/train/tumor/valid_009620.png,tumor
data/pcam/train/tumor/valid_009621.png,tumor
data/pcam/train/tumor/valid_009622.png,tumor
data/pcam/train/tumor/valid_009623.png,tumor
data/pcam/train/tumor/valid_009624.png,tumor
data/pcam/train/tumor/valid_009634.png,tumor
data/pcam/train/tumor/valid_009638.png,tumor
data/pcam/train/tumor/valid_009645.png,tumor
data/pcam/train/tumor/valid_009651.png,tumor
data/pcam/train/tumor/valid_009653.png,tumor
data/pcam/train/tumor/valid_009656.png,tumor
data/pcam/train/tumor/valid_009657.png,tumor
data/pcam/train/tumor/valid_009660.png,tumor
data/pcam/train/tumor/valid_009662.png,tumor
data/pcam/train/tumor/valid_009665.png,tumor
data/pcam/train/tumor/valid_009679.png,tumor
data/pcam/train/tumor/valid_009682.png,tumor
data/pcam/train/tumor/valid_009686.png,tumor
data/pcam/train/tumor/valid_009692.png,tumor
data/pcam/train/tumor/valid_009694.png,tumor
data/pcam/train/tumor/valid_009699.png,tumor
data/pcam/train/tumor/valid_009709.png,tumor
data/pcam/train/tumor/valid_009710.png,tumor
data/pcam/train/tumor/valid_009722.png,tumor
data/pcam/train/tumor/valid_009725.png,tumor
data/pcam/train/tumor/valid_009727.png,tumor
data/pcam/train/tumor/valid_009734.png,tumor
data/pcam/train/tumor/valid_009995.png,tumor
data/pcam/train/tumor/valid_009997.png,tumor
data/pcam/train/tumor/valid_010004.png,tumor
data/pcam/train/tumor/valid_010020.png,tumor
data/pcam/train/tumor/valid_010041.png,tumor
data/pcam/train/tumor/valid_010042.png,tumor
data/pcam/train/tumor/valid_010047.png,tumor
data/pcam/train/tumor/valid_010053.png,tumor
data/pcam/train/tumor/valid_010057.png,tumor
data/pcam/train/tumor/valid_010069.png,tumor
data/pcam/train/tumor/valid_010075.png,tumor
data/pcam/train/tumor/valid_010077.png,tumor
data/pcam/train/tumor/valid_010086.png,tumor
data/pcam/train/tumor/valid_010092.png,tumor
data/pcam/train/tumor/valid_010095.png,tumor
data/pcam/train/tumor/valid_010098.png,tumor
data/pcam/train/tumor/valid_010099.png,tumor
data/pcam/train/tumor/valid_010104.png,tumor
data/pcam/train/tumor/valid_010112.png,tumor
data/pcam/train/tumor/valid_010117.png,tumor
data/pcam/train/tumor/valid_010118.png,tumor
data/pcam/train/tumor/valid_010121.png,tumor
data/pcam/train/tumor/valid_010125.png,tumor
data/pcam/train/tumor/valid_010127.png,tumor
data/pcam/train/tumor/valid_010128.png,tumor
data/pcam/train/tumor/valid_010130.png,tumor
data/pcam/train/tumor/valid_010134.png,tumor
data/pcam/train/tumor/valid_010136.png,tumor
data/pcam/train/tumor/valid_010143.png,tumor
data/pcam/train/tumor/valid_010144.png,tumor
data/pcam/train/tumor/valid_010145.png,tumor
data/pcam/train/tumor/valid_010150.png,tumor
data/pcam/train/tumor/valid_010152.png,tumor
data/pcam/train/tumor/valid_010154.png,tumor
data/pcam/train/tumor/valid_010160.png,tumor
data/pcam/train/tumor/valid_010164.png,tumor
data/pcam/train/tumor/valid_010166.png,tumor
data/pcam/train/tumor/valid_010173.png,tumor
data/pcam/train/tumor/valid_010175.png,tumor
data/pcam/train/tumor/valid_010183.png,tumor
data/pcam/train/tumor/valid_010184.png,tumor
data/pcam/train/tumor/valid_010185.png,tumor
data/pcam/train/tumor/valid_010188.png,tumor
data/pcam/train/tumor/valid_010193.png,tumor
data/pcam/train/tumor/valid_010194.png,tumor
data/pcam/train/tumor/valid_010196.png,tumor
data/pcam/train/tumor/valid_010199.png,tumor
data/pcam/train/tumor/valid_010209.png,tumor
data/pcam/train/tumor/valid_010220.png,tumor
data/pcam/train/tumor/valid_010222.png,tumor
data/pcam/train/tumor/valid_010224.png,tumor
data/pcam/train/tumor/valid_010227.png,tumor
data/pcam/train/tumor/valid_010234.png,tumor
data/pcam/train/tumor/valid_010235.png,tumor
data/pcam/train/tumor/valid_010236.png,tumor
data/pcam/train/tumor/valid_010239.png,tumor
data/pcam/train/tumor/valid_010240.png,tumor
data/pcam/train/tumor/valid_010242.png,tumor
data/pcam/train/tumor/valid_010249.png,tumor
data/pcam/train/tumor/valid_010258.png,tumor
data/pcam/train/tumor/valid_010265.png,tumor
data/pcam/train/tumor/valid_010285.png,tumor
data/pcam/train/tumor/valid_010299.png,tumor
data/pcam/train/tumor/valid_010304.png,tumor
data/pcam/train/tumor/valid_010307.png,tumor
data/pcam/train/tumor/valid_010308.png,tumor
data/pcam/train/tumor/valid_010310.png,tumor
data/pcam/train/tumor/valid_010313.png,tumor
data/pcam/train/tumor/valid_010329.png,tumor
data/pcam/train/tumor/valid_010335.png,tumor
data/pcam/train/tumor/valid_010340.png,tumor
data/pcam/train/tumor/valid_010350.png,tumor
data/pcam/train/tumor/valid_010609.png,tumor
data/pcam/train/tumor/valid_010621.png,tumor
data/pcam/train/tumor/valid_010635.png,tumor
data/pcam/train/tumor/valid_010638.png,tumor
data/pcam/train/tumor/valid_010641.png,tumor
data/pcam/train/tumor/valid_010642.png,tumor
data/pcam/train/tumor/valid_010653.png,tumor
data/pcam/train/tumor/valid_010663.png,tumor
data/pcam/train/tumor/valid_010668.png,tumor
data/pcam/train/tumor/valid_010671.png,tumor
data/pcam/train/tumor/valid_010672.png,tumor
data/pcam/train/tumor/valid_010677.png,tumor
data/pcam/train/tumor/valid_010687.png,tumor
data/pcam/train/tumor/valid_010689.png,tumor
data/pcam/train/tumor/valid_010692.png,tumor
data/pcam/train/tumor/valid_010693.png,tumor
data/pcam/train/tumor/valid_010694.png,tumor
data/pcam/train/tumor/valid_010697.png,tumor
data/pcam/train/tumor/valid_010699.png,tumor
data/pcam/train/tumor/valid_010703.png,tumor
data/pcam/train/tumor/valid_010710.png,tumor
data/pcam/train/tumor/valid_010720.png,tumor
data/pcam/train/tumor/valid_010730.png,tumor
data/pcam/train/tumor/valid_010735.png,tumor
data/pcam/train/tumor/valid_010746.png,tumor
data/pcam/train/tumor/valid_010749.png,tumor
data/pcam/train/tumor/valid_010754.png,tumor
data/pcam/train/tumor/valid_010760.png,tumor
data/pcam/train/tumor/valid_010762.png,tumor
data/pcam/train/tumor/valid_010765.png,tumor
data/pcam/train/tumor/valid_010769.png,tumor
data/pcam/train/tumor/valid_010771.png,tumor
data/pcam/train/tumor/valid_010776.png,tumor
data/pcam/train/tumor/valid_010777.png,tumor
data/pcam/train/tumor/valid_010779.png,tumor
data/pcam/train/tumor/valid_010785.png,tumor
data/pcam/train/tumor/valid_010792.png,tumor
data/pcam/train/tumor/valid_010803.png,tumor
data/pcam/train/tumor/valid_010804.png,tumor
data/pcam/train/tumor/valid_010805.png,tumor
data/pcam/train/tumor/valid_010806.png,tumor
data/pcam/train/tumor/valid_010807.png,tumor
data/pcam/train/tumor/valid_010815.png,tumor
data/pcam/train/tumor/valid_010820.png,tumor
data/pcam/train/tumor/valid_010821.png,tumor
data/pcam/train/tumor/valid_010827.png,tumor
data/pcam/train/tumor/valid_010831.png,tumor
data/pcam/train/tumor/valid_010833.png,tumor
data/pcam/train/tumor/valid_010845.png,tumor
data/pcam/train/tumor/valid_010846.png,tumor
data/pcam/train/tumor/valid_010851.png,tumor
data/pcam/train/tumor/valid_010852.png,tumor
data/pcam/train/tumor/valid_010854.png,tumor
data/pcam/train/tumor/valid_010860.png,tumor
data/pcam/train/tumor/valid_010862.png,tumor
data/pcam/train/tumor/valid_010866.png,tumor
data/pcam/train/tumor/valid_010868.png,tumor
data/pcam/train/tumor/valid_010873.png,tumor
data/pcam/train/tumor/valid_010874.png,tumor
data/pcam/train/tumor/valid_010875.png,tumor
data/pcam/train/tumor/valid_010877.png,tumor
data/pcam/train/tumor/valid_010884.png,tumor
data/pcam/train/tumor/valid_010885.png,tumor
data/pcam/train/tumor/valid_010886.png,tumor
data/pcam/train/tumor/valid_010892.png,tumor
data/pcam/train/tumor/valid_010894.png,tumor
data/pcam/train/tumor/valid_010897.png,tumor
data/pcam/train/tumor/valid_010901.png,tumor
data/pcam/train/tumor/valid_010903.png,tumor
data/pcam/train/tumor/valid_010907.png,tumor
data/pcam/train/tumor/valid_010909.png,tumor
data/pcam/train/tumor/valid_010916.png,tumor
data/pcam/train/tumor/valid_010921.png,tumor
data/pcam/train/tumor/valid_010925.png,tumor
data/pcam/train/tumor/valid_010931.png,tumor
data/pcam/train/tumor/valid_010939.png,tumor
data/pcam/train/tumor/valid_010951.png,tumor
data/pcam/train/tumor/valid_010976.png,tumor
data/pcam/train/tumor/valid_011190.png,tumor
data/pcam/train/tumor/valid_011209.png,tumor
data/pcam/train/tumor/valid_011214.png,tumor
data/pcam/train/tumor/valid_011216.png,tumor
data/pcam/train/tumor/valid_011221.png,tumor
data/pcam/train/tumor/valid_011246.png,tumor
data/pcam/train/tumor/valid_011247.png,tumor
data/pcam/train/tumor/valid_011257.png,tumor
data/pcam/train/tumor/valid_011259.png,tumor
data/pcam/train/tumor/valid_011278.png,tumor
data/pcam/train/tumor/valid_011279.png,tumor
data/pcam/train/tumor/valid_011280.png,tumor
data/pcam/train/tumor/valid_011288.png,tumor
data/pcam/train/tumor/valid_011299.png,tumor
data/pcam/train/tumor/valid_011325.png,tumor
data/pcam/train/tumor/valid_011334.png,tumor
data/pcam/train/tumor/valid_011336.png,tumor
data/pcam/train/tumor/valid_011339.png,tumor
data/pcam/train/tumor/valid_011341.png,tumor
data/pcam/train/tumor/valid_011347.png,tumor
data/pcam/train/tumor/valid_011356.png,tumor
data/pcam/train/tumor/valid_011359.png,tumor
data/pcam/train/tumor/valid_011360.png,tumor
data/pcam/train/tumor/valid_011361.png,tumor
data/pcam/train/tumor/valid_011363.png,tumor
data/pcam/train/tumor/valid_011366.png,tumor
data/pcam/train/tumor/valid_011369.png,tumor
data/pcam/train/tumor/valid_011370.png,tumor
data/pcam/train/tumor/valid_011371.png,tumor
data/pcam/train/tumor/valid_011373.png,tumor
data/pcam/train/tumor/valid_011379.png,tumor
data/pcam/train/tumor/valid_011387.png,tumor
data/pcam/train/tumor/valid_011390.png,tumor
data/pcam/train/tumor/valid_011391.png,tumor
data/pcam/train/tumor/valid_011395.png,tumor
data/pcam/train/tumor/valid_011404.png,tumor
data/pcam/train/tumor/valid_011405.png,tumor
data/pcam/train/tumor/valid_011417.png,tumor
data/pcam/train/tumor/valid_011419.png,tumor
data/pcam/train/tumor/valid_011420.png,tumor
data/pcam/train/tumor/valid_011421.png,tumor
data/pcam/train/tumor/valid_011422.png,tumor
data/pcam/train/tumor/valid_011430.png,tumor
data/pcam/train/tumor/valid_011438.png,tumor
data/pcam/train/tumor/valid_011440.png,tumor
data/pcam/train/tumor/valid_011453.png,tumor
data/pcam/train/tumor/valid_011455.png,tumor
data/pcam/train/tumor/valid_011460.png,tumor
data/pcam/train/tumor/valid_011464.png,tumor
data/pcam/train/tumor/valid_011469.png,tumor
data/pcam/train/tumor/valid_011470.png,tumor
data/pcam/train/tumor/valid_011471.png,tumor
data/pcam/train/tumor/valid_011472.png,tumor
data/pcam/train/tumor/valid_011473.png,tumor
data/pcam/train/tumor/valid_011477.png,tumor
data/pcam/train/tumor/valid_011479.png,tumor
data/pcam/train/tumor/valid_011488.png,tumor
data/pcam/train/tumor/valid_011490.png,tumor
data/pcam/train/tumor/valid_011496.png,tumor
data/pcam/train/tumor/valid_011498.png,tumor
data/pcam/train/tumor/valid_011506.png,tumor
data/pcam/train/tumor/valid_011507.png,tumor
data/pcam/train/tumor/valid_011518.png,tumor
data/pcam/train/tumor/valid_011520.png,tumor
data/pcam/train/tumor/valid_011522.png,tumor
data/pcam/train/tumor/valid_011523.png,tumor
data/pcam/train/tumor/valid_011528.png,tumor
data/pcam/train/tumor/valid_011538.png,tumor
data/pcam/train/tumor/valid_011539.png,tumor
data/pcam/train/tumor/valid_011543.png,tumor
data/pcam/train/tumor/valid_011544.png,tumor
data/pcam/train/tumor/valid_011549.png,tumor
data/pcam/train/tumor/valid_011553.png,tumor
data/pcam/train/tumor/valid_011557.png,tumor
data/pcam/train/tumor/valid_011576.png,tumor
data/pcam/train/tumor/valid_011582.png,tumor
data/pcam/train/tumor/valid_011585.png,tumor
data/pcam/train/tumor/valid_011586.png,tumor
data/pcam/train/tumor/valid_011590.png,tumor
data/pcam/train/tumor/valid_011799.png,tumor
data/pcam/train/tumor/valid_011808.png,tumor
data/pcam/train/tumor/valid_011813.png,tumor
data/pcam/train/tumor/valid_011814.png,tumor
data/pcam/train/tumor/valid_011819.png,tumor
data/pcam/train/tumor/valid_011821.png,tumor
data/pcam/train/tumor/valid_011827.png,tumor
data/pcam/train/tumor/valid_011832.png,tumor
data/pcam/train/tumor/valid_011834.png,tumor
data/pcam/train/tumor/valid_011835.png,tumor
data/pcam/train/tumor/valid_011839.png,tumor
data/pcam/train/tumor/valid_011841.png,tumor
data/pcam/train/tumor/valid_011845.png,tumor
data/pcam/train/tumor/valid_011846.png,tumor
data/pcam/train/tumor/valid_011852.png,tumor
data/pcam/train/tumor/valid_011854.png,tumor
data/pcam/train/tumor/valid_011860.png,tumor
data/pcam/train/tumor/valid_011861.png,tumor
data/pcam/train/tumor/valid_011867.png,tumor
data/pcam/train/tumor/valid_011870.png,tumor
data/pcam/train/tumor/valid_011880.png,tumor
data/pcam/train/tumor/valid_011882.png,tumor
data/pcam/train/tumor/valid_011885.png,tumor
data/pcam/train/tumor/valid_011896.png,tumor
data/pcam/train/tumor/valid_011899.png,tumor
data/pcam/train/tumor/valid_011908.png,tumor
data/pcam/train/tumor/valid_011913.png,tumor
data/pcam/train/tumor/valid_011919.png,tumor
data/pcam/train/tumor/valid_011920.png,tumor
data/pcam/train/tumor/valid_011924.png,tumor
data/pcam/train/tumor/valid_011930.png,tumor
data/pcam/train/tumor/valid_011932.png,tumor
data/pcam/train/tumor/valid_011934.png,tumor
data/pcam/train/tumor/valid_011938.png,tumor
data/pcam/train/tumor/valid_011939.png,tumor
data/pcam/train/tumor/valid_011942.png,tumor
data/pcam/train/tumor/valid_011945.png,tumor
data/pcam/train/tumor/valid_011949.png,tumor
data/pcam/train/tumor/valid_011954.png,tumor
data/pcam/train/tumor/valid_011957.png,tumor
data/pcam/train/tumor/valid_011959.png,tumor
data/pcam/train/tumor/valid_011968.png,tumor
data/pcam/train/tumor/valid_011971.png,tumor
data/pcam/train/tumor/valid_011978.png,tumor
data/pcam/train/tumor/valid_011981.png,tumor
data/pcam/train/tumor/valid_011988.png,tumor
data/pcam/train/tumor/valid_011992.png,tumor
data/pcam/train/tumor/valid_011996.png,tumor
data/pcam/train/tumor/valid_011998.png,tumor
data/pcam/train/tumor/valid_012005.png,tumor
data/pcam/train/tumor/valid_012012.png,tumor
data/pcam/train/tumor/valid_012014.png,tumor
data/pcam/train/tumor/valid_012017.png,tumor
data/pcam/train/tumor/valid_012026.png,tumor
data/pcam/train/tumor/valid_012028.png,tumor
data/pcam/train/tumor/valid_012031.png,tumor
data/pcam/train/tumor/valid_012032.png,tumor
data/pcam/train/tumor/valid_012034.png,tumor
data/pcam/train/tumor/valid_012035.png,tumor
data/pcam/train/tumor/valid_012037.png,tumor
data/pcam/train/tumor/valid_012040.png,tumor
data/pcam/train/tumor/valid_012042.png,tumor
data/pcam/train/tumor/valid_012046.png,tumor
data/pcam/train/tumor/valid_012052.png,tumor
data/pcam/train/tumor/valid_012059.png,tumor
data/pcam/train/tumor/valid_012060.png,tumor
data/pcam/train/tumor/valid_012075.png,tumor
data/pcam/train/tumor/valid_012076.png,tumor
data/pcam/train/tumor/valid_012084.png,tumor
data/pcam/train/tumor/valid_012098.png,tumor
data/pcam/train/tumor/valid_012100.png,tumor
data/pcam/train/tumor/valid_012103.png,tumor
data/pcam/train/tumor/valid_012107.png,tumor
data/pcam/train/tumor/valid_012108.png,tumor
data/pcam/train/tumor/valid_012114.png,tumor
data/pcam/train/tumor/valid_012117.png,tumor
data/pcam/train/tumor/valid_012131.png,tumor
data/pcam/train/tumor/valid_012138.png,tumor
data/pcam/train/tumor/valid_012141.png,tumor
data/pcam/train/tumor/valid_012147.png,tumor
data/pcam/train/tumor/valid_012155.png,tumor
data/pcam/train/tumor/valid_012402.png,tumor
data/pcam/train/tumor/valid_012415.png,tumor
data/pcam/train/tumor/valid_012426.png,tumor
data/pcam/train/tumor/valid_012431.png,tumor
data/pcam/train/tumor/valid_012439.png,tumor
data/pcam/train/tumor/valid_012447.png,tumor
data/pcam/train/tumor/valid_012451.png,tumor
data/pcam/train/tumor/valid_012455.png,tumor
data/pcam/train/tumor/valid_012456.png,tumor
data/pcam/train/tumor/valid_012458.png,tumor
data/pcam/train/tumor/valid_012473.png,tumor
data/pcam/train/tumor/valid_012479.png,tumor
data/pcam/train/tumor/valid_012482.png,tumor
data/pcam/train/tumor/valid_012484.png,tumor
data/pcam/train/tumor/valid_012494.png,tumor
data/pcam/train/tumor/valid_012499.png,tumor
data/pcam/train/tumor/valid_012506.png,tumor
data/pcam/train/tumor/valid_012514.png,tumor
data/pcam/train/tumor/valid_012527.png,tumor
data/pcam/train/tumor/valid_012529.png,tumor
data/pcam/train/tumor/valid_012536.png,tumor
data/pcam/train/tumor/valid_012542.png,tumor
data/pcam/train/tumor/valid_012543.png,tumor
data/pcam/train/tumor/valid_012545.png,tumor
data/pcam/train/tumor/valid_012549.png,tumor
data/pcam/train/tumor/valid_012551.png,tumor
data/pcam/train/tumor/valid_012552.png,tumor
data/pcam/train/tumor/valid_012559.png,tumor
data/pcam/train/tumor/valid_012561.png,tumor
data/pcam/train/tumor/valid_012570.png,tumor
data/pcam/train/tumor/valid_012575.png,tumor
data/pcam/train/tumor/valid_012576.png,tumor
data/pcam/train/tumor/valid_012581.png,tumor
data/pcam/train/tumor/valid_012589.png,tumor
data/pcam/train/tumor/valid_012591.png,tumor
data/pcam/train/tumor/valid_012593.png,tumor
data/pcam/train/tumor/valid_012596.png,tumor
data/pcam/train/tumor/valid_012598.png,tumor
data/pcam/train/tumor/valid_012607.png,tumor
data/pcam/train/tumor/valid_012609.png,tumor
data/pcam/train/tumor/valid_012612.png,tumor
data/pcam/train/tumor/valid_012619.png,tumor
data/pcam/train/tumor/valid_012620.png,tumor
data/pcam/train/tumor/valid_012622.png,tumor
data/pcam/train/tumor/valid_012626.png,tumor
data/pcam/train/tumor/valid_012628.png,tumor
data/pcam/train/tumor/valid_012629.png,tumor
data/pcam/train/tumor/valid_012634.png,tumor
data/pcam/train/tumor/valid_012635.png,tumor
data/pcam/train/tumor/valid_012640.png,tumor
data/pcam/train/tumor/valid_012646.png,tumor
data/pcam/train/tumor/valid_012647.png,tumor
data/pcam/train/tumor/valid_012648.png,tumor
data/pcam/train/tumor/valid_012649.png,tumor
data/pcam/train/tumor/valid_012650.png,tumor
data/pcam/train/tumor/valid_012651.png,tumor
data/pcam/train/tumor/valid_012655.png,tumor
data/pcam/train/tumor/valid_012656.png,tumor
data/pcam/train/tumor/valid_012660.png,tumor
data/pcam/train/tumor/valid_012662.png,tumor
data/pcam/train/tumor/valid_012663.png,tumor
data/pcam/train/tumor/valid_012668.png,tumor
data/pcam/train/tumor/valid_012670.png,tumor
data/pcam/train/tumor/valid_012671.png,tumor
data/pcam/train/tumor/valid_012678.png,tumor
data/pcam/train/tumor/valid_012683.png,tumor
data/pcam/train/tumor/valid_012684.png,tumor
data/pcam/train/tumor/valid_012698.png,tumor
data/pcam/train/tumor/valid_012700.png,tumor
data/pcam/train/tumor/valid_012707.png,tumor
data/pcam/train/tumor/valid_012708.png,tumor
data/pcam/train/tumor/valid_012710.png,tumor
data/pcam/train/tumor/valid_012718.png,tumor
data/pcam/train/tumor/valid_012727.png,tumor
data/pcam/train/tumor/valid_012741.png,tumor
data/pcam/train/tumor/valid_012748.png,tumor
data/pcam/train/tumor/valid_012755.png,tumor
data/pcam/train/tumor/valid_012756.png,tumor
data/pcam/train/tumor/valid_012758.png,tumor
data/pcam/train/tumor/valid_012763.png,tumor
data/pcam/train/tumor/valid_012768.png,tumor
data/pcam/train/tumor/valid_012775.png,tumor
data/pcam/train/tumor/valid_012779.png,tumor
data/pcam/train/tumor/valid_012780.png,tumor
data/pcam/train/tumor/valid_012786.png,tumor
data/pcam/train/tumor/valid_012807.png,tumor
data/pcam/train/tumor/valid_013041.png,tumor
data/pcam/train/tumor/valid_013055.png,tumor
data/pcam/train/tumor/valid_013062.png,tumor
data/pcam/train/tumor/valid_013070.png,tumor
data/pcam/train/tumor/valid_013071.png,tumor
data/pcam/train/tumor/valid_013073.png,tumor
data/pcam/train/tumor/valid_013074.png,tumor
data/pcam/train/tumor/valid_013075.png,tumor
data/pcam/train/tumor/valid_013077.png,tumor
data/pcam/train/tumor/valid_013087.png,tumor
data/pcam/train/tumor/valid_013095.png,tumor
data/pcam/train/tumor/valid_013107.png,tumor
data/pcam/train/tumor/valid_013108.png,tumor
data/pcam/train/tumor/valid_013111.png,tumor
data/pcam/train/tumor/valid_013112.png,tumor
data/pcam/train/tumor/valid_013114.png,tumor
data/pcam/train/tumor/valid_013116.png,tumor
data/pcam/train/tumor/valid_013119.png,tumor
data/pcam/train/tumor/valid_013120.png,tumor
data/pcam/train/tumor/valid_013121.png,tumor
data/pcam/train/tumor/valid_013131.png,tumor
data/pcam/train/tumor/valid_013139.png,tumor
data/pcam/train/tumor/valid_013144.png,tumor
data/pcam/train/tumor/valid_013152.png,tumor
data/pcam/train/tumor/valid_013153.png,tumor
data/pcam/train/tumor/valid_013156.png,tumor
data/pcam/train/tumor/valid_013166.png,tumor
data/pcam/train/tumor/valid_013171.png,tumor
data/pcam/train/tumor/valid_013172.png,tumor
data/pcam/train/tumor/valid_013179.png,tumor
data/pcam/train/tumor/valid_013190.png,tumor
data/pcam/train/tumor/valid_013202.png,tumor
data/pcam/train/tumor/valid_013209.png,tumor
data/pcam/train/tumor/valid_013210.png,tumor
data/pcam/train/tumor/valid_013215.png,tumor
data/pcam/train/tumor/valid_013218.png,tumor
data/pcam/train/tumor/valid_013228.png,tumor
data/pcam/train/tumor/valid_013229.png,tumor
data/pcam/train/tumor/valid_013230.png,tumor
data/pcam/train/tumor/valid_013233.png,tumor
data/pcam/train/tumor/valid_013238.png,tumor
data/pcam/train/tumor/valid_013248.png,tumor
data/pcam/train/tumor/valid_013249.png,tumor
data/pcam/train/tumor/valid_013252.png,tumor
data/pcam/train/tumor/valid_013258.png,tumor
data/pcam/train/tumor/valid_013259.png,tumor
data/pcam/train/tumor/valid_013260.png,tumor
data/pcam/train/tumor/valid_013265.png,tumor
data/pcam/train/tumor/valid_013266.png,tumor
data/pcam/train/tumor/valid_013271.png,tumor
data/pcam/train/tumor/valid_013275.png,tumor
data/pcam/train/tumor/valid_013276.png,tumor
data/pcam/train/tumor/valid_013280.png,tumor
data/pcam/train/tumor/valid_013288.png,tumor
data/pcam/train/tumor/valid_013290.png,tumor
data/pcam/train/tumor/valid_013293.png,tumor
data/pcam/train/tumor/valid_013299.png,tumor
data/pcam/train/tumor/valid_013303.png,tumor
data/pcam/train/tumor/valid_013304.png,tumor
data/pcam/train/tumor/valid_013309.png,tumor
data/pcam/train/tumor/valid_013312.png,tumor
data/pcam/train/tumor/valid_013320.png,tumor
data/pcam/train/tumor/valid_013321.png,tumor
data/pcam/train/tumor/valid_013326.png,tumor
data/pcam/train/tumor/valid_013327.png,tumor
data/pcam/train/tumor/valid_013328.png,tumor
data/pcam/train/tumor/valid_013329.png,tumor
data/pcam/train/tumor/valid_013335.png,tumor
data/pcam/train/tumor/valid_013345.png,tumor
data/pcam/train/tumor/valid_013346.png,tumor
data/pcam/train/tumor/valid_013347.png,tumor
data/pcam/train/tumor/valid_013379.png,tumor
data/pcam/train/tumor/valid_013383.png,tumor
data/pcam/train/tumor/valid_013386.png,tumor
data/pcam/train/tumor/valid_013391.png,tumor
data/pcam/train/tumor/valid_013395.png,tumor
data/pcam/train/tumor/valid_013595.png,tumor
data/pcam/train/tumor/valid_013603.png,tumor
data/pcam/train/tumor/valid_013616.png,tumor
data/pcam/train/tumor/valid_013623.png,tumor
data/pcam/train/tumor/valid_013628.png,tumor
data/pcam/train/tumor/valid_013634.png,tumor
data/pcam/train/tumor/valid_013644.png,tumor
data/pcam/train/tumor/valid_013647.png,tumor
data/pcam/train/tumor/valid_013652.png,tumor
data/pcam/train/tumor/valid_013665.png,tumor
data/pcam/train/tumor/valid_013672.png,tumor
data/pcam/train/tumor/valid_013673.png,tumor
data/pcam/train/tumor/valid_013679.png,tumor
data/pcam/train/tumor/valid_013680.png,tumor
data/pcam/train/tumor/valid_013682.png,tumor
data/pcam/train/tumor/valid_013687.png,tumor
data/pcam/train/tumor/valid_013689.png,tumor
data/pcam/train/tumor/valid_013698.png,tumor
data/pcam/train/tumor/valid_013708.png,tumor
data/pcam/train/tumor/valid_013711.png,tumor
data/pcam/train/tumor/valid_013713.png,tumor
data/pcam/train/tumor/valid_013717.png,tumor
data/pcam/train/tumor/valid_013724.png,tumor
data/pcam/train/tumor/valid_013727.png,tumor
data/pcam/train/tumor/valid_013729.png,tumor
data/pcam/train/tumor/valid_013731.png,tumor
data/pcam/train/tumor/valid_013737.png,tumor
data/pcam/train/tumor/valid_013748.png,tumor
data/pcam/train/tumor/valid_013756.png,tumor
data/pcam/train/tumor/valid_013761.png,tumor
data/pcam/train/tumor/valid_013764.png,tumor
data/pcam/train/tumor/valid_013767.png,tumor
data/pcam/train/tumor/valid_013769.png,tumor
data/pcam/train/tumor/valid_013780.png,tumor
data/pcam/train/tumor/valid_013786.png,tumor
data/pcam/train/tumor/valid_013796.png,tumor
data/pcam/train/tumor/valid_013805.png,tumor
data/pcam/train/tumor/valid_013809.png,tumor
data/pcam/train/tumor/valid_013813.png,tumor
data/pcam/train/tumor/valid_013814.png,tumor
data/pcam/train/tumor/valid_013815.png,tumor
data/pcam/train/tumor/valid_013820.png,tumor
data/pcam/train/tumor/valid_013821.png,tumor
data/pcam/train/tumor/valid_013823.png,tumor
data/pcam/train/tumor/valid_013827.png,tumor
data/pcam/train/tumor/valid_013836.png,tumor
data/pcam/train/tumor/valid_013843.png,tumor
data/pcam/train/tumor/valid_013849.png,tumor
data/pcam/train/tumor/valid_013862.png,tumor
data/pcam/train/tumor/valid_013870.png,tumor
data/pcam/train/tumor/valid_013875.png,tumor
data/pcam/train/tumor/valid_013885.png,tumor
data/pcam/train/tumor/valid_013894.png,tumor
data/pcam/train/tumor/valid_013899.png,tumor
data/pcam/train/tumor/valid_013906.png,tumor
data/pcam/train/tumor/valid_013910.png,tumor
data/pcam/train/tumor/valid_013918.png,tumor
data/pcam/train/tumor/valid_013919.png,tumor
data/pcam/train/tumor/valid_013920.png,tumor
data/pcam/train/tumor/valid_013927.png,tumor
data/pcam/train/tumor/valid_013928.png,tumor
data/pcam/train/tumor/valid_013929.png,tumor
data/pcam/train/tumor/valid_013930.png,tumor
data/pcam/train/tumor/valid_013937.png,tumor
data/pcam/train/tumor/valid_013945.png,tumor
data/pcam/train/tumor/valid_013947.png,tumor
data/pcam/train/tumor/valid_013951.png,tumor
data/pcam/train/tumor/valid_013957.png,tumor
data/pcam/train/tumor/valid_013958.png,tumor
data/pcam/train/tumor/valid_013959.png,tumor
data/pcam/train/tumor/valid_014216.png,tumor
data/pcam/train/tumor/valid_014220.png,tumor
data/pcam/train/tumor/valid_014228.png,tumor
data/pcam/train/tumor/valid_014235.png,tumor
data/pcam/train/tumor/valid_014251.png,tumor
data/pcam/train/tumor/valid_014256.png,tumor
data/pcam/train/tumor/valid_014262.png,tumor
data/pcam/train/tumor/valid_014270.png,tumor
data/pcam/train/tumor/valid_014278.png,tumor
data/pcam/train/tumor/valid_014279.png,tumor
data/pcam/train/tumor/valid_014282.png,tumor
data/pcam/train/tumor/valid_014291.png,tumor
data/pcam/train/tumor/valid_014293.png,tumor
data/pcam/train/tumor/valid_014296.png,tumor
data/pcam/train/tumor/valid_014298.png,tumor
data/pcam/train/tumor/valid_014304.png,tumor
data/pcam/train/tumor/valid_014310.png,tumor
data/pcam/train/tumor/valid_014311.png,tumor
data/pcam/train/tumor/valid_014324.png,tumor
data/pcam/train/tumor/valid_014339.png,tumor
data/pcam/train/tumor/valid_014345.png,tumor
data/pcam/train/tumor/valid_014347.png,tumor
data/pcam/train/tumor/valid_014355.png,tumor
data/pcam/train/tumor/valid_014358.png,tumor
data/pcam/train/tumor/valid_014359.png,tumor
data/pcam/train/tumor/valid_014361.png,tumor
data/pcam/train/tumor/valid_014370.png,tumor
data/pcam/train/tumor/valid_014373.png,tumor
data/pcam/train/tumor/valid_014376.png,tumor
data/pcam/train/tumor/valid_014379.png,tumor
data/pcam/train/tumor/valid_014381.png,tumor
data/pcam/train/tumor/valid_014383.png,tumor
data/pcam/train/tumor/valid_014385.png,tumor
data/pcam/train/tumor/valid_014388.png,tumor
data/pcam/train/tumor/valid_014397.png,tumor
data/pcam/train/tumor/valid_014400.png,tumor
data/pcam/train/tumor/valid_014408.png,tumor
data/pcam/train/tumor/valid_014409.png,tumor
data/pcam/train/tumor/valid_014416.png,tumor
data/pcam/train/tumor/valid_014418.png,tumor
data/pcam/train/tumor/valid_014420.png,tumor
data/pcam/train/tumor/valid_014426.png,tumor
data/pcam/train/tumor/valid_014429.png,tumor
data/pcam/train/tumor/valid_014430.png,tumor
data/pcam/train/tumor/valid_014433.png,tumor
data/pcam/train/tumor/valid_014436.png,tumor
data/pcam/train/tumor/valid_014437.png,tumor
data/pcam/train/tumor/valid_014438.png,tumor
data/pcam/train/tumor/valid_014439.png,tumor
data/pcam/train/tumor/valid_014441.png,tumor
data/pcam/train/tumor/valid_014442.png,tumor
data/pcam/train/tumor/valid_014443.png,tumor
data/pcam/train/tumor/valid_014444.png,tumor
data/pcam/train/tumor/valid_014445.png,tumor
data/pcam/train/tumor/valid_014447.png,tumor
data/pcam/train/tumor/valid_014449.png,tumor
data/pcam/train/tumor/valid_014451.png,tumor
data/pcam/train/tumor/valid_014460.png,tumor
data/pcam/train/tumor/valid_014461.png,tumor
data/pcam/train/tumor/valid_014464.png,tumor
data/pcam/train/tumor/valid_014477.png,tumor
data/pcam/train/tumor/valid_014479.png,tumor
data/pcam/train/tumor/valid_014486.png,tumor
data/pcam/train/tumor/valid_014487.png,tumor
data/pcam/train/tumor/valid_014488.png,tumor
data/pcam/train/tumor/valid_014490.png,tumor
data/pcam/train/tumor/valid_014492.png,tumor
data/pcam/train/tumor/valid_014496.png,tumor
data/pcam/train/tumor/valid_014497.png,tumor
data/pcam/train/tumor/valid_014501.png,tumor
data/pcam/train/tumor/valid_014502.png,tumor
data/pcam/train/tumor/valid_014508.png,tumor
data/pcam/train/tumor/valid_014510.png,tumor
data/pcam/train/tumor/valid_014519.png,tumor
data/pcam/train/tumor/valid_014522.png,tumor
data/pcam/train/tumor/valid_014526.png,tumor
data/pcam/train/tumor/valid_014529.png,tumor
data/pcam/train/tumor/valid_014534.png,tumor
data/pcam/train/tumor/valid_014535.png,tumor
data/pcam/train/tumor/valid_014537.png,tumor
data/pcam/train/tumor/valid_014541.png,tumor
data/pcam/train/tumor/valid_014545.png,tumor
data/pcam/train/tumor/valid_014548.png,tumor
data/pcam/train/tumor/valid_014550.png,tumor
data/pcam/train/tumor/valid_014558.png,tumor
data/pcam/train/tumor/valid_014559.png,tumor
data/pcam/train/tumor/valid_014562.png,tumor
data/pcam/train/tumor/valid_014573.png,tumor
data/pcam/train/tumor/valid_014581.png,tumor
data/pcam/train/tumor/valid_014582.png,tumor
data/pcam/train/tumor/valid_014583.png,tumor
data/pcam/train/tumor/valid_014585.png,tumor
data/pcam/train/tumor/valid_014586.png,tumor
data/pcam/train/tumor/valid_014590.png,tumor
data/pcam/train/tumor/valid_014594.png,tumor
data/pcam/train/tumor/valid_014597.png,tumor
data/pcam/train/tumor/valid_014611.png,tumor
data/pcam/train/tumor/valid_014613.png,tumor
data/pcam/train/tumor/valid_014619.png,tumor
data/pcam/train/tumor/valid_014627.png,tumor
data/pcam/train/tumor/valid_014629.png,tumor
data/pcam/train/tumor/valid_014635.png,tumor
data/pcam/train/tumor/valid_014928.png,tumor
data/pcam/train/tumor/valid_014942.png,tumor
data/pcam/train/tumor/valid_014950.png,tumor
data/pcam/train/tumor/valid_014961.png,tumor
data/pcam/train/tumor/valid_014975.png,tumor
data/pcam/train/tumor/valid_014977.png,tumor
data/pcam/train/tumor/valid_014978.png,tumor
data/pcam/train/tumor/valid_014980.png,tumor
data/pcam/train/tumor/valid_014985.png,tumor
data/pcam/train/tumor/valid_014991.png,tumor
data/pcam/train/tumor/valid_014992.png,tumor
data/pcam/train/tumor/valid_014998.png,tumor
data/pcam/train/tumor/valid_015003.png,tumor
data/pcam/train/tumor/valid_015007.png,tumor
data/pcam/train/tumor/valid_015009.png,tumor
data/pcam/train/tumor/valid_015014.png,tumor
data/pcam/train/tumor/valid_015017.png,tumor
data/pcam/train/tumor/valid_015027.png,tumor
data/pcam/train/tumor/valid_015033.png,tumor
data/pcam/train/tumor/valid_015034.png,tumor
data/pcam/train/tumor/valid_015041.png,tumor
data/pcam/train/tumor/valid_015043.png,tumor
data/pcam/train/tumor/valid_015048.png,tumor
data/pcam/train/tumor/valid_015052.png,tumor
data/pcam/train/tumor/valid_015055.png,tumor
data/pcam/train/tumor/valid_015057.png,tumor
data/pcam/train/tumor/valid_015063.png,tumor
data/pcam/train/tumor/valid_015075.png,tumor
data/pcam/train/tumor/valid_015087.png,tumor
data/pcam/train/tumor/valid_015088.png,tumor
data/pcam/train/tumor/valid_015092.png,tumor
data/pcam/train/tumor/valid_015094.png,tumor
data/pcam/train/tumor/valid_015095.png,tumor
data/pcam/train/tumor/valid_015101.png,tumor
data/pcam/train/tumor/valid_015102.png,tumor
data/pcam/train/tumor/valid_015107.png,tumor
data/pcam/train/tumor/valid_015118.png,tumor
data/pcam/train/tumor/valid_015123.png,tumor
data/pcam/train/tumor/valid_015124.png,tumor
data/pcam/train/tumor/valid_015126.png,tumor
data/pcam/train/tumor/valid_015130.png,tumor
data/pcam/train/tumor/valid_015140.png,tumor
data/pcam/train/tumor/valid_015141.png,tumor
data/pcam/train/tumor/valid_015144.png,tumor
data/pcam/train/tumor/valid_015146.png,tumor
data/pcam/train/tumor/valid_015147.png,tumor
data/pcam/train/tumor/valid_015148.png,tumor
data/pcam/train/tumor/valid_015154.png,tumor
data/pcam/train/tumor/valid_015160.png,tumor
data/pcam/train/tumor/valid_015166.png,tumor
data/pcam/train/tumor/valid_015169.png,tumor
data/pcam/train/tumor/valid_015172.png,tumor
data/pcam/train/tumor/valid_015178.png,tumor
data/pcam/train/tumor/valid_015183.png,tumor
data/pcam/train/tumor/valid_015186.png,tumor
data/pcam/train/tumor/valid_015187.png,tumor
data/pcam/train/tumor/valid_015188.png,tumor
data/pcam/train/tumor/valid_015190.png,tumor
data/pcam/train/tumor/valid_015191.png,tumor
data/pcam/train/tumor/valid_015196.png,tumor
data/pcam/train/tumor/valid_015198.png,tumor
data/pcam/train/tumor/valid_015203.png,tumor
data/pcam/train/tumor/valid_015204.png,tumor
data/pcam/train/tumor/valid_015205.png,tumor
data/pcam/train/tumor/valid_015212.png,tumor
data/pcam/train/tumor/valid_015213.png,tumor
data/pcam/train/tumor/valid_015222.png,tumor
data/pcam/train/tumor/valid_015229.png,tumor
data/pcam/train/tumor/valid_015230.png,tumor
data/pcam/train/tumor/valid_015231.png,tumor
data/pcam/train/tumor/valid_015234.png,tumor
data/pcam/train/tumor/valid_015242.png,tumor
data/pcam/train/tumor/valid_015245.png,tumor
data/pcam/train/tumor/valid_015246.png,tumor
data/pcam/train/tumor/valid_015248.png,tumor
data/pcam/train/tumor/valid_015254.png,tumor
data/pcam/train/tumor/valid_015260.png,tumor
data/pcam/train/tumor/valid_015265.png,tumor
data/pcam/train/tumor/valid_015269.png,tumor
data/pcam/train/tumor/valid_015271.png,tumor
data/pcam/train/tumor/valid_015273.png,tumor
data/pcam/train/tumor/valid_015281.png,tumor
data/pcam/train/tumor/valid_015285.png,tumor
data/pcam/train/tumor/valid_015288.png,tumor
data/pcam/train/tumor/valid_015289.png,tumor
data/pcam/train/tumor/valid_015297.png,tumor
data/pcam/train/tumor/valid_015299.png,tumor
data/pcam/train/tumor/valid_015301.png,tumor
data/pcam/train/tumor/valid_015302.png,tumor
data/pcam/train/tumor/valid_015303.png,tumor
data/pcam/train/tumor/valid_015322.png,tumor
data/pcam/train/tumor/valid_015342.png,tumor
data/pcam/train/tumor/valid_015585.png,tumor
data/pcam/train/tumor/valid_015589.png,tumor
data/pcam/train/tumor/valid_015601.png,tumor
data/pcam/train/tumor/valid_015610.png,tumor
data/pcam/train/tumor/valid_015621.png,tumor
data/pcam/train/tumor/valid_015625.png,tumor
data/pcam/train/tumor/valid_015644.png,tumor
data/pcam/train/tumor/valid_015646.png,tumor
data/pcam/train/tumor/valid_015650.png,tumor
data/pcam/train/tumor/valid_015661.png,tumor
data/pcam/train/tumor/valid_015670.png,tumor
data/pcam/train/tumor/valid_015681.png,tumor
data/pcam/train/tumor/valid_015687.png,tumor
data/pcam/train/tumor/valid_015689.png,tumor
data/pcam/train/tumor/valid_015696.png,tumor
data/pcam/train/tumor/valid_015700.png,tumor
data/pcam/train/tumor/valid_015702.png,tumor
data/pcam/train/tumor/valid_015709.png,tumor
data/pcam/train/tumor/valid_015711.png,tumor
data/pcam/train/tumor/valid_015712.png,tumor
data/pcam/train/tumor/valid_015714.png,tumor
data/pcam/train/tumor/valid_015715.png,tumor
data/pcam/train/tumor/valid_015717.png,tumor
data/pcam/train/tumor/valid_015727.png,tumor
data/pcam/train/tumor/valid_015731.png,tumor
data/pcam/train/tumor/valid_015733.png,tumor
data/pcam/train/tumor/valid_015737.png,tumor
data/pcam/train/tumor/valid_015742.png,tumor
data/pcam/train/tumor/valid_015746.png,tumor
data/pcam/train/tumor/valid_015764.png,tumor
data/pcam/train/tumor/valid_015772.png,tumor
data/pcam/train/tumor/valid_015774.png,tumor
data/pcam/train/tumor/valid_015775.png,tumor
data/pcam/train/tumor/valid_015776.png,tumor
data/pcam/train/tumor/valid_015777.png,tumor
data/pcam/train/tumor/valid_015782.png,tumor
data/pcam/train/tumor/valid_015785.png,tumor
data/pcam/train/tumor/valid_015787.png,tumor
data/pcam/train/tumor/valid_015788.png,tumor
data/pcam/train/tumor/valid_015791.png,tumor
data/pcam/train/tumor/valid_015793.png,tumor
data/pcam/train/tumor/valid_015794.png,tumor
data/pcam/train/tumor/valid_015796.png,tumor
data/pcam/train/tumor/valid_015797.png,tumor
data/pcam/train/tumor/valid_015800.png,tumor
data/pcam/train/tumor/valid_015801.png,tumor
data/pcam/train/tumor/valid_015803.png,tumor
data/pcam/train/tumor/valid_015807.png,tumor
data/pcam/train/tumor/valid_015811.png,tumor
data/pcam/train/tumor/valid_015822.png,tumor
data/pcam/train/tumor/valid_015824.png,tumor
data/pcam/train/tumor/valid_015828.png,tumor
data/pcam/train/tumor/valid_015832.png,tumor
data/pcam/train/tumor/valid_015835.png,tumor
data/pcam/train/tumor/valid_015837.png,tumor
data/pcam/train/tumor/valid_015839.png,tumor
data/pcam/train/tumor/valid_015840.png,tumor
data/pcam/train/tumor/valid_015843.png,tumor
data/pcam/train/tumor/valid_015844.png,tumor
data/pcam/train/tumor/valid_015847.png,tumor
data/pcam/train/tumor/valid_015853.png,tumor
data/pcam/train/tumor/valid_015858.png,tumor
data/pcam/train/tumor/valid_015860.png,tumor
data/pcam/train/tumor/valid_015861.png,tumor
data/pcam/train/tumor/valid_015876.png,tumor
data/pcam/train/tumor/valid_015882.png,tumor
data/pcam/train/tumor/valid_015892.png,tumor
data/pcam/train/tumor/valid_015893.png,tumor
data/pcam/train/tumor/valid_015901.png,tumor
data/pcam/train/tumor/valid_015910.png,tumor
data/pcam/train/tumor/valid_015920.png,tumor
data/pcam/train/tumor/valid_015922.png,tumor
data/pcam/train/tumor/valid_015941.png,tumor
data/pcam/train/tumor/valid_015955.png,tumor
data/pcam/train/tumor/valid_015957.png,tumor
data/pcam/train/tumor/valid_015958.png,tumor
data/pcam/train/tumor/valid_015969.png,tumor
data/pcam/train/tumor/valid_015974.png,tumor
data/pcam/train/tumor/valid_016230.png,tumor
data/pcam/train/tumor/valid_016254.png,tumor
data/pcam/train/tumor/valid_016256.png,tumor
data/pcam/train/tumor/valid_016258.png,tumor
data/pcam/train/tumor/valid_016259.png,tumor
data/pcam/train/tumor/valid_016260.png,tumor
data/pcam/train/tumor/valid_016264.png,tumor
data/pcam/train/tumor/valid_016265.png,tumor
data/pcam/train/tumor/valid_016270.png,tumor
data/pcam/train/tumor/valid_016279.png,tumor
data/pcam/train/tumor/valid_016280.png,tumor
data/pcam/train/tumor/valid_016293.png,tumor
data/pcam/train/tumor/valid_016307.png,tumor
data/pcam/train/tumor/valid_016309.png,tumor
data/pcam/train/tumor/valid_016310.png,tumor
data/pcam/train/tumor/valid_016314.png,tumor
data/pcam/train/tumor/valid_016318.png,tumor
data/pcam/train/tumor/valid_016320.png,tumor
data/pcam/train/tumor/valid_016335.png,tumor
data/pcam/train/tumor/valid_016338.png,tumor
data/pcam/train/tumor/valid_016339.png,tumor
data/pcam/train/tumor/valid_016341.png,tumor
data/pcam/train/tumor/valid_016345.png,tumor
data/pcam/train/tumor/valid_016352.png,tumor
data/pcam/train/tumor/valid_016358.png,tumor
data/pcam/train/tumor/valid_016360.png,tumor
data/pcam/train/tumor/valid_016361.png,tumor
data/pcam/train/tumor/valid_016364.png,tumor
data/pcam/train/tumor/valid_016365.png,tumor
data/pcam/train/tumor/valid_016377.png,tumor
data/pcam/train/tumor/valid_016382.png,tumor
data/pcam/train/tumor/valid_016384.png,tumor
data/pcam/train/tumor/valid_016389.png,tumor
data/pcam/train/tumor/valid_016390.png,tumor
data/pcam/train/tumor/valid_016393.png,tumor
data/pcam/train/tumor/valid_016396.png,tumor
data/pcam/train/tumor/valid_016399.png,tumor
data/pcam/train/tumor/valid_016400.png,tumor
data/pcam/train/tumor/valid_016401.png,tumor
data/pcam/train/tumor/valid_016406.png,tumor
data/pcam/train/tumor/valid_016407.png,tumor
data/pcam/train/tumor/valid_016408.png,tumor
data/pcam/train/tumor/valid_016411.png,tumor
data/pcam/train/tumor/valid_016416.png,tumor
data/pcam/train/tumor/valid_016420.png,tumor
data/pcam/train/tumor/valid_016422.png,tumor
data/pcam/train/tumor/valid_016426.png,tumor
data/pcam/train/tumor/valid_016428.png,tumor
data/pcam/train/tumor/valid_016431.png,tumor
data/pcam/train/tumor/valid_016435.png,tumor
data/pcam/train/tumor/valid_016438.png,tumor
data/pcam/train/tumor/valid_016440.png,tumor
data/pcam/train/tumor/valid_016443.png,tumor
data/pcam/train/tumor/valid_016448.png,tumor
data/pcam/train/tumor/valid_016455.png,tumor
data/pcam/train/tumor/valid_016457.png,tumor
data/pcam/train/tumor/valid_016462.png,tumor
data/pcam/train/tumor/valid_016472.png,tumor
data/pcam/train/tumor/valid_016475.png,tumor
data/pcam/train/tumor/valid_016481.png,tumor
data/pcam/train/tumor/valid_016484.png,tumor
data/pcam/train/tumor/valid_016488.png,tumor
data/pcam/train/tumor/valid_016491.png,tumor
data/pcam/train/tumor/valid_016492.png,tumor
data/pcam/train/tumor/valid_016494.png,tumor
data/pcam/train/tumor/valid_016498.png,tumor
data/pcam/train/tumor/valid_016500.png,tumor
data/pcam/train/tumor/valid_016504.png,tumor
data/pcam/train/tumor/valid_016506.png,tumor
data/pcam/train/tumor/valid_016509.png,tumor
data/pcam/train/tumor/valid_016510.png,tumor
data/pcam/train/tumor/valid_016512.png,tumor
data/pcam/train/tumor/valid_016513.png,tumor
data/pcam/train/tumor/valid_016515.png,tumor
data/pcam/train/tumor/valid_016518.png,tumor
data/pcam/train/tumor/valid_016519.png,tumor
data/pcam/train/tumor/valid_016521.png,tumor
data/pcam/train/tumor/valid_016522.png,tumor
data/pcam/train/tumor/valid_016524.png,tumor
data/pcam/train/tumor/valid_016526.png,tumor
data/pcam/train/tumor/valid_016528.png,tumor
data/pcam/train/tumor/valid_016535.png,tumor
data/pcam/train/tumor/valid_016541.png,tumor
data/pcam/train/tumor/valid_016542.png,tumor
data/pcam/train/tumor/valid_016546.png,tumor
data/pcam/train/tumor/valid_016547.png,tumor
data/pcam/train/tumor/valid_016549.png,tumor
data/pcam/train/tumor/valid_016556.png,tumor
data/pcam/train/tumor/valid_016560.png,tumor
data/pcam/train/tumor/valid_016561.png,tumor
data/pcam/train/tumor/valid_016563.png,tumor
data/pcam/train/tumor/valid_016564.png,tumor
data/pcam/train/tumor/valid_016568.png,tumor
data/pcam/train/tumor/valid_016569.png,tumor
data/pcam/train/tumor/valid_016572.png,tumor
data/pcam/train/tumor/valid_016573.png,tumor
data/pcam/train/tumor/valid_016575.png,tumor
data/pcam/train/tumor/valid_016576.png,tumor
data/pcam/train/tumor/valid_016578.png,tumor
data/pcam/train/tumor/valid_016580.png,tumor
data/pcam/train/tumor/valid_016582.png,tumor
data/pcam/train/tumor/valid_016584.png,tumor
data/pcam/train/tumor/valid_016586.png,tumor
data/pcam/train/tumor/valid_016592.png,tumor
data/pcam/train/tumor/valid_016596.png,tumor
data/pcam/train/tumor/valid_016606.png,tumor
data/pcam/train/tumor/valid_016608.png,tumor
data/pcam/train/tumor/valid_016609.png,tumor
data/pcam/train/tumor/valid_016611.png,tumor
data/pcam/train/tumor/valid_016612.png,tumor
data/pcam/train/tumor/valid_016623.png,tumor
data/pcam/train/tumor/valid_016631.png,tumor
data/pcam/train/tumor/valid_016636.png,tumor
data/pcam/train/tumor/valid_016645.png,tumor
data/pcam/train/tumor/valid_016647.png,tumor
data/pcam/train/tumor/valid_016929.png,tumor
data/pcam/train/tumor/valid_016934.png,tumor
data/pcam/train/tumor/valid_016942.png,tumor
data/pcam/train/tumor/valid_016947.png,tumor
data/pcam/train/tumor/valid_016952.png,tumor
data/pcam/train/tumor/valid_016954.png,tumor
data/pcam/train/tumor/valid_016956.png,tumor
data/pcam/train/tumor/valid_016968.png,tumor
data/pcam/train/tumor/valid_016971.png,tumor
data/pcam/train/tumor/valid_016974.png,tumor
data/pcam/train/tumor/valid_016976.png,tumor
data/pcam/train/tumor/valid_016979.png,tumor
data/pcam/train/tumor/valid_016983.png,tumor
data/pcam/train/tumor/valid_016984.png,tumor
data/pcam/train/tumor/valid_016986.png,tumor
data/pcam/train/tumor/valid_016989.png,tumor
data/pcam/train/tumor/valid_016995.png,tumor
data/pcam/train/tumor/valid_017000.png,tumor
data/pcam/train/tumor/valid_017002.png,tumor
data/pcam/train/tumor/valid_017007.png,tumor
data/pcam/train/tumor/valid_017008.png,tumor
data/pcam/train/tumor/valid_017014.png,tumor
data/pcam/train/tumor/valid_017015.png,tumor
data/pcam/train/tumor/valid_017021.png,tumor
data/pcam/train/tumor/valid_017024.png,tumor
data/pcam/train/tumor/valid_017025.png,tumor
data/pcam/train/tumor/valid_017035.png,tumor
data/pcam/train/tumor/valid_017038.png,tumor
data/pcam/train/tumor/valid_017044.png,tumor
data/pcam/train/tumor/valid_017047.png,tumor
data/pcam/train/tumor/valid_017052.png,tumor
data/pcam/train/tumor/valid_017057.png,tumor
data/pcam/train/tumor/valid_017060.png,tumor
data/pcam/train/tumor/valid_017062.png,tumor
data/pcam/train/tumor/valid_017064.png,tumor
data/pcam/train/tumor/valid_017078.png,tumor
data/pcam/train/tumor/valid_017085.png,tumor
data/pcam/train/tumor/valid_017088.png,tumor
data/pcam/train/tumor/valid_017089.png,tumor
data/pcam/train/tumor/valid_017091.png,tumor
data/pcam/train/tumor/valid_017097.png,tumor
data/pcam/train/tumor/valid_017098.png,tumor
data/pcam/train/tumor/valid_017101.png,tumor
data/pcam/train/tumor/valid_017103.png,tumor
data/pcam/train/tumor/valid_017104.png,tumor
data/pcam/train/tumor/valid_017108.png,tumor
data/pcam/train/tumor/valid_017112.png,tumor
data/pcam/train/tumor/valid_017114.png,tumor
data/pcam/train/tumor/valid_017115.png,tumor
data/pcam/train/tumor/valid_017119.png,tumor
data/pcam/train/tumor/valid_017123.png,tumor
data/pcam/train/tumor/valid_017125.png,tumor
data/pcam/train/tumor/valid_017127.png,tumor
data/pcam/train/tumor/valid_017128.png,tumor
data/pcam/train/tumor/valid_017129.png,tumor
data/pcam/train/tumor/valid_017136.png,tumor
data/pcam/train/tumor/valid_017137.png,tumor
data/pcam/train/tumor/valid_017138.png,tumor
data/pcam/train/tumor/valid_017139.png,tumor
data/pcam/train/tumor/valid_017146.png,tumor
data/pcam/train/tumor/valid_017147.png,tumor
data/pcam/train/tumor/valid_017150.png,tumor
data/pcam/train/tumor/valid_017155.png,tumor
data/pcam/train/tumor/valid_017167.png,tumor
data/pcam/train/tumor/valid_017178.png,tumor
data/pcam/train/tumor/valid_017179.png,tumor
data/pcam/train/tumor/valid_017200.png,tumor
data/pcam/train/tumor/valid_017209.png,tumor
data/pcam/train/tumor/valid_017210.png,tumor
data/pcam/train/tumor/valid_017213.png,tumor
data/pcam/train/tumor/valid_017218.png,tumor
data/pcam/train/tumor/valid_017220.png,tumor
data/pcam/train/tumor/valid_017226.png,tumor
data/pcam/train/tumor/valid_017229.png,tumor
data/pcam/train/tumor/valid_017230.png,tumor
data/pcam/train/tumor/valid_017241.png,tumor
data/pcam/train/tumor/valid_017249.png,tumor
data/pcam/train/tumor/valid_017255.png,tumor
data/pcam/train/tumor/valid_017258.png,tumor
data/pcam/train/tumor/valid_017260.png,tumor
data/pcam/train/tumor/valid_017280.png,tumor
data/pcam/train/tumor/valid_017288.png,tumor
data/pcam/train/tumor/valid_017481.png,tumor
data/pcam/train/tumor/valid_017488.png,tumor
data/pcam/train/tumor/valid_017509.png,tumor
data/pcam/train/tumor/valid_017517.png,tumor
data/pcam/train/tumor/valid_017522.png,tumor
data/pcam/train/tumor/valid_017528.png,tumor
data/pcam/train/tumor/valid_017529.png,tumor
data/pcam/train/tumor/valid_017537.png,tumor
data/pcam/train/tumor/valid_017545.png,tumor
data/pcam/train/tumor/valid_017554.png,tumor
data/pcam/train/tumor/valid_017555.png,tumor
data/pcam/train/tumor/valid_017560.png,tumor
data/pcam/train/tumor/valid_017565.png,tumor
data/pcam/train/tumor/valid_017567.png,tumor
data/pcam/train/tumor/valid_017572.png,tumor
data/pcam/train/tumor/valid_017576.png,tumor
data/pcam/train/tumor/valid_017577.png,tumor
data/pcam/train/tumor/valid_017578.png,tumor
data/pcam/train/tumor/valid_017580.png,tumor
data/pcam/train/tumor/valid_017591.png,tumor
data/pcam/train/tumor/valid_017600.png,tumor
data/pcam/train/tumor/valid_017601.png,tumor
data/pcam/train/tumor/valid_017604.png,tumor
data/pcam/train/tumor/valid_017616.png,tumor
data/pcam/train/tumor/valid_017617.png,tumor
data/pcam/train/tumor/valid_017619.png,tumor
data/pcam/train/tumor/valid_017626.png,tumor
data/pcam/train/tumor/valid_017639.png,tumor
data/pcam/train/tumor/valid_017641.png,tumor
data/pcam/train/tumor/valid_017654.png,tumor
data/pcam/train/tumor/valid_017661.png,tumor
data/pcam/train/tumor/valid_017663.png,tumor
data/pcam/train/tumor/valid_017664.png,tumor
data/pcam/train/tumor/valid_017669.png,tumor
data/pcam/train/tumor/valid_017670.png,tumor
data/pcam/train/tumor/valid_017681.png,tumor
data/pcam/train/tumor/valid_017686.png,tumor
data/pcam/train/tumor/valid_017690.png,tumor
data/pcam/train/tumor/valid_017692.png,tumor
data/pcam/train/tumor/valid_017693.png,tumor
data/pcam/train/tumor/valid_017700.png,tumor
data/pcam/train/tumor/valid_017701.png,tumor
data/pcam/train/tumor/valid_017714.png,tumor
data/pcam/train/tumor/valid_017715.png,tumor
data/pcam/train/tumor/valid_017716.png,tumor
data/pcam/train/tumor/valid_017718.png,tumor
data/pcam/train/tumor/valid_017721.png,tumor
data/pcam/train/tumor/valid_017722.png,tumor
data/pcam/train/tumor/valid_017724.png,tumor
data/pcam/train/tumor/valid_017727.png,tumor
data/pcam/train/tumor/valid_017736.png,tumor
data/pcam/train/tumor/valid_017738.png,tumor
data/pcam/train/tumor/valid_017742.png,tumor
data/pcam/train/tumor/valid_017744.png,tumor
data/pcam/train/tumor/valid_017753.png,tumor
data/pcam/train/tumor/valid_017754.png,tumor
data/pcam/train/tumor/valid_017762.png,tumor
data/pcam/train/tumor/valid_017765.png,tumor
data/pcam/train/tumor/valid_017771.png,tumor
data/pcam/train/tumor/valid_017776.png,tumor
data/pcam/train/tumor/valid_017779.png,tumor
data/pcam/train/tumor/valid_017785.png,tumor
data/pcam/train/tumor/valid_017788.png,tumor
data/pcam/train/tumor/valid_017790.png,tumor
data/pcam/train/tumor/valid_017793.png,tumor
data/pcam/train/tumor/valid_017797.png,tumor
data/pcam/train/tumor/valid_017799.png,tumor
data/pcam/train/tumor/valid_017807.png,tumor
data/pcam/train/tumor/valid_017813.png,tumor
data/pcam/train/tumor/valid_017816.png,tumor
data/pcam/train/tumor/valid_017818.png,tumor
data/pcam/train/tumor/valid_017826.png,tumor
data/pcam/train/tumor/valid_017829.png,tumor
data/pcam/train/tumor/valid_017843.png,tumor
data/pcam/train/tumor/valid_017847.png,tumor
data/pcam/train/tumor/valid_017851.png,tumor
data/pcam/train/tumor/valid_017854.png,tumor
data/pcam/train/tumor/valid_017858.png,tumor
data/pcam/train/tumor/valid_017869.png,tumor
data/pcam/train/tumor/valid_017871.png,tumor
data/pcam/train/tumor/valid_017875.png,tumor
data/pcam/train/tumor/valid_018102.png,tumor
data/pcam/train/tumor/valid_018121.png,tumor
data/pcam/train/tumor/valid_018130.png,tumor
data/pcam/train/tumor/valid_018133.png,tumor
data/pcam/train/tumor/valid_018143.png,tumor
data/pcam/train/tumor/valid_018149.png,tumor
data/pcam/train/tumor/valid_018152.png,tumor
data/pcam/train/tumor/valid_018157.png,tumor
data/pcam/train/tumor/valid_018160.png,tumor
data/pcam/train/tumor/valid_018163.png,tumor
data/pcam/train/tumor/valid_018165.png,tumor
data/pcam/train/tumor/valid_018167.png,tumor
data/pcam/train/tumor/valid_018169.png,tumor
data/pcam/train/tumor/valid_018172.png,tumor
data/pcam/train/tumor/valid_018175.png,tumor
data/pcam/train/tumor/valid_018177.png,tumor
data/pcam/train/tumor/valid_018178.png,tumor
data/pcam/train/tumor/valid_018187.png,tumor
data/pcam/train/tumor/valid_018189.png,tumor
data/pcam/train/tumor/valid_018191.png,tumor
data/pcam/train/tumor/valid_018195.png,tumor
data/pcam/train/tumor/valid_018196.png,tumor
data/pcam/train/tumor/valid_018197.png,tumor
data/pcam/train/tumor/valid_018207.png,tumor
data/pcam/train/tumor/valid_018209.png,tumor
data/pcam/train/tumor/valid_018212.png,tumor
data/pcam/train/tumor/valid_018213.png,tumor
data/pcam/train/tumor/valid_018220.png,tumor
data/pcam/train/tumor/valid_018222.png,tumor
data/pcam/train/tumor/valid_018227.png,tumor
data/pcam/train/tumor/valid_018243.png,tumor
data/pcam/train/tumor/valid_018244.png,tumor
data/pcam/train/tumor/valid_018246.png,tumor
data/pcam/train/tumor/valid_018252.png,tumor
data/pcam/train/tumor/valid_018257.png,tumor
data/pcam/train/tumor/valid_018260.png,tumor
data/pcam/train/tumor/valid_018261.png,tumor
data/pcam/train/tumor/valid_018270.png,tumor
data/pcam/train/tumor/valid_018272.png,tumor
data/pcam/train/tumor/valid_018274.png,tumor
data/pcam/train/tumor/valid_018275.png,tumor
data/pcam/train/tumor/valid_018277.png,tumor
data/pcam/train/tumor/valid_018278.png,tumor
data/pcam/train/tumor/valid_018282.png,tumor
data/pcam/train/tumor/valid_018286.png,tumor
data/pcam/train/tumor/valid_018287.png,tumor
data/pcam/train/tumor/valid_018291.png,tumor
data/pcam/train/tumor/valid_018292.png,tumor
data/pcam/train/tumor/valid_018298.png,tumor
data/pcam/train/tumor/valid_018301.png,tumor
data/pcam/train/tumor/valid_018305.png,tumor
data/pcam/train/tumor/valid_018307.png,tumor
data/pcam/train/tumor/valid_018312.png,tumor
data/pcam/train/tumor/valid_018313.png,tumor
data/pcam/train/tumor/valid_018314.png,tumor
data/pcam/train/tumor/valid_018316.png,tumor
data/pcam/train/tumor/valid_018319.png,tumor
data/pcam/train/tumor/valid_018320.png,tumor
data/pcam/train/tumor/valid_018326.png,tumor
data/pcam/train/tumor/valid_018331.png,tumor
data/pcam/train/tumor/valid_018333.png,tumor
data/pcam/train/tumor/valid_018337.png,tumor
data/pcam/train/tumor/valid_018338.png,tumor
data/pcam/train/tumor/valid_018341.png,tumor
data/pcam/train/tumor/valid_018353.png,tumor
data/pcam/train/tumor/valid_018355.png,tumor
data/pcam/train/tumor/valid_018356.png,tumor
data/pcam/train/tumor/valid_018359.png,tumor
data/pcam/train/tumor/valid_018361.png,tumor
data/pcam/train/tumor/valid_018364.png,tumor
data/pcam/train/tumor/valid_018371.png,tumor
data/pcam/train/tumor/valid_018377.png,tumor
data/pcam/train/tumor/valid_018380.png,tumor
data/pcam/train/tumor/valid_018387.png,tumor
data/pcam/train/tumor/valid_018389.png,tumor
data/pcam/train/tumor/valid_018392.png,tumor
data/pcam/train/tumor/valid_018394.png,tumor
data/pcam/train/tumor/valid_018402.png,tumor
data/pcam/train/tumor/valid_018404.png,tumor
data/pcam/train/tumor/valid_018405.png,tumor
data/pcam/train/tumor/valid_018413.png,tumor
data/pcam/train/tumor/valid_018415.png,tumor
data/pcam/train/tumor/valid_018423.png,tumor
data/pcam/train/tumor/valid_018427.png,tumor
data/pcam/train/tumor/valid_018428.png,tumor
data/pcam/train/tumor/valid_018431.png,tumor
data/pcam/train/tumor/valid_018432.png,tumor
data/pcam/train/tumor/valid_018445.png,tumor
data/pcam/train/tumor/valid_018456.png,tumor
data/pcam/train/tumor/valid_018460.png,tumor
data/pcam/train/tumor/valid_018461.png,tumor
data/pcam/train/tumor/valid_018473.png,tumor
data/pcam/train/tumor/valid_018477.png,tumor
data/pcam/train/tumor/valid_018486.png,tumor
data/pcam/train/tumor/valid_018487.png,tumor
data/pcam/train/tumor/valid_018495.png,tumor
data/pcam/train/tumor/valid_018496.png,tumor
data/pcam/train/tumor/valid_018707.png,tumor
data/pcam/train/tumor/valid_018719.png,tumor
data/pcam/train/tumor/valid_018721.png,tumor
data/pcam/train/tumor/valid_018727.png,tumor
data/pcam/train/tumor/valid_018728.png,tumor
data/pcam/train/tumor/valid_018731.png,tumor
data/pcam/train/tumor/valid_018737.png,tumor
data/pcam/train/tumor/valid_018740.png,tumor
data/pcam/train/tumor/valid_018741.png,tumor
data/pcam/train/tumor/valid_018748.png,tumor
data/pcam/train/tumor/valid_018765.png,tumor
data/pcam/train/tumor/valid_018768.png,tumor
data/pcam/train/tumor/valid_018771.png,tumor
data/pcam/train/tumor/valid_018776.png,tumor
data/pcam/train/tumor/valid_018784.png,tumor
data/pcam/train/tumor/valid_018787.png,tumor
data/pcam/train/tumor/valid_018790.png,tumor
data/pcam/train/tumor/valid_018799.png,tumor
data/pcam/train/tumor/valid_018800.png,tumor
data/pcam/train/tumor/valid_018803.png,tumor
data/pcam/train/tumor/valid_018806.png,tumor
data/pcam/train/tumor/valid_018814.png,tumor
data/pcam/train/tumor/valid_018817.png,tumor
data/pcam/train/tumor/valid_018824.png,tumor
data/pcam/train/tumor/valid_018829.png,tumor
data/pcam/train/tumor/valid_018835.png,tumor
data/pcam/train/tumor/valid_018837.png,tumor
data/pcam/train/tumor/valid_018839.png,tumor
data/pcam/train/tumor/valid_018840.png,tumor
data/pcam/train/tumor/valid_018841.png,tumor
data/pcam/train/tumor/valid_018842.png,tumor
data/pcam/train/tumor/valid_018847.png,tumor
data/pcam/train/tumor/valid_018851.png,tumor
data/pcam/train/tumor/valid_018856.png,tumor
data/pcam/train/tumor/valid_018860.png,tumor
data/pcam/train/tumor/valid_018866.png,tumor
data/pcam/train/tumor/valid_018871.png,tumor
data/pcam/train/tumor/valid_018875.png,tumor
data/pcam/train/tumor/valid_018880.png,tumor
data/pcam/train/tumor/valid_018889.png,tumor
data/pcam/train/tumor/valid_018891.png,tumor
data/pcam/train/tumor/valid_018892.png,tumor
data/pcam/train/tumor/valid_018897.png,tumor
data/pcam/train/tumor/valid_018902.png,tumor
data/pcam/train/tumor/valid_018904.png,tumor
data/pcam/train/tumor/valid_018906.png,tumor
data/pcam/train/tumor/valid_018910.png,tumor
data/pcam/train/tumor/valid_018915.png,tumor
data/pcam/train/tumor/valid_018923.png,tumor
data/pcam/train/tumor/valid_018935.png,tumor
data/pcam/train/tumor/valid_018950.png,tumor
data/pcam/train/tumor/valid_018952.png,tumor
data/pcam/train/tumor/valid_018953.png,tumor
data/pcam/train/tumor/valid_018956.png,tumor
data/pcam/train/tumor/valid_018965.png,tumor
data/pcam/train/tumor/valid_018966.png,tumor
data/pcam/train/tumor/valid_018968.png,tumor
data/pcam/train/tumor/valid_018969.png,tumor
data/pcam/train/tumor/valid_018974.png,tumor
data/pcam/train/tumor/valid_018977.png,tumor
data/pcam/train/tumor/valid_018983.png,tumor
data/pcam/train/tumor/valid_018986.png,tumor
data/pcam/train/tumor/valid_018990.png,tumor
data/pcam/train/tumor/valid_018992.png,tumor
data/pcam/train/tumor/valid_018993.png,tumor
data/pcam/train/tumor/valid_018994.png,tumor
data/pcam/train/tumor/valid_019000.png,tumor
data/pcam/train/tumor/valid_019001.png,tumor
data/pcam/train/tumor/valid_019006.png,tumor
data/pcam/train/tumor/valid_019007.png,tumor
data/pcam/train/tumor/valid_019009.png,tumor
data/pcam/train/tumor/valid_019010.png,tumor
data/pcam/train/tumor/valid_019011.png,tumor
data/pcam/train/tumor/valid_019016.png,tumor
data/pcam/train/tumor/valid_019022.png,tumor
data/pcam/train/tumor/valid_019024.png,tumor
data/pcam/train/tumor/valid_019070.png,tumor
data/pcam/train/tumor/valid_019295.png,tumor
data/pcam/train/tumor/valid_019298.png,tumor
data/pcam/train/tumor/valid_019313.png,tumor
data/pcam/train/tumor/valid_019315.png,tumor
data/pcam/train/tumor/valid_019325.png,tumor
data/pcam/train/tumor/valid_019339.png,tumor
data/pcam/train/tumor/valid_019347.png,tumor
data/pcam/train/tumor/valid_019356.png,tumor
data/pcam/train/tumor/valid_019364.png,tumor
data/pcam/train/tumor/valid_019365.png,tumor
data/pcam/train/tumor/valid_019366.png,tumor
data/pcam/train/tumor/valid_019368.png,tumor
data/pcam/train/tumor/valid_019374.png,tumor
data/pcam/train/tumor/valid_019388.png,tumor
data/pcam/train/tumor/valid_019393.png,tumor
data/pcam/train/tumor/valid_019394.png,tumor
data/pcam/train/tumor/valid_019400.png,tumor
data/pcam/train/tumor/valid_019403.png,tumor
data/pcam/train/tumor/valid_019408.png,tumor
data/pcam/train/tumor/valid_019411.png,tumor
data/pcam/train/tumor/valid_019412.png,tumor
data/pcam/train/tumor/valid_019423.png,tumor
data/pcam/train/tumor/valid_019425.png,tumor
data/pcam/train/tumor/valid_019427.png,tumor
data/pcam/train/tumor/valid_019428.png,tumor
data/pcam/train/tumor/valid_019430.png,tumor
data/pcam/train/tumor/valid_019433.png,tumor
data/pcam/train/tumor/valid_019434.png,tumor
data/pcam/train/tumor/valid_019439.png,tumor
data/pcam/train/tumor/valid_019441.png,tumor
data/pcam/train/tumor/valid_019443.png,tumor
data/pcam/train/tumor/valid_019445.png,tumor
data/pcam/train/tumor/valid_019450.png,tumor
data/pcam/train/tumor/valid_019454.png,tumor
data/pcam/train/tumor/valid_019459.png,tumor
data/pcam/train/tumor/valid_019462.png,tumor
data/pcam/train/tumor/valid_019465.png,tumor
data/pcam/train/tumor/valid_019469.png,tumor
data/pcam/train/tumor/valid_019470.png,tumor
data/pcam/train/tumor/valid_019472.png,tumor
data/pcam/train/tumor/valid_019474.png,tumor
data/pcam/train/tumor/valid_019486.png,tumor
data/pcam/train/tumor/valid_019494.png,tumor
data/pcam/train/tumor/valid_019498.png,tumor
data/pcam/train/tumor/valid_019499.png,tumor
data/pcam/train/tumor/valid_019501.png,tumor
data/pcam/train/tumor/valid_019502.png,tumor
data/pcam/train/tumor/valid_019503.png,tumor
data/pcam/train/tumor/valid_019506.png,tumor
data/pcam/train/tumor/valid_019507.png,tumor
data/pcam/train/tumor/valid_019519.png,tumor
data/pcam/train/tumor/valid_019520.png,tumor
data/pcam/train/tumor/valid_019525.png,tumor
data/pcam/train/tumor/valid_019526.png,tumor
data/pcam/train/tumor/valid_019530.png,tumor
data/pcam/train/tumor/valid_019531.png,tumor
data/pcam/train/tumor/valid_019539.png,tumor
data/pcam/train/tumor/valid_019540.png,tumor
data/pcam/train/tumor/valid_019541.png,tumor
data/pcam/train/tumor/valid_019544.png,tumor
data/pcam/train/tumor/valid_019551.png,tumor
data/pcam/train/tumor/valid_019552.png,tumor
data/pcam/train/tumor/valid_019553.png,tumor
data/pcam/train/tumor/valid_019554.png,tumor
data/pcam/train/tumor/valid_019556.png,tumor
data/pcam/train/tumor/valid_019562.png,tumor
data/pcam/train/tumor/valid_019569.png,tumor
data/pcam/train/tumor/valid_019578.png,tumor
data/pcam/train/tumor/valid_019579.png,tumor
data/pcam/train/tumor/valid_019581.png,tumor
data/pcam/train/tumor/valid_019587.png,tumor
data/pcam/train/tumor/valid_019588.png,tumor
data/pcam/train/tumor/valid_019590.png,tumor
data/pcam/train/tumor/valid_019594.png,tumor
data/pcam/train/tumor/valid_019598.png,tumor
data/pcam/train/tumor/valid_019599.png,tumor
data/pcam/train/tumor/valid_019605.png,tumor
data/pcam/train/tumor/valid_019608.png,tumor
data/pcam/train/tumor/valid_019610.png,tumor
data/pcam/train/tumor/valid_019612.png,tumor
data/pcam/train/tumor/valid_019616.png,tumor
data/pcam/train/tumor/valid_019622.png,tumor
data/pcam/train/tumor/valid_019623.png,tumor
data/pcam/train/tumor/valid_019626.png,tumor
data/pcam/train/tumor/valid_019646.png,tumor
data/pcam/train/tumor/valid_019648.png,tumor
data/pcam/train/tumor/valid_019650.png,tumor
data/pcam/train/tumor/valid_019651.png,tumor
data/pcam/train/tumor/valid_019654.png,tumor
data/pcam/train/tumor/valid_019655.png,tumor
data/pcam/train/tumor/valid_019665.png,tumor
data/pcam/train/tumor/valid_019915.png,tumor
data/pcam/train/tumor/valid_019916.png,tumor
data/pcam/train/tumor/valid_019923.png,tumor
data/pcam/train/tumor/valid_019925.png,tumor
data/pcam/train/tumor/valid_019926.png,tumor
data/pcam/train/tumor/valid_019933.png,tumor
data/pcam/train/tumor/valid_019941.png,tumor
data/pcam/train/tumor/valid_019942.png,tumor
data/pcam/train/tumor/valid_019966.png,tumor
data/pcam/train/tumor/valid_019967.png,tumor
data/pcam/train/tumor/valid_019970.png,tumor
data/pcam/train/tumor/valid_019971.png,tumor
data/pcam/train/tumor/valid_019972.png,tumor
data/pcam/train/tumor/valid_019982.png,tumor
data/pcam/train/tumor/valid_019985.png,tumor
data/pcam/train/tumor/valid_019987.png,tumor
data/pcam/train/tumor/valid_019996.png,tumor
data/pcam/train/tumor/valid_019997.png,tumor
data/pcam/train/tumor/valid_020003.png,tumor
data/pcam/train/tumor/valid_020004.png,tumor
data/pcam/train/tumor/valid_020009.png,tumor
data/pcam/train/tumor/valid_020012.png,tumor
data/pcam/train/tumor/valid_020015.png,tumor
data/pcam/train/tumor/valid_020020.png,tumor
data/pcam/train/tumor/valid_020023.png,tumor
data/pcam/train/tumor/valid_020027.png,tumor
data/pcam/train/tumor/valid_020029.png,tumor
data/pcam/train/tumor/valid_020032.png,tumor
data/pcam/train/tumor/valid_020035.png,tumor
data/pcam/train/tumor/valid_020036.png,tumor
data/pcam/train/tumor/valid_020039.png,tumor
data/pcam/train/tumor/valid_020042.png,tumor
data/pcam/train/tumor/valid_020043.png,tumor
data/pcam/train/tumor/valid_020046.png,tumor
data/pcam/train/tumor/valid_020047.png,tumor
data/pcam/train/tumor/valid_020048.png,tumor
data/pcam/train/tumor/valid_020049.png,tumor
data/pcam/train/tumor/valid_020050.png,tumor
data/pcam/train/tumor/valid_020053.png,tumor
data/pcam/train/tumor/valid_020059.png,tumor
data/pcam/train/tumor/valid_020060.png,tumor
data/pcam/train/tumor/valid_020061.png,tumor
data/pcam/train/tumor/valid_020071.png,tumor
data/pcam/train/tumor/valid_020072.png,tumor
data/pcam/train/tumor/valid_020076.png,tumor
data/pcam/train/tumor/valid_020079.png,tumor
data/pcam/train/tumor/valid_020081.png,tumor
data/pcam/train/tumor/valid_020082.png,tumor
data/pcam/train/tumor/valid_020092.png,tumor
data/pcam/train/tumor/valid_020096.png,tumor
data/pcam/train/tumor/valid_020103.png,tumor
data/pcam/train/tumor/valid_020106.png,tumor
data/pcam/train/tumor/valid_020107.png,tumor
data/pcam/train/tumor/valid_020108.png,tumor
data/pcam/train/tumor/valid_020110.png,tumor
data/pcam/train/tumor/valid_020112.png,tumor
data/pcam/train/tumor/valid_020117.png,tumor
data/pcam/train/tumor/valid_020118.png,tumor
data/pcam/train/tumor/valid_020119.png,tumor
data/pcam/train/tumor/valid_020121.png,tumor
data/pcam/train/tumor/valid_020129.png,tumor
data/pcam/train/tumor/valid_020137.png,tumor
data/pcam/train/tumor/valid_020138.png,tumor
data/pcam/train/tumor/valid_020146.png,tumor
data/pcam/train/tumor/valid_020153.png,tumor
data/pcam/train/tumor/valid_020162.png,tumor
data/pcam/train/tumor/valid_020174.png,tumor
data/pcam/train/tumor/valid_020180.png,tumor
data/pcam/train/tumor/valid_020181.png,tumor
data/pcam/train/tumor/valid_020183.png,tumor
data/pcam/train/tumor/valid_020190.png,tumor
data/pcam/train/tumor/valid_020193.png,tumor
data/pcam/train/tumor/valid_020212.png,tumor
data/pcam/train/tumor/valid_020213.png,tumor
data/pcam/train/tumor/valid_020215.png,tumor
data/pcam/train/tumor/valid_020218.png,tumor
data/pcam/train/tumor/valid_020223.png,tumor
data/pcam/train/tumor/valid_020224.png,tumor
data/pcam/train/tumor/valid_020231.png,tumor
data/pcam/train/tumor/valid_020232.png,tumor
data/pcam/train/tumor/valid_020233.png,tumor
data/pcam/train/tumor/valid_020234.png,tumor
data/pcam/train/tumor/valid_020235.png,tumor
data/pcam/train/tumor/valid_020243.png,tumor
data/pcam/train/tumor/valid_020253.png,tumor
data/pcam/train/tumor/valid_020258.png,tumor
data/pcam/train/tumor/valid_020263.png,tumor
data/pcam/train/tumor/valid_020275.png,tumor
data/pcam/train/tumor/valid_020278.png,tumor
data/pcam/train/tumor/valid_020556.png,tumor
data/pcam/train/tumor/valid_020561.png,tumor
data/pcam/train/tumor/valid_020565.png,tumor
data/pcam/train/tumor/valid_020581.png,tumor
data/pcam/train/tumor/valid_020584.png,tumor
data/pcam/train/tumor/valid_020599.png,tumor
data/pcam/train/tumor/valid_020600.png,tumor
data/pcam/train/tumor/valid_020602.png,tumor
data/pcam/train/tumor/valid_020613.png,tumor
data/pcam/train/tumor/valid_020614.png,tumor
data/pcam/train/tumor/valid_020632.png,tumor
data/pcam/train/tumor/valid_020635.png,tumor
data/pcam/train/tumor/valid_020639.png,tumor
data/pcam/train/tumor/valid_020642.png,tumor
data/pcam/train/tumor/valid_020647.png,tumor
data/pcam/train/tumor/valid_020653.png,tumor
data/pcam/train/tumor/valid_020657.png,tumor
data/pcam/train/tumor/valid_020659.png,tumor
data/pcam/train/tumor/valid_020661.png,tumor
data/pcam/train/tumor/valid_020676.png,tumor
data/pcam/train/tumor/valid_020677.png,tumor
data/pcam/train/tumor/valid_020678.png,tumor
data/pcam/train/tumor/valid_020681.png,tumor
data/pcam/train/tumor/valid_020685.png,tumor
data/pcam/train/tumor/valid_020687.png,tumor
data/pcam/train/tumor/valid_020697.png,tumor
data/pcam/train/tumor/valid_020705.png,tumor
data/pcam/train/tumor/valid_020710.png,tumor
data/pcam/train/tumor/valid_020713.png,tumor
data/pcam/train/tumor/valid_020714.png,tumor
data/pcam/train/tumor/valid_020715.png,tumor
data/pcam/train/tumor/valid_020716.png,tumor
data/pcam/train/tumor/valid_020721.png,tumor
data/pcam/train/tumor/valid_020722.png,tumor
data/pcam/train/tumor/valid_020727.png,tumor
data/pcam/train/tumor/valid_020731.png,tumor
data/pcam/train/tumor/valid_020742.png,tumor
data/pcam/train/tumor/valid_020754.png,tumor
data/pcam/train/tumor/valid_020764.png,tumor
data/pcam/train/tumor/valid_020767.png,tumor
data/pcam/train/tumor/valid_020772.png,tumor
data/pcam/train/tumor/valid_020776.png,tumor
data/pcam/train/tumor/valid_020777.png,tumor
data/pcam/train/tumor/valid_020787.png,tumor
data/pcam/train/tumor/valid_020792.png,tumor
data/pcam/train/tumor/valid_020793.png,tumor
data/pcam/train/tumor/valid_020797.png,tumor
data/pcam/train/tumor/valid_020798.png,tumor
data/pcam/train/tumor/valid_020799.png,tumor
data/pcam/train/tumor/valid_020804.png,tumor
data/pcam/train/tumor/valid_020810.png,tumor
data/pcam/train/tumor/valid_020816.png,tumor
data/pcam/train/tumor/valid_020821.png,tumor
data/pcam/train/tumor/valid_020827.png,tumor
data/pcam/train/tumor/valid_020828.png,tumor
data/pcam/train/tumor/valid_020832.png,tumor
data/pcam/train/tumor/valid_020837.png,tumor
data/pcam/train/tumor/valid_020841.png,tumor
data/pcam/train/tumor/valid_020844.png,tumor
data/pcam/train/tumor/valid_020848.png,tumor
data/pcam/train/tumor/valid_020853.png,tumor
data/pcam/train/tumor/valid_020855.png,tumor
data/pcam/train/tumor/valid_020857.png,tumor
data/pcam/train/tumor/valid_020861.png,tumor
data/pcam/train/tumor/valid_020862.png,tumor
data/pcam/train/tumor/valid_020866.png,tumor
data/pcam/train/tumor/valid_020868.png,tumor
data/pcam/train/tumor/valid_020873.png,tumor
data/pcam/train/tumor/valid_020884.png,tumor
data/pcam/train/tumor/valid_020887.png,tumor
data/pcam/train/tumor/valid_020888.png,tumor
data/pcam/train/tumor/valid_020895.png,tumor
data/pcam/train/tumor/valid_020900.png,tumor
data/pcam/train/tumor/valid_020903.png,tumor
data/pcam/train/tumor/valid_020907.png,tumor
data/pcam/train/tumor/valid_020910.png,tumor
data/pcam/train/tumor/valid_020911.png,tumor
data/pcam/train/tumor/valid_020912.png,tumor
data/pcam/train/tumor/valid_020916.png,tumor
data/pcam/train/tumor/valid_020919.png,tumor
data/pcam/train/tumor/valid_020920.png,tumor
data/pcam/train/tumor/valid_020929.png,tumor
data/pcam/train/tumor/valid_020937.png,tumor
data/pcam/train/tumor/valid_020938.png,tumor
data/pcam/train/tumor/valid_020939.png,tumor
data/pcam/train/tumor/valid_020940.png,tumor
data/pcam/train/tumor/valid_020942.png,tumor
data/pcam/train/tumor/valid_020943.png,tumor
data/pcam/train/tumor/valid_020948.png,tumor
data/pcam/train/tumor/valid_020949.png,tumor
data/pcam/train/tumor/valid_020952.png,tumor
data/pcam/train/tumor/valid_020954.png,tumor
data/pcam/train/tumor/valid_020968.png,tumor
data/pcam/train/tumor/valid_020979.png,tumor
data/pcam/train/tumor/valid_020987.png,tumor
data/pcam/train/tumor/valid_020988.png,tumor
data/pcam/train/tumor/valid_020991.png,tumor
data/pcam/train/tumor/valid_020994.png,tumor
data/pcam/train/tumor/valid_020998.png,tumor
data/pcam/train/tumor/valid_021000.png,tumor
data/pcam/train/tumor/valid_021003.png,tumor
data/pcam/train/tumor/valid_021278.png,tumor
data/pcam/train/tumor/valid_021295.png,tumor
data/pcam/train/tumor/valid_021308.png,tumor
data/pcam/train/tumor/valid_021312.png,tumor
data/pcam/train/tumor/valid_021319.png,tumor
data/pcam/train/tumor/valid_021320.png,tumor
data/pcam/train/tumor/valid_021324.png,tumor
data/pcam/train/tumor/valid_021329.png,tumor
data/pcam/train/tumor/valid_021347.png,tumor
data/pcam/train/tumor/valid_021348.png,tumor
data/pcam/train/tumor/valid_021350.png,tumor
data/pcam/train/tumor/valid_021353.png,tumor
data/pcam/train/tumor/valid_021354.png,tumor
data/pcam/train/tumor/valid_021358.png,tumor
data/pcam/train/tumor/valid_021359.png,tumor
data/pcam/train/tumor/valid_021361.png,tumor
data/pcam/train/tumor/valid_021362.png,tumor
data/pcam/train/tumor/valid_021366.png,tumor
data/pcam/train/tumor/valid_021369.png,tumor
data/pcam/train/tumor/valid_021371.png,tumor
data/pcam/train/tumor/valid_021378.png,tumor
data/pcam/train/tumor/valid_021380.png,tumor
data/pcam/train/tumor/valid_021385.png,tumor
data/pcam/train/tumor/valid_021388.png,tumor
data/pcam/train/tumor/valid_021394.png,tumor
data/pcam/train/tumor/valid_021395.png,tumor
data/pcam/train/tumor/valid_021397.png,tumor
data/pcam/train/tumor/valid_021398.png,tumor
data/pcam/train/tumor/valid_021400.png,tumor
data/pcam/train/tumor/valid_021406.png,tumor
data/pcam/train/tumor/valid_021410.png,tumor
data/pcam/train/tumor/valid_021412.png,tumor
data/pcam/train/tumor/valid_021413.png,tumor
data/pcam/train/tumor/valid_021416.png,tumor
data/pcam/train/tumor/valid_021417.png,tumor
data/pcam/train/tumor/valid_021419.png,tumor
data/pcam/train/tumor/valid_021421.png,tumor
data/pcam/train/tumor/valid_021442.png,tumor
data/pcam/train/tumor/valid_021443.png,tumor
data/pcam/train/tumor/valid_021445.png,tumor
data/pcam/train/tumor/valid_021448.png,tumor
data/pcam/train/tumor/valid_021450.png,tumor
data/pcam/train/tumor/valid_021456.png,tumor
data/pcam/train/tumor/valid_021460.png,tumor
data/pcam/train/tumor/valid_021471.png,tumor
data/pcam/train/tumor/valid_021472.png,tumor
data/pcam/train/tumor/valid_021473.png,tumor
data/pcam/train/tumor/valid_021475.png,tumor
data/pcam/train/tumor/valid_021478.png,tumor
data/pcam/train/tumor/valid_021479.png,tumor
data/pcam/train/tumor/valid_021481.png,tumor
data/pcam/train/tumor/valid_021484.png,tumor
data/pcam/train/tumor/valid_021488.png,tumor
data/pcam/train/tumor/valid_021489.png,tumor
data/pcam/train/tumor/valid_021493.png,tumor
data/pcam/train/tumor/valid_021498.png,tumor
data/pcam/train/tumor/valid_021501.png,tumor
data/pcam/train/tumor/valid_021502.png,tumor
data/pcam/train/tumor/valid_021509.png,tumor
data/pcam/train/tumor/valid_021514.png,tumor
data/pcam/train/tumor/valid_021515.png,tumor
data/pcam/train/tumor/valid_021522.png,tumor
data/pcam/train/tumor/valid_021526.png,tumor
data/pcam/train/tumor/valid_021527.png,tumor
data/pcam/train/tumor/valid_021528.png,tumor
data/pcam/train/tumor/valid_021530.png,tumor
data/pcam/train/tumor/valid_021536.png,tumor
data/pcam/train/tumor/valid_021537.png,tumor
data/pcam/train/tumor/valid_021540.png,tumor
data/pcam/train/tumor/valid_021542.png,tumor
data/pcam/train/tumor/valid_021552.png,tumor
data/pcam/train/tumor/valid_021556.png,tumor
data/pcam/train/tumor/valid_021557.png,tumor
data/pcam/train/tumor/valid_021560.png,tumor
data/pcam/train/tumor/valid_021566.png,tumor
data/pcam/train/tumor/valid_021567.png,tumor
data/pcam/train/tumor/valid_021568.png,tumor
data/pcam/train/tumor/valid_021572.png,tumor
data/pcam/train/tumor/valid_021575.png,tumor
data/pcam/train/tumor/valid_021577.png,tumor
data/pcam/train/tumor/valid_021579.png,tumor
data/pcam/train/tumor/valid_021580.png,tumor
data/pcam/train/tumor/valid_021581.png,tumor
data/pcam/train/tumor/valid_021586.png,tumor
data/pcam/train/tumor/valid_021587.png,tumor
data/pcam/train/tumor/valid_021588.png,tumor
data/pcam/train/tumor/valid_021597.png,tumor
data/pcam/train/tumor/valid_021598.png,tumor
data/pcam/train/tumor/valid_021599.png,tumor
data/pcam/train/tumor/valid_021603.png,tumor
data/pcam/train/tumor/valid_021611.png,tumor
data/pcam/train/tumor/valid_021613.png,tumor
data/pcam/train/tumor/valid_021615.png,tumor
data/pcam/train/tumor/valid_021621.png,tumor
data/pcam/train/tumor/valid_021626.png,tumor
data/pcam/train/tumor/valid_021634.png,tumor
data/pcam/train/tumor/valid_021635.png,tumor
data/pcam/train/tumor/valid_021638.png,tumor
data/pcam/train/tumor/valid_021640.png,tumor
data/pcam/train/tumor/valid_021647.png,tumor
data/pcam/train/tumor/valid_021653.png,tumor
data/pcam/train/tumor/valid_021658.png,tumor
data/pcam/train/tumor/valid_021659.png,tumor
data/pcam/train/tumor/valid_021668.png,tumor
data/pcam/train/tumor/valid_021670.png,tumor
data/pcam/train/tumor/valid_021671.png,tumor
data/pcam/train/tumor/valid_021678.png,tumor
data/pcam/train/tumor/valid_021684.png,tumor
data/pcam/train/tumor/valid_021957.png,tumor
data/pcam/train/tumor/valid_021966.png,tumor
data/pcam/train/tumor/valid_021972.png,tumor
data/pcam/train/tumor/valid_021979.png,tumor
data/pcam/train/tumor/valid_021981.png,tumor
data/pcam/train/tumor/valid_021984.png,tumor
data/pcam/train/tumor/valid_021990.png,tumor
data/pcam/train/tumor/valid_021995.png,tumor
data/pcam/train/tumor/valid_021996.png,tumor
data/pcam/train/tumor/valid_022001.png,tumor
data/pcam/train/tumor/valid_022005.png,tumor
data/pcam/train/tumor/valid_022006.png,tumor
data/pcam/train/tumor/valid_022009.png,tumor
data/pcam/train/tumor/valid_022012.png,tumor
data/pcam/train/tumor/valid_022015.png,tumor
data/pcam/train/tumor/valid_022026.png,tumor
data/pcam/train/tumor/valid_022042.png,tumor
data/pcam/train/tumor/valid_022051.png,tumor
data/pcam/train/tumor/valid_022065.png,tumor
data/pcam/train/tumor/valid_022066.png,tumor
data/pcam/train/tumor/valid_022071.png,tumor
data/pcam/train/tumor/valid_022079.png,tumor
data/pcam/train/tumor/valid_022080.png,tumor
data/pcam/train/tumor/valid_022088.png,tumor
data/pcam/train/tumor/valid_022095.png,tumor
data/pcam/train/tumor/valid_022102.png,tumor
data/pcam/train/tumor/valid_022104.png,tumor
data/pcam/train/tumor/valid_022106.png,tumor
data/pcam/train/tumor/valid_022117.png,tumor
data/pcam/train/tumor/valid_022119.png,tumor
data/pcam/train/tumor/valid_022121.png,tumor
data/pcam/train/tumor/valid_022131.png,tumor
data/pcam/train/tumor/valid_022139.png,tumor
data/pcam/train/tumor/valid_022145.png,tumor
data/pcam/train/tumor/valid_022147.png,tumor
data/pcam/train/tumor/valid_022148.png,tumor
data/pcam/train/tumor/valid_022155.png,tumor
data/pcam/train/tumor/valid_022156.png,tumor
data/pcam/train/tumor/valid_022166.png,tumor
data/pcam/train/tumor/valid_022168.png,tumor
data/pcam/train/tumor/valid_022170.png,tumor
data/pcam/train/tumor/valid_022172.png,tumor
data/pcam/train/tumor/valid_022173.png,tumor
data/pcam/train/tumor/valid_022178.png,tumor
data/pcam/train/tumor/valid_022179.png,tumor
data/pcam/train/tumor/valid_022188.png,tumor
data/pcam/train/tumor/valid_022189.png,tumor
data/pcam/train/tumor/valid_022193.png,tumor
data/pcam/train/tumor/valid_022195.png,tumor
data/pcam/train/tumor/valid_022200.png,tumor
data/pcam/train/tumor/valid_022202.png,tumor
data/pcam/train/tumor/valid_022207.png,tumor
data/pcam/train/tumor/valid_022209.png,tumor
data/pcam/train/tumor/valid_022210.png,tumor
data/pcam/train/tumor/valid_022214.png,tumor
data/pcam/train/tumor/valid_022217.png,tumor
data/pcam/train/tumor/valid_022222.png,tumor
data/pcam/train/tumor/valid_022226.png,tumor
data/pcam/train/tumor/valid_022233.png,tumor
data/pcam/train/tumor/valid_022239.png,tumor
data/pcam/train/tumor/valid_022251.png,tumor
data/pcam/train/tumor/valid_022254.png,tumor
data/pcam/train/tumor/valid_022255.png,tumor
data/pcam/train/tumor/valid_022265.png,tumor
data/pcam/train/tumor/valid_022267.png,tumor
data/pcam/train/tumor/valid_022269.png,tumor
data/pcam/train/tumor/valid_022272.png,tumor
data/pcam/train/tumor/valid_022274.png,tumor
data/pcam/train/tumor/valid_022284.png,tumor
data/pcam/train/tumor/valid_022288.png,tumor
data/pcam/train/tumor/valid_022289.png,tumor
data/pcam/train/tumor/valid_022301.png,tumor
data/pcam/train/tumor/valid_022302.png,tumor
data/pcam/train/tumor/valid_022308.png,tumor
data/pcam/train/tumor/valid_022311.png,tumor
data/pcam/train/tumor/valid_022315.png,tumor
data/pcam/train/tumor/valid_022321.png,tumor
data/pcam/train/tumor/valid_022323.png,tumor
data/pcam/train/tumor/valid_022324.png,tumor
data/pcam/train/tumor/valid_022329.png,tumor
data/pcam/train/tumor/valid_022333.png,tumor
data/pcam/train/tumor/valid_022337.png,tumor
data/pcam/train/tumor/valid_022340.png,tumor
data/pcam/train/tumor/valid_022342.png,tumor
data/pcam/train/tumor/valid_022344.png,tumor
data/pcam/train/tumor/valid_022345.png,tumor
data/pcam/train/tumor/valid_022354.png,tumor
data/pcam/train/tumor/valid_022364.png,tumor
data/pcam/train/tumor/valid_022591.png,tumor
data/pcam/train/tumor/valid_022606.png,tumor
data/pcam/train/tumor/valid_022614.png,tumor
data/pcam/train/tumor/valid_022622.png,tumor
data/pcam/train/tumor/valid_022626.png,tumor
data/pcam/train/tumor/valid_022630.png,tumor
data/pcam/train/tumor/valid_022644.png,tumor
data/pcam/train/tumor/valid_022647.png,tumor
data/pcam/train/tumor/valid_022660.png,tumor
data/pcam/train/tumor/valid_022673.png,tumor
data/pcam/train/tumor/valid_022689.png,tumor
data/pcam/train/tumor/valid_022692.png,tumor
data/pcam/train/tumor/valid_022701.png,tumor
data/pcam/train/tumor/valid_022702.png,tumor
data/pcam/train/tumor/valid_022708.png,tumor
data/pcam/train/tumor/valid_022715.png,tumor
data/pcam/train/tumor/valid_022716.png,tumor
data/pcam/train/tumor/valid_022723.png,tumor
data/pcam/train/tumor/valid_022729.png,tumor
data/pcam/train/tumor/valid_022747.png,tumor
data/pcam/train/tumor/valid_022751.png,tumor
data/pcam/train/tumor/valid_022757.png,tumor
data/pcam/train/tumor/valid_022760.png,tumor
data/pcam/train/tumor/valid_022761.png,tumor
data/pcam/train/tumor/valid_022762.png,tumor
data/pcam/train/tumor/valid_022765.png,tumor
data/pcam/train/tumor/valid_022766.png,tumor
data/pcam/train/tumor/valid_022775.png,tumor
data/pcam/train/tumor/valid_022776.png,tumor
data/pcam/train/tumor/valid_022780.png,tumor
data/pcam/train/tumor/valid_022781.png,tumor
data/pcam/train/tumor/valid_022783.png,tumor
data/pcam/train/tumor/valid_022787.png,tumor
data/pcam/train/tumor/valid_022792.png,tumor
data/pcam/train/tumor/valid_022800.png,tumor
data/pcam/train/tumor/valid_022814.png,tumor
data/pcam/train/tumor/valid_022817.png,tumor
data/pcam/train/tumor/valid_022819.png,tumor
data/pcam/train/tumor/valid_022820.png,tumor
data/pcam/train/tumor/valid_022827.png,tumor
data/pcam/train/tumor/valid_022832.png,tumor
data/pcam/train/tumor/valid_022835.png,tumor
data/pcam/train/tumor/valid_022839.png,tumor
data/pcam/train/tumor/valid_022841.png,tumor
data/pcam/train/tumor/valid_022843.png,tumor
data/pcam/train/tumor/valid_022844.png,tumor
data/pcam/train/tumor/valid_022845.png,tumor
data/pcam/train/tumor/valid_022848.png,tumor
data/pcam/train/tumor/valid_022854.png,tumor
data/pcam/train/tumor/valid_022863.png,tumor
data/pcam/train/tumor/valid_022864.png,tumor
data/pcam/train/tumor/valid_022865.png,tumor
data/pcam/train/tumor/valid_022868.png,tumor
data/pcam/train/tumor/valid_022870.png,tumor
data/pcam/train/tumor/valid_022871.png,tumor
data/pcam/train/tumor/valid_022876.png,tumor
data/pcam/train/tumor/valid_022877.png,tumor
data/pcam/train/tumor/valid_022883.png,tumor
data/pcam/train/tumor/valid_022887.png,tumor
data/pcam/train/tumor/valid_022890.png,tumor
data/pcam/train/tumor/valid_022894.png,tumor
data/pcam/train/tumor/valid_022902.png,tumor
data/pcam/train/tumor/valid_022906.png,tumor
data/pcam/train/tumor/valid_022907.png,tumor
data/pcam/train/tumor/valid_022915.png,tumor
data/pcam/train/tumor/valid_022917.png,tumor
data/pcam/train/tumor/valid_022919.png,tumor
data/pcam/train/tumor/valid_022930.png,tumor
data/pcam/train/tumor/valid_022934.png,tumor
data/pcam/train/tumor/valid_022941.png,tumor
data/pcam/train/tumor/valid_022942.png,tumor
data/pcam/train/tumor/valid_022957.png,tumor
data/pcam/train/tumor/valid_022959.png,tumor
data/pcam/train/tumor/valid_022960.png,tumor
data/pcam/train/tumor/valid_022962.png,tumor
data/pcam/train/tumor/valid_022964.png,tumor
data/pcam/train/tumor/valid_022971.png,tumor
data/pcam/train/tumor/valid_022981.png,tumor
data/pcam/train/tumor/valid_022988.png,tumor
data/pcam/train/tumor/valid_022991.png,tumor
data/pcam/train/tumor/valid_023001.png,tumor
data/pcam/train/tumor/valid_023239.png,tumor
data/pcam/train/tumor/valid_023244.png,tumor
data/pcam/train/tumor/valid_023254.png,tumor
data/pcam/train/tumor/valid_023256.png,tumor
data/pcam/train/tumor/valid_023259.png,tumor
data/pcam/train/tumor/valid_023280.png,tumor
data/pcam/train/tumor/valid_023291.png,tumor
data/pcam/train/tumor/valid_023304.png,tumor
data/pcam/train/tumor/valid_023306.png,tumor
data/pcam/train/tumor/valid_023308.png,tumor
data/pcam/train/tumor/valid_023310.png,tumor
data/pcam/train/tumor/valid_023313.png,tumor
data/pcam/train/tumor/valid_023315.png,tumor
data/pcam/train/tumor/valid_023322.png,tumor
data/pcam/train/tumor/valid_023327.png,tumor
data/pcam/train/tumor/valid_023328.png,tumor
data/pcam/train/tumor/valid_023336.png,tumor
data/pcam/train/tumor/valid_023337.png,tumor
data/pcam/train/tumor/valid_023341.png,tumor
data/pcam/train/tumor/valid_023355.png,tumor
data/pcam/train/tumor/valid_023361.png,tumor
data/pcam/train/tumor/valid_023362.png,tumor
data/pcam/train/tumor/valid_023364.png,tumor
data/pcam/train/tumor/valid_023368.png,tumor
data/pcam/train/tumor/valid_023369.png,tumor
data/pcam/train/tumor/valid_023372.png,tumor
data/pcam/train/tumor/valid_023377.png,tumor
data/pcam/train/tumor/valid_023378.png,tumor
data/pcam/train/tumor/valid_023383.png,tumor
data/pcam/train/tumor/valid_023387.png,tumor
data/pcam/train/tumor/valid_023390.png,tumor
data/pcam/train/tumor/valid_023393.png,tumor
data/pcam/train/tumor/valid_023394.png,tumor
data/pcam/train/tumor/valid_023401.png,tumor
data/pcam/train/tumor/valid_023407.png,tumor
data/pcam/train/tumor/valid_023408.png,tumor
data/pcam/train/tumor/valid_023409.png,tumor
data/pcam/train/tumor/valid_023413.png,tumor
data/pcam/train/tumor/valid_023414.png,tumor
data/pcam/train/tumor/valid_023419.png,tumor
data/pcam/train/tumor/valid_023427.png,tumor
data/pcam/train/tumor/valid_023429.png,tumor
data/pcam/train/tumor/valid_023430.png,tumor
data/pcam/train/tumor/valid_023431.png,tumor
data/pcam/train/tumor/valid_023434.png,tumor
data/pcam/train/tumor/valid_023437.png,tumor
data/pcam/train/tumor/valid_023438.png,tumor
data/pcam/train/tumor/valid_023443.png,tumor
data/pcam/train/tumor/valid_023444.png,tumor
data/pcam/train/tumor/valid_023451.png,tumor
data/pcam/train/tumor/valid_023452.png,tumor
data/pcam/train/tumor/valid_023454.png,tumor
data/pcam/train/tumor/valid_023460.png,tumor
data/pcam/train/tumor/valid_023464.png,tumor
data/pcam/train/tumor/valid_023471.png,tumor
data/pcam/train/tumor/valid_023473.png,tumor
data/pcam/train/tumor/valid_023474.png,tumor
data/pcam/train/tumor/valid_023477.png,tumor
data/pcam/train/tumor/valid_023479.png,tumor
data/pcam/train/tumor/valid_023480.png,tumor
data/pcam/train/tumor/valid_023496.png,tumor
data/pcam/train/tumor/valid_023497.png,tumor
data/pcam/train/tumor/valid_023499.png,tumor
data/pcam/train/tumor/valid_023501.png,tumor
data/pcam/train/tumor/valid_023502.png,tumor
data/pcam/train/tumor/valid_023507.png,tumor
data/pcam/train/tumor/valid_023510.png,tumor
data/pcam/train/tumor/valid_023511.png,tumor
data/pcam/train/tumor/valid_023517.png,tumor
data/pcam/train/tumor/valid_023518.png,tumor
data/pcam/train/tumor/valid_023529.png,tumor
data/pcam/train/tumor/valid_023530.png,tumor
data/pcam/train/tumor/valid_023532.png,tumor
data/pcam/train/tumor/valid_023533.png,tumor
data/pcam/train/tumor/valid_023534.png,tumor
data/pcam/train/tumor/valid_023536.png,tumor
data/pcam/train/tumor/valid_023541.png,tumor
data/pcam/train/tumor/valid_023543.png,tumor
data/pcam/train/tumor/valid_023545.png,tumor
data/pcam/train/tumor/valid_023553.png,tumor
data/pcam/train/tumor/valid_023559.png,tumor
data/pcam/train/tumor/valid_023565.png,tumor
data/pcam/train/tumor/valid_023566.png,tumor
data/pcam/train/tumor/valid_023569.png,tumor
data/pcam/train/tumor/valid_023576.png,tumor
data/pcam/train/tumor/valid_023585.png,tumor
data/pcam/train/tumor/valid_023589.png,tumor
data/pcam/train/tumor/valid_023595.png,tumor
data/pcam/train/tumor/valid_023789.png,tumor
data/pcam/train/tumor/valid_023790.png,tumor
data/pcam/train/tumor/valid_023800.png,tumor
data/pcam/train/tumor/valid_023802.png,tumor
data/pcam/train/tumor/valid_023826.png,tumor
data/pcam/train/tumor/valid_023828.png,tumor
data/pcam/train/tumor/valid_023829.png,tumor
data/pcam/train/tumor/valid_023830.png,tumor
data/pcam/train/tumor/valid_023834.png,tumor
data/pcam/train/tumor/valid_023843.png,tumor
data/pcam/train/tumor/valid_023844.png,tumor
data/pcam/train/tumor/valid_023853.png,tumor
data/pcam/train/tumor/valid_023857.png,tumor
data/pcam/train/tumor/valid_023862.png,tumor
data/pcam/train/tumor/valid_023866.png,tumor
data/pcam/train/tumor/valid_023877.png,tumor
data/pcam/train/tumor/valid_023885.png,tumor
data/pcam/train/tumor/valid_023890.png,tumor
data/pcam/train/tumor/valid_023905.png,tumor
data/pcam/train/tumor/valid_023907.png,tumor
data/pcam/train/tumor/valid_023909.png,tumor
data/pcam/train/tumor/valid_023915.png,tumor
data/pcam/train/tumor/valid_023917.png,tumor
data/pcam/train/tumor/valid_023921.png,tumor
data/pcam/train/tumor/valid_023937.png,tumor
data/pcam/train/tumor/valid_023941.png,tumor
data/pcam/train/tumor/valid_023944.png,tumor
data/pcam/train/tumor/valid_023951.png,tumor
data/pcam/train/tumor/valid_023960.png,tumor
data/pcam/train/tumor/valid_023962.png,tumor
data/pcam/train/tumor/valid_023966.png,tumor
data/pcam/train/tumor/valid_023973.png,tumor
data/pcam/train/tumor/valid_023975.png,tumor
data/pcam/train/tumor/valid_023978.png,tumor
data/pcam/train/tumor/valid_023979.png,tumor
data/pcam/train/tumor/valid_023996.png,tumor
data/pcam/train/tumor/valid_023997.png,tumor
data/pcam/train/tumor/valid_024004.png,tumor
data/pcam/train/tumor/valid_024010.png,tumor
data/pcam/train/tumor/valid_024012.png,tumor
data/pcam/train/tumor/valid_024016.png,tumor
data/pcam/train/tumor/valid_024017.png,tumor
data/pcam/train/tumor/valid_024021.png,tumor
data/pcam/train/tumor/valid_024025.png,tumor
data/pcam/train/tumor/valid_024034.png,tumor
data/pcam/train/tumor/valid_024037.png,tumor
data/pcam/train/tumor/valid_024038.png,tumor
data/pcam/train/tumor/valid_024048.png,tumor
data/pcam/train/tumor/valid_024053.png,tumor
data/pcam/train/tumor/valid_024056.png,tumor
data/pcam/train/tumor/valid_024059.png,tumor
data/pcam/train/tumor/valid_024063.png,tumor
data/pcam/train/tumor/valid_024065.png,tumor
data/pcam/train/tumor/valid_024066.png,tumor
data/pcam/train/tumor/valid_024067.png,tumor
data/pcam/train/tumor/valid_024075.png,tumor
data/pcam/train/tumor/valid_024078.png,tumor
data/pcam/train/tumor/valid_024080.png,tumor
data/pcam/train/tumor/valid_024081.png,tumor
data/pcam/train/tumor/valid_024085.png,tumor
data/pcam/train/tumor/valid_024087.png,tumor
data/pcam/train/tumor/valid_024094.png,tumor
data/pcam/train/tumor/valid_024096.png,tumor
data/pcam/train/tumor/valid_024098.png,tumor
data/pcam/train/tumor/valid_024103.png,tumor
data/pcam/train/tumor/valid_024111.png,tumor
data/pcam/train/tumor/valid_024116.png,tumor
data/pcam/train/tumor/valid_024124.png,tumor
data/pcam/train/tumor/valid_024126.png,tumor
data/pcam/train/tumor/valid_024129.png,tumor
data/pcam/train/tumor/valid_024393.png,tumor
data/pcam/train/tumor/valid_024396.png,tumor
data/pcam/train/tumor/valid_024397.png,tumor
data/pcam/train/tumor/valid_024412.png,tumor
data/pcam/train/tumor/valid_024413.png,tumor
data/pcam/train/tumor/valid_024427.png,tumor
data/pcam/train/tumor/valid_024434.png,tumor
data/pcam/train/tumor/valid_024438.png,tumor
data/pcam/train/tumor/valid_024449.png,tumor
data/pcam/train/tumor/valid_024454.png,tumor
data/pcam/train/tumor/valid_024459.png,tumor
data/pcam/train/tumor/valid_024461.png,tumor
data/pcam/train/tumor/valid_024466.png,tumor
data/pcam/train/tumor/valid_024472.png,tumor
data/pcam/train/tumor/valid_024473.png,tumor
data/pcam/train/tumor/valid_024480.png,tumor
data/pcam/train/tumor/valid_024487.png,tumor
data/pcam/train/tumor/valid_024488.png,tumor
data/pcam/train/tumor/valid_024489.png,tumor
data/pcam/train/tumor/valid_024493.png,tumor
data/pcam/train/tumor/valid_024497.png,tumor
data/pcam/train/tumor/valid_024500.png,tumor
data/pcam/train/tumor/valid_024501.png,tumor
data/pcam/train/tumor/valid_024506.png,tumor
data/pcam/train/tumor/valid_024507.png,tumor
data/pcam/train/tumor/valid_024513.png,tumor
data/pcam/train/tumor/valid_024514.png,tumor
data/pcam/train/tumor/valid_024532.png,tumor
data/pcam/train/tumor/valid_024555.png,tumor
data/pcam/train/tumor/valid_024558.png,tumor
data/pcam/train/tumor/valid_024564.png,tumor
data/pcam/train/tumor/valid_024572.png,tumor
data/pcam/train/tumor/valid_024574.png,tumor
data/pcam/train/tumor/valid_024581.png,tumor
data/pcam/train/tumor/valid_024584.png,tumor
data/pcam/train/tumor/valid_024585.png,tumor
data/pcam/train/tumor/valid_024586.png,tumor
data/pcam/train/tumor/valid_024592.png,tumor
data/pcam/train/tumor/valid_024594.png,tumor
data/pcam/train/tumor/valid_024597.png,tumor
data/pcam/train/tumor/valid_024599.png,tumor
data/pcam/train/tumor/valid_024601.png,tumor
data/pcam/train/tumor/valid_024607.png,tumor
data/pcam/train/tumor/valid_024609.png,tumor
data/pcam/train/tumor/valid_024616.png,tumor
data/pcam/train/tumor/valid_024619.png,tumor
data/pcam/train/tumor/valid_024623.png,tumor
data/pcam/train/tumor/valid_024627.png,tumor
data/pcam/train/tumor/valid_024628.png,tumor
data/pcam/train/tumor/valid_024635.png,tumor
data/pcam/train/tumor/valid_024636.png,tumor
data/pcam/train/tumor/valid_024637.png,tumor
data/pcam/train/tumor/valid_024639.png,tumor
data/pcam/train/tumor/valid_024644.png,tumor
data/pcam/train/tumor/valid_024650.png,tumor
data/pcam/train/tumor/valid_024658.png,tumor
data/pcam/train/tumor/valid_024662.png,tumor
data/pcam/train/tumor/valid_024665.png,tumor
data/pcam/train/tumor/valid_024674.png,tumor
data/pcam/train/tumor/valid_024682.png,tumor
data/pcam/train/tumor/valid_024690.png,tumor
data/pcam/train/tumor/valid_024691.png,tumor
data/pcam/train/tumor/valid_024692.png,tumor
data/pcam/train/tumor/valid_024695.png,tumor
data/pcam/train/tumor/valid_024700.png,tumor
data/pcam/train/tumor/valid_024701.png,tumor
data/pcam/train/tumor/valid_024705.png,tumor
data/pcam/train/tumor/valid_024709.png,tumor
data/pcam/train/tumor/valid_024713.png,tumor
data/pcam/train/tumor/valid_024721.png,tumor
data/pcam/train/tumor/valid_024723.png,tumor
data/pcam/train/tumor/valid_024724.png,tumor
data/pcam/train/tumor/valid_024725.png,tumor
data/pcam/train/tumor/valid_024727.png,tumor
data/pcam/train/tumor/valid_024733.png,tumor
data/pcam/train/tumor/valid_024734.png,tumor
data/pcam/train/tumor/valid_024735.png,tumor
data/pcam/train/tumor/valid_024739.png,tumor
data/pcam/train/tumor/valid_024740.png,tumor
data/pcam/train/tumor/valid_024747.png,tumor
data/pcam/train/tumor/valid_024755.png,tumor
data/pcam/train/tumor/valid_024761.png,tumor
data/pcam/train/tumor/valid_024773.png,tumor
data/pcam/train/tumor/valid_025025.png,tumor
data/pcam/train/tumor/valid_025046.png,tumor
data/pcam/train/tumor/valid_025051.png,tumor
data/pcam/train/tumor/valid_025053.png,tumor
data/pcam/train/tumor/valid_025057.png,tumor
data/pcam/train/tumor/valid_025061.png,tumor
data/pcam/train/tumor/valid_025063.png,tumor
data/pcam/train/tumor/valid_025065.png,tumor
data/pcam/train/tumor/valid_025080.png,tumor
data/pcam/train/tumor/valid_025082.png,tumor
data/pcam/train/tumor/valid_025087.png,tumor
data/pcam/train/tumor/valid_025093.png,tumor
data/pcam/train/tumor/valid_025096.png,tumor
data/pcam/train/tumor/valid_025098.png,tumor
data/pcam/train/tumor/valid_025104.png,tumor
data/pcam/train/tumor/valid_025122.png,tumor
data/pcam/train/tumor/valid_025130.png,tumor
data/pcam/train/tumor/valid_025143.png,tumor
data/pcam/train/tumor/valid_025150.png,tumor
data/pcam/train/tumor/valid_025160.png,tumor
data/pcam/train/tumor/valid_025166.png,tumor
data/pcam/train/tumor/valid_025171.png,tumor
data/pcam/train/tumor/valid_025172.png,tumor
data/pcam/train/tumor/valid_025173.png,tumor
data/pcam/train/tumor/valid_025176.png,tumor
data/pcam/train/tumor/valid_025178.png,tumor
data/pcam/train/tumor/valid_025187.png,tumor
data/pcam/train/tumor/valid_025190.png,tumor
data/pcam/train/tumor/valid_025211.png,tumor
data/pcam/train/tumor/valid_025217.png,tumor
data/pcam/train/tumor/valid_025218.png,tumor
data/pcam/train/tumor/valid_025225.png,tumor
data/pcam/train/tumor/valid_025229.png,tumor
data/pcam/train/tumor/valid_025232.png,tumor
data/pcam/train/tumor/valid_025237.png,tumor
data/pcam/train/tumor/valid_025240.png,tumor
data/pcam/train/tumor/valid_025249.png,tumor
data/pcam/train/tumor/valid_025252.png,tumor
data/pcam/train/tumor/valid_025255.png,tumor
data/pcam/train/tumor/valid_025259.png,tumor
data/pcam/train/tumor/valid_025270.png,tumor
data/pcam/train/tumor/valid_025271.png,tumor
data/pcam/train/tumor/valid_025278.png,tumor
data/pcam/train/tumor/valid_025281.png,tumor
data/pcam/train/tumor/valid_025284.png,tumor
data/pcam/train/tumor/valid_025286.png,tumor
data/pcam/train/tumor/valid_025289.png,tumor
data/pcam/train/tumor/valid_025297.png,tumor
data/pcam/train/tumor/valid_025301.png,tumor
data/pcam/train/tumor/valid_025305.png,tumor
data/pcam/train/tumor/valid_025307.png,tumor
data/pcam/train/tumor/valid_025316.png,tumor
data/pcam/train/tumor/valid_025317.png,tumor
data/pcam/train/tumor/valid_025322.png,tumor
data/pcam/train/tumor/valid_025325.png,tumor
data/pcam/train/tumor/valid_025331.png,tumor
data/pcam/train/tumor/valid_025333.png,tumor
data/pcam/train/tumor/valid_025339.png,tumor
data/pcam/train/tumor/valid_025341.png,tumor
data/pcam/train/tumor/valid_025346.png,tumor
data/pcam/train/tumor/valid_025348.png,tumor
data/pcam/train/tumor/valid_025349.png,tumor
data/pcam/train/tumor/valid_025361.png,tumor
data/pcam/train/tumor/valid_025365.png,tumor
data/pcam/train/tumor/valid_025366.png,tumor
data/pcam/train/tumor/valid_025369.png,tumor
data/pcam/train/tumor/valid_025386.png,tumor
data/pcam/train/tumor/valid_025388.png,tumor
data/pcam/train/tumor/valid_025393.png,tumor
data/pcam/train/tumor/valid_025394.png,tumor
data/pcam/train/tumor/valid_025395.png,tumor
data/pcam/train/tumor/valid_025403.png,tumor
data/pcam/train/tumor/valid_025409.png,tumor
data/pcam/train/tumor/valid_025418.png,tumor
data/pcam/train/tumor/valid_025424.png,tumor
data/pcam/train/tumor/valid_025433.png,tumor
data/pcam/train/tumor/valid_025436.png,tumor
data/pcam/train/tumor/valid_025441.png,tumor
data/pcam/train/tumor/valid_025666.png,tumor
data/pcam/train/tumor/valid_025680.png,tumor
data/pcam/train/tumor/valid_025682.png,tumor
data/pcam/train/tumor/valid_025684.png,tumor
data/pcam/train/tumor/valid_025688.png,tumor
data/pcam/train/tumor/valid_025706.png,tumor
data/pcam/train/tumor/valid_025713.png,tumor
data/pcam/train/tumor/valid_025715.png,tumor
data/pcam/train/tumor/valid_025733.png,tumor
data/pcam/train/tumor/valid_025742.png,tumor
data/pcam/train/tumor/valid_025752.png,tumor
data/pcam/train/tumor/valid_025755.png,tumor
data/pcam/train/tumor/valid_025761.png,tumor
data/pcam/train/tumor/valid_025774.png,tumor
data/pcam/train/tumor/valid_025781.png,tumor
data/pcam/train/tumor/valid_025785.png,tumor
data/pcam/train/tumor/valid_025792.png,tumor
data/pcam/train/tumor/valid_025796.png,tumor
data/pcam/train/tumor/valid_025797.png,tumor
data/pcam/train/tumor/valid_025804.png,tumor
data/pcam/train/tumor/valid_025806.png,tumor
data/pcam/train/tumor/valid_025809.png,tumor
data/pcam/train/tumor/valid_025821.png,tumor
data/pcam/train/tumor/valid_025824.png,tumor
data/pcam/train/tumor/valid_025825.png,tumor
data/pcam/train/tumor/valid_025827.png,tumor
data/pcam/train/tumor/valid_025828.png,tumor
data/pcam/train/tumor/valid_025833.png,tumor
data/pcam/train/tumor/valid_025843.png,tumor
data/pcam/train/tumor/valid_025857.png,tumor
data/pcam/train/tumor/valid_025859.png,tumor
data/pcam/train/tumor/valid_025860.png,tumor
data/pcam/train/tumor/valid_025862.png,tumor
data/pcam/train/tumor/valid_025865.png,tumor
data/pcam/train/tumor/valid_025866.png,tumor
data/pcam/train/tumor/valid_025871.png,tumor
data/pcam/train/tumor/valid_025874.png,tumor
data/pcam/train/tumor/valid_025875.png,tumor
data/pcam/train/tumor/valid_025878.png,tumor
data/pcam/train/tumor/valid_025884.png,tumor
data/pcam/train/tumor/valid_025891.png,tumor
data/pcam/train/tumor/valid_025892.png,tumor
data/pcam/train/tumor/valid_025901.png,tumor
data/pcam/train/tumor/valid_025902.png,tumor
data/pcam/train/tumor/valid_025904.png,tumor
data/pcam/train/tumor/valid_025905.png,tumor
data/pcam/train/tumor/valid_025913.png,tumor
data/pcam/train/tumor/valid_025914.png,tumor
data/pcam/train/tumor/valid_025915.png,tumor
data/pcam/train/tumor/valid_025917.png,tumor
data/pcam/train/tumor/valid_025923.png,tumor
data/pcam/train/tumor/valid_025927.png,tumor
data/pcam/train/tumor/valid_025928.png,tumor
data/pcam/train/tumor/valid_025934.png,tumor
data/pcam/train/tumor/valid_025935.png,tumor
data/pcam/train/tumor/valid_025936.png,tumor
data/pcam/train/tumor/valid_025939.png,tumor
data/pcam/train/tumor/valid_025942.png,tumor
data/pcam/train/tumor/valid_025945.png,tumor
data/pcam/train/tumor/valid_025955.png,tumor
data/pcam/train/tumor/valid_025956.png,tumor
data/pcam/train/tumor/valid_025967.png,tumor
data/pcam/train/tumor/valid_025973.png,tumor
data/pcam/train/tumor/valid_025980.png,tumor
data/pcam/train/tumor/valid_025994.png,tumor
data/pcam/train/tumor/valid_026190.png,tumor
data/pcam/train/tumor/valid_026204.png,tumor
data/pcam/train/tumor/valid_026205.png,tumor
data/pcam/train/tumor/valid_026209.png,tumor
data/pcam/train/tumor/valid_026213.png,tumor
data/pcam/train/tumor/valid_026218.png,tumor
data/pcam/train/tumor/valid_026219.png,tumor
data/pcam/train/tumor/valid_026247.png,tumor
data/pcam/train/tumor/valid_026259.png,tumor
data/pcam/train/tumor/valid_026265.png,tumor
data/pcam/train/tumor/valid_026276.png,tumor
data/pcam/train/tumor/valid_026278.png,tumor
data/pcam/train/tumor/valid_026283.png,tumor
data/pcam/train/tumor/valid_026287.png,tumor
data/pcam/train/tumor/valid_026300.png,tumor
data/pcam/train/tumor/valid_026303.png,tumor
data/pcam/train/tumor/valid_026305.png,tumor
data/pcam/train/tumor/valid_026310.png,tumor
data/pcam/train/tumor/valid_026315.png,tumor
data/pcam/train/tumor/valid_026318.png,tumor
data/pcam/train/tumor/valid_026321.png,tumor
data/pcam/train/tumor/valid_026328.png,tumor
data/pcam/train/tumor/valid_026331.png,tumor
data/pcam/train/tumor/valid_026334.png,tumor
data/pcam/train/tumor/valid_026337.png,tumor
data/pcam/train/tumor/valid_026340.png,tumor
data/pcam/train/tumor/valid_026342.png,tumor
data/pcam/train/tumor/valid_026348.png,tumor
data/pcam/train/tumor/valid_026355.png,tumor
data/pcam/train/tumor/valid_026357.png,tumor
data/pcam/train/tumor/valid_026359.png,tumor
data/pcam/train/tumor/valid_026360.png,tumor
data/pcam/train/tumor/valid_026361.png,tumor
data/pcam/train/tumor/valid_026372.png,tumor
data/pcam/train/tumor/valid_026377.png,tumor
data/pcam/train/tumor/valid_026378.png,tumor
data/pcam/train/tumor/valid_026380.png,tumor
data/pcam/train/tumor/valid_026383.png,tumor
data/pcam/train/tumor/valid_026384.png,tumor
data/pcam/train/tumor/valid_026388.png,tumor
data/pcam/train/tumor/valid_026391.png,tumor
data/pcam/train/tumor/valid_026392.png,tumor
data/pcam/train/tumor/valid_026393.png,tumor
data/pcam/train/tumor/valid_026403.png,tumor
data/pcam/train/tumor/valid_026407.png,tumor
data/pcam/train/tumor/valid_026410.png,tumor
data/pcam/train/tumor/valid_026411.png,tumor
data/pcam/train/tumor/valid_026416.png,tumor
data/pcam/train/tumor/valid_026418.png,tumor
data/pcam/train/tumor/valid_026419.png,tumor
data/pcam/train/tumor/valid_026424.png,tumor
data/pcam/train/tumor/valid_026426.png,tumor
data/pcam/train/tumor/valid_026430.png,tumor
data/pcam/train/tumor/valid_026431.png,tumor
data/pcam/train/tumor/valid_026434.png,tumor
data/pcam/train/tumor/valid_026439.png,tumor
data/pcam/train/tumor/valid_026440.png,tumor
data/pcam/train/tumor/valid_026441.png,tumor
data/pcam/train/tumor/valid_026443.png,tumor
data/pcam/train/tumor/valid_026446.png,tumor
data/pcam/train/tumor/valid_026449.png,tumor
data/pcam/train/tumor/valid_026454.png,tumor
data/pcam/train/tumor/valid_026459.png,tumor
data/pcam/train/tumor/valid_026461.png,tumor
data/pcam/train/tumor/valid_026462.png,tumor
data/pcam/train/tumor/valid_026465.png,tumor
data/pcam/train/tumor/valid_026479.png,tumor
data/pcam/train/tumor/valid_026481.png,tumor
data/pcam/train/tumor/valid_026484.png,tumor
data/pcam/train/tumor/valid_026499.png,tumor
data/pcam/train/tumor/valid_026511.png,tumor
data/pcam/train/tumor/valid_026513.png,tumor
data/pcam/train/tumor/valid_026519.png,tumor
data/pcam/train/tumor/valid_026527.png,tumor
data/pcam/train/tumor/valid_026528.png,tumor
data/pcam/train/tumor/valid_026538.png,tumor
data/pcam/train/tumor/valid_026546.png,tumor
data/pcam/train/tumor/valid_026551.png,tumor
data/pcam/train/tumor/valid_026778.png,tumor
data/pcam/train/tumor/valid_026798.png,tumor
data/pcam/train/tumor/valid_026815.png,tumor
data/pcam/train/tumor/valid_026825.png,tumor
data/pcam/train/tumor/valid_026826.png,tumor
data/pcam/train/tumor/valid_026834.png,tumor
data/pcam/train/tumor/valid_026839.png,tumor
data/pcam/train/tumor/valid_026841.png,tumor
data/pcam/train/tumor/valid_026845.png,tumor
data/pcam/train/tumor/valid_026846.png,tumor
data/pcam/train/tumor/valid_026859.png,tumor
data/pcam/train/tumor/valid_026864.png,tumor
data/pcam/train/tumor/valid_026875.png,tumor
data/pcam/train/tumor/valid_026876.png,tumor
data/pcam/train/tumor/valid_026880.png,tumor
data/pcam/train/tumor/valid_026886.png,tumor
data/pcam/train/tumor/valid_026888.png,tumor
data/pcam/train/tumor/valid_026891.png,tumor
data/pcam/train/tumor/valid_026903.png,tumor
data/pcam/train/tumor/valid_026905.png,tumor
data/pcam/train/tumor/valid_026914.png,tumor
data/pcam/train/tumor/valid_026919.png,tumor
data/pcam/train/tumor/valid_026920.png,tumor
data/pcam/train/tumor/valid_026923.png,tumor
data/pcam/train/tumor/valid_026924.png,tumor
data/pcam/train/tumor/valid_026926.png,tumor
data/pcam/train/tumor/valid_026938.png,tumor
data/pcam/train/tumor/valid_026939.png,tumor
data/pcam/train/tumor/valid_026946.png,tumor
data/pcam/train/tumor/valid_026950.png,tumor
data/pcam/train/tumor/valid_026951.png,tumor
data/pcam/train/tumor/valid_026957.png,tumor
data/pcam/train/tumor/valid_026959.png,tumor
data/pcam/train/tumor/valid_026961.png,tumor
data/pcam/train/tumor/valid_026968.png,tumor
data/pcam/train/tumor/valid_026974.png,tumor
data/pcam/train/tumor/valid_026980.png,tumor
data/pcam/train/tumor/valid_026982.png,tumor
data/pcam/train/tumor/valid_026986.png,tumor
data/pcam/train/tumor/valid_026987.png,tumor
data/pcam/train/tumor/valid_026988.png,tumor
data/pcam/train/tumor/valid_026991.png,tumor
data/pcam/train/tumor/valid_026998.png,tumor
data/pcam/train/tumor/valid_026999.png,tumor
data/pcam/train/tumor/valid_027004.png,tumor
data/pcam/train/tumor/valid_027007.png,tumor
data/pcam/train/tumor/valid_027010.png,tumor
data/pcam/train/tumor/valid_027018.png,tumor
data/pcam/train/tumor/valid_027025.png,tumor
data/pcam/train/tumor/valid_027035.png,tumor
data/pcam/train/tumor/valid_027042.png,tumor
data/pcam/train/tumor/valid_027043.png,tumor
data/pcam/train/tumor/valid_027050.png,tumor
data/pcam/train/tumor/valid_027051.png,tumor
data/pcam/train/tumor/valid_027053.png,tumor
data/pcam/train/tumor/valid_027063.png,tumor
data/pcam/train/tumor/valid_027067.png,tumor
data/pcam/train/tumor/valid_027068.png,tumor
data/pcam/train/tumor/valid_027075.png,tumor
data/pcam/train/tumor/valid_027076.png,tumor
data/pcam/train/tumor/valid_027078.png,tumor
data/pcam/train/tumor/valid_027087.png,tumor
data/pcam/train/tumor/valid_027090.png,tumor
data/pcam/train/tumor/valid_027097.png,tumor
data/pcam/train/tumor/valid_027101.png,tumor
data/pcam/train/tumor/valid_027102.png,tumor
data/pcam/train/tumor/valid_027120.png,tumor
data/pcam/train/tumor/valid_027128.png,tumor
data/pcam/train/tumor/valid_027129.png,tumor
data/pcam/train/tumor/valid_027135.png,tumor
data/pcam/train/tumor/valid_027136.png,tumor
data/pcam/train/tumor/valid_027151.png,tumor
data/pcam/train/tumor/valid_027410.png,tumor
data/pcam/train/tumor/valid_027428.png,tumor
data/pcam/train/tumor/valid_027441.png,tumor
data/pcam/train/tumor/valid_027451.png,tumor
data/pcam/train/tumor/valid_027453.png,tumor
data/pcam/train/tumor/valid_027458.png,tumor
data/pcam/train/tumor/valid_027463.png,tumor
data/pcam/train/tumor/valid_027464.png,tumor
data/pcam/train/tumor/valid_027469.png,tumor
data/pcam/train/tumor/valid_027471.png,tumor
data/pcam/train/tumor/valid_027480.png,tumor
data/pcam/train/tumor/valid_027483.png,tumor
data/pcam/train/tumor/valid_027488.png,tumor
data/pcam/train/tumor/valid_027492.png,tumor
data/pcam/train/tumor/valid_027496.png,tumor
data/pcam/train/tumor/valid_027498.png,tumor
data/pcam/train/tumor/valid_027507.png,tumor
data/pcam/train/tumor/valid_027509.png,tumor
data/pcam/train/tumor/valid_027511.png,tumor
data/pcam/train/tumor/valid_027522.png,tumor
data/pcam/train/tumor/valid_027528.png,tumor
data/pcam/train/tumor/valid_027532.png,tumor
data/pcam/train/tumor/valid_027535.png,tumor
data/pcam/train/tumor/valid_027540.png,tumor
data/pcam/train/tumor/valid_027552.png,tumor
data/pcam/train/tumor/valid_027561.png,tumor
data/pcam/train/tumor/valid_027563.png,tumor
data/pcam/train/tumor/valid_027564.png,tumor
data/pcam/train/tumor/valid_027567.png,tumor
data/pcam/train/tumor/valid_027579.png,tumor
data/pcam/train/tumor/valid_027582.png,tumor
data/pcam/train/tumor/valid_027583.png,tumor
data/pcam/train/tumor/valid_027588.png,tumor
data/pcam/train/tumor/valid_027590.png,tumor
data/pcam/train/tumor/valid_027591.png,tumor
data/pcam/train/tumor/valid_027594.png,tumor
data/pcam/train/tumor/valid_027597.png,tumor
data/pcam/train/tumor/valid_027600.png,tumor
data/pcam/train/tumor/valid_027604.png,tumor
data/pcam/train/tumor/valid_027612.png,tumor
data/pcam/train/tumor/valid_027623.png,tumor
data/pcam/train/tumor/valid_027628.png,tumor
data/pcam/train/tumor/valid_027632.png,tumor
data/pcam/train/tumor/valid_027633.png,tumor
data/pcam/train/tumor/valid_027635.png,tumor
data/pcam/train/tumor/valid_027639.png,tumor
data/pcam/train/tumor/valid_027641.png,tumor
data/pcam/train/tumor/valid_027643.png,tumor
data/pcam/train/tumor/valid_027645.png,tumor
data/pcam/train/tumor/valid_027646.png,tumor
data/pcam/train/tumor/valid_027647.png,tumor
data/pcam/train/tumor/valid_027649.png,tumor
data/pcam/train/tumor/valid_027654.png,tumor
data/pcam/train/tumor/valid_027658.png,tumor
data/pcam/train/tumor/valid_027667.png,tumor
data/pcam/train/tumor/valid_027668.png,tumor
data/pcam/train/tumor/valid_027670.png,tumor
data/pcam/train/tumor/valid_027675.png,tumor
data/pcam/train/tumor/valid_027684.png,tumor
data/pcam/train/tumor/valid_027685.png,tumor
data/pcam/train/tumor/valid_027691.png,tumor
data/pcam/train/tumor/valid_027694.png,tumor
data/pcam/train/tumor/valid_027695.png,tumor
data/pcam/train/tumor/valid_027699.png,tumor
data/pcam/train/tumor/valid_027704.png,tumor
data/pcam/train/tumor/valid_027707.png,tumor
data/pcam/train/tumor/valid_027708.png,tumor
data/pcam/train/tumor/valid_027712.png,tumor
data/pcam/train/tumor/valid_027715.png,tumor
data/pcam/train/tumor/valid_027718.png,tumor
data/pcam/train/tumor/valid_027721.png,tumor
data/pcam/train/tumor/valid_027726.png,tumor
data/pcam/train/tumor/valid_027732.png,tumor
data/pcam/train/tumor/valid_027738.png,tumor
data/pcam/train/tumor/valid_027739.png,tumor
data/pcam/train/tumor/valid_027742.png,tumor
data/pcam/train/tumor/valid_027752.png,tumor
data/pcam/train/tumor/valid_027755.png,tumor
data/pcam/train/tumor/valid_027757.png,tumor
data/pcam/train/tumor/valid_027758.png,tumor
data/pcam/train/tumor/valid_027767.png,tumor
data/pcam/train/tumor/valid_027772.png,tumor
data/pcam/train/tumor/valid_027777.png,tumor
data/pcam/train/tumor/valid_027782.png,tumor
data/pcam/train/tumor/valid_027789.png,tumor
data/pcam/train/tumor/valid_027800.png,tumor
data/pcam/train/tumor/valid_027804.png,tumor
data/pcam/train/tumor/valid_028078.png,tumor
data/pcam/train/tumor/valid_028080.png,tumor
data/pcam/train/tumor/valid_028094.png,tumor
data/pcam/train/tumor/valid_028115.png,tumor
data/pcam/train/tumor/valid_028121.png,tumor
data/pcam/train/tumor/valid_028128.png,tumor
data/pcam/train/tumor/valid_028130.png,tumor
data/pcam/train/tumor/valid_028133.png,tumor
data/pcam/train/tumor/valid_028140.png,tumor
data/pcam/train/tumor/valid_028141.png,tumor
data/pcam/train/tumor/valid_028151.png,tumor
data/pcam/train/tumor/valid_028157.png,tumor
data/pcam/train/tumor/valid_028158.png,tumor
data/pcam/train/tumor/valid_028165.png,tumor
data/pcam/train/tumor/valid_028167.png,tumor
data/pcam/train/tumor/valid_028168.png,tumor
data/pcam/train/tumor/valid_028170.png,tumor
data/pcam/train/tumor/valid_028174.png,tumor
data/pcam/train/tumor/valid_028181.png,tumor
data/pcam/train/tumor/valid_028183.png,tumor
data/pcam/train/tumor/valid_028194.png,tumor
data/pcam/train/tumor/valid_028200.png,tumor
data/pcam/train/tumor/valid_028203.png,tumor
data/pcam/train/tumor/valid_028213.png,tumor
data/pcam/train/tumor/valid_028216.png,tumor
data/pcam/train/tumor/valid_028218.png,tumor
data/pcam/train/tumor/valid_028220.png,tumor
data/pcam/train/tumor/valid_028221.png,tumor
data/pcam/train/tumor/valid_028224.png,tumor
data/pcam/train/tumor/valid_028226.png,tumor
data/pcam/train/tumor/valid_028229.png,tumor
data/pcam/train/tumor/valid_028232.png,tumor
data/pcam/train/tumor/valid_028239.png,tumor
data/pcam/train/tumor/valid_028251.png,tumor
data/pcam/train/tumor/valid_028264.png,tumor
data/pcam/train/tumor/valid_028271.png,tumor
data/pcam/train/tumor/valid_028274.png,tumor
data/pcam/train/tumor/valid_028275.png,tumor
data/pcam/train/tumor/valid_028276.png,tumor
data/pcam/train/tumor/valid_028278.png,tumor
data/pcam/train/tumor/valid_028279.png,tumor
data/pcam/train/tumor/valid_028280.png,tumor
data/pcam/train/tumor/valid_028281.png,tumor
data/pcam/train/tumor/valid_028282.png,tumor
data/pcam/train/tumor/valid_028291.png,tumor
data/pcam/train/tumor/valid_028298.png,tumor
data/pcam/train/tumor/valid_028310.png,tumor
data/pcam/train/tumor/valid_028317.png,tumor
data/pcam/train/tumor/valid_028318.png,tumor
data/pcam/train/tumor/valid_028320.png,tumor
data/pcam/train/tumor/valid_028323.png,tumor
data/pcam/train/tumor/valid_028335.png,tumor
data/pcam/train/tumor/valid_028337.png,tumor
data/pcam/train/tumor/valid_028338.png,tumor
data/pcam/train/tumor/valid_028339.png,tumor
data/pcam/train/tumor/valid_028340.png,tumor
data/pcam/train/tumor/valid_028342.png,tumor
data/pcam/train/tumor/valid_028344.png,tumor
data/pcam/train/tumor/valid_028347.png,tumor
data/pcam/train/tumor/valid_028355.png,tumor
data/pcam/train/tumor/valid_028357.png,tumor
data/pcam/train/tumor/valid_028358.png,tumor
data/pcam/train/tumor/valid_028361.png,tumor
data/pcam/train/tumor/valid_028363.png,tumor
data/pcam/train/tumor/valid_028365.png,tumor
data/pcam/train/tumor/valid_028366.png,tumor
data/pcam/train/tumor/valid_028370.png,tumor
data/pcam/train/tumor/valid_028377.png,tumor
data/pcam/train/tumor/valid_028379.png,tumor
data/pcam/train/tumor/valid_028386.png,tumor
data/pcam/train/tumor/valid_028387.png,tumor
data/pcam/train/tumor/valid_028388.png,tumor
data/pcam/train/tumor/valid_028389.png,tumor
data/pcam/train/tumor/valid_028400.png,tumor
data/pcam/train/tumor/valid_028401.png,tumor
data/pcam/train/tumor/valid_028402.png,tumor
data/pcam/train/tumor/valid_028409.png,tumor
data/pcam/train/tumor/valid_028410.png,tumor
data/pcam/train/tumor/valid_028413.png,tumor
data/pcam/train/tumor/valid_028417.png,tumor
data/pcam/train/tumor/valid_028419.png,tumor
data/pcam/train/tumor/valid_028420.png,tumor
data/pcam/train/tumor/valid_028423.png,tumor
data/pcam/train/tumor/valid_028428.png,tumor
data/pcam/train/tumor/valid_028429.png,tumor
data/pcam/train/tumor/valid_028432.png,tumor
data/pcam/train/tumor/valid_028436.png,tumor
data/pcam/train/tumor/valid_028440.png,tumor
data/pcam/train/tumor/valid_028460.png,tumor
data/pcam/train/tumor/valid_028467.png,tumor
data/pcam/train/tumor/valid_028471.png,tumor
data/pcam/train/tumor/valid_028472.png,tumor
data/pcam/train/tumor/valid_028737.png,tumor
data/pcam/train/tumor/valid_028747.png,tumor
data/pcam/train/tumor/valid_028755.png,tumor
data/pcam/train/tumor/valid_028766.png,tumor
data/pcam/train/tumor/valid_028769.png,tumor
data/pcam/train/tumor/valid_028776.png,tumor
data/pcam/train/tumor/valid_028777.png,tumor
data/pcam/train/tumor/valid_028780.png,tumor
data/pcam/train/tumor/valid_028786.png,tumor
data/pcam/train/tumor/valid_028800.png,tumor
data/pcam/train/tumor/valid_028801.png,tumor
data/pcam/train/tumor/valid_028805.png,tumor
data/pcam/train/tumor/valid_028821.png,tumor
data/pcam/train/tumor/valid_028826.png,tumor
data/pcam/train/tumor/valid_028829.png,tumor
data/pcam/train/tumor/valid_028832.png,tumor
data/pcam/train/tumor/valid_028833.png,tumor
data/pcam/train/tumor/valid_028834.png,tumor
data/pcam/train/tumor/valid_028837.png,tumor
data/pcam/train/tumor/valid_028838.png,tumor
data/pcam/train/tumor/valid_028849.png,tumor
data/pcam/train/tumor/valid_028851.png,tumor
data/pcam/train/tumor/valid_028853.png,tumor
data/pcam/train/tumor/valid_028863.png,tumor
data/pcam/train/tumor/valid_028865.png,tumor
data/pcam/train/tumor/valid_028869.png,tumor
data/pcam/train/tumor/valid_028879.png,tumor
data/pcam/train/tumor/valid_028893.png,tumor
data/pcam/train/tumor/valid_028902.png,tumor
data/pcam/train/tumor/valid_028905.png,tumor
data/pcam/train/tumor/valid_028908.png,tumor
data/pcam/train/tumor/valid_028919.png,tumor
data/pcam/train/tumor/valid_028924.png,tumor
data/pcam/train/tumor/valid_028930.png,tumor
data/pcam/train/tumor/valid_028933.png,tumor
data/pcam/train/tumor/valid_028936.png,tumor
data/pcam/train/tumor/valid_028939.png,tumor
data/pcam/train/tumor/valid_028940.png,tumor
data/pcam/train/tumor/valid_028942.png,tumor
data/pcam/train/tumor/valid_028946.png,tumor
data/pcam/train/tumor/valid_028949.png,tumor
data/pcam/train/tumor/valid_028955.png,tumor
data/pcam/train/tumor/valid_028961.png,tumor
data/pcam/train/tumor/valid_028962.png,tumor
data/pcam/train/tumor/valid_028973.png,tumor
data/pcam/train/tumor/valid_028974.png,tumor
data/pcam/train/tumor/valid_028985.png,tumor
data/pcam/train/tumor/valid_028986.png,tumor
data/pcam/train/tumor/valid_028989.png,tumor
data/pcam/train/tumor/valid_028995.png,tumor
data/pcam/train/tumor/valid_028998.png,tumor
data/pcam/train/tumor/valid_029007.png,tumor
data/pcam/train/tumor/valid_029010.png,tumor
data/pcam/train/tumor/valid_029016.png,tumor
data/pcam/train/tumor/valid_029023.png,tumor
data/pcam/train/tumor/valid_029029.png,tumor
data/pcam/train/tumor/valid_029033.png,tumor
data/pcam/train/tumor/valid_029040.png,tumor
data/pcam/train/tumor/valid_029041.png,tumor
data/pcam/train/tumor/valid_029044.png,tumor
data/pcam/train/tumor/valid_029046.png,tumor
data/pcam/train/tumor/valid_029048.png,tumor
data/pcam/train/tumor/valid_029061.png,tumor
data/pcam/train/tumor/valid_029065.png,tumor
data/pcam/train/tumor/valid_029068.png,tumor
data/pcam/train/tumor/valid_029071.png,tumor
data/pcam/train/tumor/valid_029074.png,tumor
data/pcam/train/tumor/valid_029083.png,tumor
data/pcam/train/tumor/valid_029085.png,tumor
data/pcam/train/tumor/valid_029090.png,tumor
data/pcam/train/tumor/valid_029365.png,tumor
data/pcam/train/tumor/valid_029372.png,tumor
data/pcam/train/tumor/valid_029378.png,tumor
data/pcam/train/tumor/valid_029379.png,tumor
data/pcam/train/tumor/valid_029385.png,tumor
data/pcam/train/tumor/valid_029395.png,tumor
data/pcam/train/tumor/valid_029396.png,tumor
data/pcam/train/tumor/valid_029399.png,tumor
data/pcam/train/tumor/valid_029400.png,tumor
data/pcam/train/tumor/valid_029416.png,tumor
data/pcam/train/tumor/valid_029418.png,tumor
data/pcam/train/tumor/valid_029422.png,tumor
data/pcam/train/tumor/valid_029428.png,tumor
data/pcam/train/tumor/valid_029429.png,tumor
data/pcam/train/tumor/valid_029433.png,tumor
data/pcam/train/tumor/valid_029437.png,tumor
data/pcam/train/tumor/valid_029442.png,tumor
data/pcam/train/tumor/valid_029444.png,tumor
data/pcam/train/tumor/valid_029445.png,tumor
data/pcam/train/tumor/valid_029455.png,tumor
data/pcam/train/tumor/valid_029457.png,tumor
data/pcam/train/tumor/valid_029458.png,tumor
data/pcam/train/tumor/valid_029461.png,tumor
data/pcam/train/tumor/valid_029463.png,tumor
data/pcam/train/tumor/valid_029465.png,tumor
data/pcam/train/tumor/valid_029468.png,tumor
data/pcam/train/tumor/valid_029469.png,tumor
data/pcam/train/tumor/valid_029477.png,tumor
data/pcam/train/tumor/valid_029482.png,tumor
data/pcam/train/tumor/valid_029483.png,tumor
data/pcam/train/tumor/valid_029492.png,tumor
data/pcam/train/tumor/valid_029502.png,tumor
data/pcam/train/tumor/valid_029506.png,tumor
data/pcam/train/tumor/valid_029511.png,tumor
data/pcam/train/tumor/valid_029514.png,tumor
data/pcam/train/tumor/valid_029517.png,tumor
data/pcam/train/tumor/valid_029518.png,tumor
data/pcam/train/tumor/valid_029527.png,tumor
data/pcam/train/tumor/valid_029529.png,tumor
data/pcam/train/tumor/valid_029530.png,tumor
data/pcam/train/tumor/valid_029532.png,tumor
data/pcam/train/tumor/valid_029538.png,tumor
data/pcam/train/tumor/valid_029543.png,tumor
data/pcam/train/tumor/valid_029548.png,tumor
data/pcam/train/tumor/valid_029560.png,tumor
data/pcam/train/tumor/valid_029562.png,tumor
data/pcam/train/tumor/valid_029573.png,tumor
data/pcam/train/tumor/valid_029574.png,tumor
data/pcam/train/tumor/valid_029575.png,tumor
data/pcam/train/tumor/valid_029577.png,tumor
data/pcam/train/tumor/valid_029584.png,tumor
data/pcam/train/tumor/valid_029588.png,tumor
data/pcam/train/tumor/valid_029590.png,tumor
data/pcam/train/tumor/valid_029591.png,tumor
data/pcam/train/tumor/valid_029595.png,tumor
data/pcam/train/tumor/valid_029596.png,tumor
data/pcam/train/tumor/valid_029597.png,tumor
data/pcam/train/tumor/valid_029599.png,tumor
data/pcam/train/tumor/valid_029602.png,tumor
data/pcam/train/tumor/valid_029606.png,tumor
data/pcam/train/tumor/valid_029610.png,tumor
data/pcam/train/tumor/valid_029612.png,tumor
data/pcam/train/tumor/valid_029613.png,tumor
data/pcam/train/tumor/valid_029615.png,tumor
data/pcam/train/tumor/valid_029624.png,tumor
data/pcam/train/tumor/valid_029632.png,tumor
data/pcam/train/tumor/valid_029637.png,tumor
data/pcam/train/tumor/valid_029644.png,tumor
data/pcam/train/tumor/valid_029646.png,tumor
data/pcam/train/tumor/valid_029650.png,tumor
data/pcam/train/tumor/valid_029658.png,tumor
data/pcam/train/tumor/valid_029661.png,tumor
data/pcam/train/tumor/valid_029665.png,tumor
data/pcam/train/tumor/valid_029675.png,tumor
data/pcam/train/tumor/valid_029676.png,tumor
data/pcam/train/tumor/valid_029698.png,tumor
data/pcam/train/tumor/valid_029966.png,tumor
data/pcam/train/tumor/valid_029978.png,tumor
data/pcam/train/tumor/valid_029980.png,tumor
data/pcam/train/tumor/valid_029984.png,tumor
data/pcam/train/tumor/valid_030005.png,tumor
data/pcam/train/tumor/valid_030011.png,tumor
data/pcam/train/tumor/valid_030014.png,tumor
data/pcam/train/tumor/valid_030015.png,tumor
data/pcam/train/tumor/valid_030025.png,tumor
data/pcam/train/tumor/valid_030038.png,tumor
data/pcam/train/tumor/valid_030043.png,tumor
data/pcam/train/tumor/valid_030045.png,tumor
data/pcam/train/tumor/valid_030046.png,tumor
data/pcam/train/tumor/valid_030055.png,tumor
data/pcam/train/tumor/valid_030059.png,tumor
data/pcam/train/tumor/valid_030060.png,tumor
data/pcam/train/tumor/valid_030069.png,tumor
data/pcam/train/tumor/valid_030071.png,tumor
data/pcam/train/tumor/valid_030073.png,tumor
data/pcam/train/tumor/valid_030075.png,tumor
data/pcam/train/tumor/valid_030084.png,tumor
data/pcam/train/tumor/valid_030088.png,tumor
data/pcam/train/tumor/valid_030100.png,tumor
data/pcam/train/tumor/valid_030101.png,tumor
data/pcam/train/tumor/valid_030102.png,tumor
data/pcam/train/tumor/valid_030104.png,tumor
data/pcam/train/tumor/valid_030111.png,tumor
data/pcam/train/tumor/valid_030113.png,tumor
data/pcam/train/tumor/valid_030117.png,tumor
data/pcam/train/tumor/valid_030122.png,tumor
data/pcam/train/tumor/valid_030124.png,tumor
data/pcam/train/tumor/valid_030128.png,tumor
data/pcam/train/tumor/valid_030129.png,tumor
data/pcam/train/tumor/valid_030131.png,tumor
data/pcam/train/tumor/valid_030135.png,tumor
data/pcam/train/tumor/valid_030139.png,tumor
data/pcam/train/tumor/valid_030140.png,tumor
data/pcam/train/tumor/valid_030141.png,tumor
data/pcam/train/tumor/valid_030143.png,tumor
data/pcam/train/tumor/valid_030145.png,tumor
data/pcam/train/tumor/valid_030153.png,tumor
data/pcam/train/tumor/valid_030156.png,tumor
data/pcam/train/tumor/valid_030160.png,tumor
data/pcam/train/tumor/valid_030162.png,tumor
data/pcam/train/tumor/valid_030164.png,tumor
data/pcam/train/tumor/valid_030170.png,tumor
data/pcam/train/tumor/valid_030174.png,tumor
data/pcam/train/tumor/valid_030176.png,tumor
data/pcam/train/tumor/valid_030177.png,tumor
data/pcam/train/tumor/valid_030179.png,tumor
data/pcam/train/tumor/valid_030184.png,tumor
data/pcam/train/tumor/valid_030187.png,tumor
data/pcam/train/tumor/valid_030188.png,tumor
data/pcam/train/tumor/valid_030189.png,tumor
data/pcam/train/tumor/valid_030191.png,tumor
data/pcam/train/tumor/valid_030192.png,tumor
data/pcam/train/tumor/valid_030193.png,tumor
data/pcam/train/tumor/valid_030198.png,tumor
data/pcam/train/tumor/valid_030204.png,tumor
data/pcam/train/tumor/valid_030205.png,tumor
data/pcam/train/tumor/valid_030222.png,tumor
data/pcam/train/tumor/valid_030225.png,tumor
data/pcam/train/tumor/valid_030226.png,tumor
data/pcam/train/tumor/valid_030227.png,tumor
data/pcam/train/tumor/valid_030230.png,tumor
data/pcam/train/tumor/valid_030234.png,tumor
data/pcam/train/tumor/valid_030243.png,tumor
data/pcam/train/tumor/valid_030244.png,tumor
data/pcam/train/tumor/valid_030246.png,tumor
data/pcam/train/tumor/valid_030247.png,tumor
data/pcam/train/tumor/valid_030249.png,tumor
data/pcam/train/tumor/valid_030250.png,tumor
data/pcam/train/tumor/valid_030258.png,tumor
data/pcam/train/tumor/valid_030268.png,tumor
data/pcam/train/tumor/valid_030269.png,tumor
data/pcam/train/tumor/valid_030272.png,tumor
data/pcam/train/tumor/valid_030281.png,tumor
data/pcam/train/tumor/valid_030287.png,tumor
data/pcam/train/tumor/valid_030289.png,tumor
data/pcam/train/tumor/valid_030293.png,tumor
data/pcam/train/tumor/valid_030294.png,tumor
data/pcam/train/tumor/valid_030295.png,tumor
data/pcam/train/tumor/valid_030297.png,tumor
data/pcam/train/tumor/valid_030298.png,tumor
data/pcam/train/tumor/valid_030302.png,tumor
data/pcam/train/tumor/valid_030305.png,tumor
data/pcam/train/tumor/valid_030309.png,tumor
data/pcam/train/tumor/valid_030313.png,tumor
data/pcam/train/tumor/valid_030314.png,tumor
data/pcam/train/tumor/valid_030320.png,tumor
data/pcam/train/tumor/valid_030324.png,tumor
data/pcam/train/tumor/valid_030325.png,tumor
data/pcam/train/tumor/valid_030327.png,tumor
data/pcam/train/tumor/valid_030330.png,tumor
data/pcam/train/tumor/valid_030339.png,tumor
data/pcam/train/tumor/valid_030340.png,tumor
data/pcam/train/tumor/valid_030352.png,tumor
data/pcam/train/tumor/valid_030360.png,tumor
data/pcam/train/tumor/valid_030362.png,tumor
data/pcam/train/tumor/valid_030615.png,tumor
data/pcam/train/tumor/valid_030639.png,tumor
data/pcam/train/tumor/valid_030646.png,tumor
data/pcam/train/tumor/valid_030651.png,tumor
data/pcam/train/tumor/valid_030652.png,tumor
data/pcam/train/tumor/valid_030656.png,tumor
data/pcam/train/tumor/valid_030672.png,tumor
data/pcam/train/tumor/valid_030692.png,tumor
data/pcam/train/tumor/valid_030709.png,tumor
data/pcam/train/tumor/valid_030710.png,tumor
data/pcam/train/tumor/valid_030714.png,tumor
data/pcam/train/tumor/valid_030716.png,tumor
data/pcam/train/tumor/valid_030718.png,tumor
data/pcam/train/tumor/valid_030722.png,tumor
data/pcam/train/tumor/valid_030734.png,tumor
data/pcam/train/tumor/valid_030735.png,tumor
data/pcam/train/tumor/valid_030739.png,tumor
data/pcam/train/tumor/valid_030741.png,tumor
data/pcam/train/tumor/valid_030743.png,tumor
data/pcam/train/tumor/valid_030744.png,tumor
data/pcam/train/tumor/valid_030747.png,tumor
data/pcam/train/tumor/valid_030753.png,tumor
data/pcam/train/tumor/valid_030755.png,tumor
data/pcam/train/tumor/valid_030763.png,tumor
data/pcam/train/tumor/valid_030768.png,tumor
data/pcam/train/tumor/valid_030775.png,tumor
data/pcam/train/tumor/valid_030778.png,tumor
data/pcam/train/tumor/valid_030779.png,tumor
data/pcam/train/tumor/valid_030785.png,tumor
data/pcam/train/tumor/valid_030788.png,tumor
data/pcam/train/tumor/valid_030795.png,tumor
data/pcam/train/tumor/valid_030797.png,tumor
data/pcam/train/tumor/valid_030800.png,tumor
data/pcam/train/tumor/valid_030802.png,tumor
data/pcam/train/tumor/valid_030804.png,tumor
data/pcam/train/tumor/valid_030805.png,tumor
data/pcam/train/tumor/valid_030814.png,tumor
data/pcam/train/tumor/valid_030818.png,tumor
data/pcam/train/tumor/valid_030821.png,tumor
data/pcam/train/tumor/valid_030822.png,tumor
data/pcam/train/tumor/valid_030823.png,tumor
data/pcam/train/tumor/valid_030829.png,tumor
data/pcam/train/tumor/valid_030830.png,tumor
data/pcam/train/tumor/valid_030833.png,tumor
data/pcam/train/tumor/valid_030835.png,tumor
data/pcam/train/tumor/valid_030838.png,tumor
data/pcam/train/tumor/valid_030851.png,tumor
data/pcam/train/tumor/valid_030858.png,tumor
data/pcam/train/tumor/valid_030859.png,tumor
data/pcam/train/tumor/valid_030860.png,tumor
data/pcam/train/tumor/valid_030866.png,tumor
data/pcam/train/tumor/valid_030873.png,tumor
data/pcam/train/tumor/valid_030879.png,tumor
data/pcam/train/tumor/valid_030880.png,tumor
data/pcam/train/tumor/valid_030881.png,tumor
data/pcam/train/tumor/valid_030885.png,tumor
data/pcam/train/tumor/valid_030887.png,tumor
data/pcam/train/tumor/valid_030889.png,tumor
data/pcam/train/tumor/valid_030891.png,tumor
data/pcam/train/tumor/valid_030897.png,tumor
data/pcam/train/tumor/valid_030903.png,tumor
data/pcam/train/tumor/valid_030911.png,tumor
data/pcam/train/tumor/valid_030912.png,tumor
data/pcam/train/tumor/valid_030914.png,tumor
data/pcam/train/tumor/valid_030926.png,tumor
data/pcam/train/tumor/valid_030937.png,tumor
data/pcam/train/tumor/valid_030939.png,tumor
data/pcam/train/tumor/valid_030943.png,tumor
data/pcam/train/tumor/valid_030945.png,tumor
data/pcam/train/tumor/valid_030947.png,tumor
data/pcam/train/tumor/valid_030953.png,tumor
data/pcam/train/tumor/valid_030955.png,tumor
data/pcam/train/tumor/valid_030966.png,tumor
data/pcam/train/tumor/valid_030971.png,tumor
data/pcam/train/tumor/valid_030972.png,tumor
data/pcam/train/tumor/valid_030981.png,tumor
data/pcam/train/tumor/valid_030986.png,tumor
data/pcam/train/tumor/valid_030988.png,tumor
data/pcam/train/tumor/valid_030992.png,tumor
data/pcam/train/tumor/valid_030994.png,tumor
data/pcam/train/tumor/valid_031004.png,tumor
data/pcam/train/tumor/valid_031007.png,tumor
data/pcam/train/tumor/valid_031017.png,tumor
data/pcam/train/tumor/valid_031303.png,tumor
data/pcam/train/tumor/valid_031318.png,tumor
data/pcam/train/tumor/valid_031325.png,tumor
data/pcam/train/tumor/valid_031334.png,tumor
data/pcam/train/tumor/valid_031338.png,tumor
data/pcam/train/tumor/valid_031355.png,tumor
data/pcam/train/tumor/valid_031357.png,tumor
data/pcam/train/tumor/valid_031364.png,tumor
data/pcam/train/tumor/valid_031365.png,tumor
data/pcam/train/tumor/valid_031371.png,tumor
data/pcam/train/tumor/valid_031380.png,tumor
data/pcam/train/tumor/valid_031381.png,tumor
data/pcam/train/tumor/valid_031382.png,tumor
data/pcam/train/tumor/valid_031383.png,tumor
data/pcam/train/tumor/valid_031391.png,tumor
data/pcam/train/tumor/valid_031395.png,tumor
data/pcam/train/tumor/valid_031396.png,tumor
data/pcam/train/tumor/valid_031403.png,tumor
data/pcam/train/tumor/valid_031409.png,tumor
data/pcam/train/tumor/valid_031413.png,tumor
data/pcam/train/tumor/valid_031423.png,tumor
data/pcam/train/tumor/valid_031426.png,tumor
data/pcam/train/tumor/valid_031427.png,tumor
data/pcam/train/tumor/valid_031437.png,tumor
data/pcam/train/tumor/valid_031442.png,tumor
data/pcam/train/tumor/valid_031447.png,tumor
data/pcam/train/tumor/valid_031449.png,tumor
data/pcam/train/tumor/valid_031455.png,tumor
data/pcam/train/tumor/valid_031457.png,tumor
data/pcam/train/tumor/valid_031463.png,tumor
data/pcam/train/tumor/valid_031464.png,tumor
data/pcam/train/tumor/valid_031466.png,tumor
data/pcam/train/tumor/valid_031471.png,tumor
data/pcam/train/tumor/valid_031476.png,tumor
data/pcam/train/tumor/valid_031478.png,tumor
data/pcam/train/tumor/valid_031481.png,tumor
data/pcam/train/tumor/valid_031482.png,tumor
data/pcam/train/tumor/valid_031484.png,tumor
data/pcam/train/tumor/valid_031492.png,tumor
data/pcam/train/tumor/valid_031494.png,tumor
data/pcam/train/tumor/valid_031496.png,tumor
data/pcam/train/tumor/valid_031501.png,tumor
data/pcam/train/tumor/valid_031514.png,tumor
data/pcam/train/tumor/valid_031517.png,tumor
data/pcam/train/tumor/valid_031530.png,tumor
data/pcam/train/tumor/valid_031533.png,tumor
data/pcam/train/tumor/valid_031534.png,tumor
data/pcam/train/tumor/valid_031535.png,tumor
data/pcam/train/tumor/valid_031537.png,tumor
data/pcam/train/tumor/valid_031542.png,tumor
data/pcam/train/tumor/valid_031543.png,tumor
data/pcam/train/tumor/valid_031546.png,tumor
data/pcam/train/tumor/valid_031547.png,tumor
data/pcam/train/tumor/valid_031550.png,tumor
data/pcam/train/tumor/valid_031552.png,tumor
data/pcam/train/tumor/valid_031553.png,tumor
data/pcam/train/tumor/valid_031556.png,tumor
data/pcam/train/tumor/valid_031560.png,tumor
data/pcam/train/tumor/valid_031567.png,tumor
data/pcam/train/tumor/valid_031569.png,tumor
data/pcam/train/tumor/valid_031570.png,tumor
data/pcam/train/tumor/valid_031571.png,tumor
data/pcam/train/tumor/valid_031572.png,tumor
data/pcam/train/tumor/valid_031575.png,tumor
data/pcam/train/tumor/valid_031581.png,tumor
data/pcam/train/tumor/valid_031585.png,tumor
data/pcam/train/tumor/valid_031590.png,tumor
data/pcam/train/tumor/valid_031597.png,tumor
data/pcam/train/tumor/valid_031600.png,tumor
data/pcam/train/tumor/valid_031601.png,tumor
data/pcam/train/tumor/valid_031604.png,tumor
data/pcam/train/tumor/valid_031605.png,tumor
data/pcam/train/tumor/valid_031606.png,tumor
data/pcam/train/tumor/valid_031610.png,tumor
data/pcam/train/tumor/valid_031611.png,tumor
data/pcam/train/tumor/valid_031617.png,tumor
data/pcam/train/tumor/valid_031618.png,tumor
data/pcam/train/tumor/valid_031622.png,tumor
data/pcam/train/tumor/valid_031627.png,tumor
data/pcam/train/tumor/valid_031630.png,tumor
data/pcam/train/tumor/valid_031631.png,tumor
data/pcam/train/tumor/valid_031636.png,tumor
data/pcam/train/tumor/valid_031638.png,tumor
data/pcam/train/tumor/valid_031641.png,tumor
data/pcam/train/tumor/valid_031653.png,tumor
data/pcam/train/tumor/valid_031655.png,tumor
data/pcam/train/tumor/valid_031659.png,tumor
data/pcam/train/tumor/valid_031667.png,tumor
data/pcam/train/tumor/valid_031671.png,tumor
data/pcam/train/tumor/valid_031680.png,tumor
data/pcam/train/tumor/valid_031682.png,tumor
data/pcam/train/tumor/valid_031685.png,tumor
data/pcam/train/tumor/valid_031687.png,tumor
data/pcam/train/tumor/valid_031689.png,tumor
data/pcam/train/tumor/valid_031692.png,tumor
data/pcam/train/tumor/valid_031693.png,tumor
data/pcam/train/tumor/valid_031700.png,tumor
data/pcam/train/tumor/valid_031708.png,tumor
data/pcam/train/tumor/valid_031710.png,tumor
data/pcam/train/tumor/valid_031711.png,tumor
data/pcam/train/tumor/valid_031713.png,tumor
data/pcam/train/tumor/valid_031716.png,tumor
data/pcam/train/tumor/valid_031718.png,tumor
data/pcam/train/tumor/valid_031721.png,tumor
data/pcam/train/tumor/valid_031735.png,tumor
data/pcam/train/tumor/valid_032013.png,tumor
data/pcam/train/tumor/valid_032018.png,tumor
data/pcam/train/tumor/valid_032038.png,tumor
data/pcam/train/tumor/valid_032043.png,tumor
data/pcam/train/tumor/valid_032059.png,tumor
data/pcam/train/tumor/valid_032072.png,tumor
data/pcam/train/tumor/valid_032077.png,tumor
data/pcam/train/tumor/valid_032079.png,tumor
data/pcam/train/tumor/valid_032081.png,tumor
data/pcam/train/tumor/valid_032085.png,tumor
data/pcam/train/tumor/valid_032088.png,tumor
data/pcam/train/tumor/valid_032091.png,tumor
data/pcam/train/tumor/valid_032099.png,tumor
data/pcam/train/tumor/valid_032108.png,tumor
data/pcam/train/tumor/valid_032110.png,tumor
data/pcam/train/tumor/valid_032112.png,tumor
data/pcam/train/tumor/valid_032114.png,tumor
data/pcam/train/tumor/valid_032117.png,tumor
data/pcam/train/tumor/valid_032119.png,tumor
data/pcam/train/tumor/valid_032123.png,tumor
data/pcam/train/tumor/valid_032127.png,tumor
data/pcam/train/tumor/valid_032141.png,tumor
data/pcam/train/tumor/valid_032143.png,tumor
data/pcam/train/tumor/valid_032144.png,tumor
data/pcam/train/tumor/valid_032146.png,tumor
data/pcam/train/tumor/valid_032161.png,tumor
data/pcam/train/tumor/valid_032162.png,tumor
data/pcam/train/tumor/valid_032168.png,tumor
data/pcam/train/tumor/valid_032170.png,tumor
data/pcam/train/tumor/valid_032177.png,tumor
data/pcam/train/tumor/valid_032178.png,tumor
data/pcam/train/tumor/valid_032181.png,tumor
data/pcam/train/tumor/valid_032190.png,tumor
data/pcam/train/tumor/valid_032191.png,tumor
data/pcam/train/tumor/valid_032192.png,tumor
data/pcam/train/tumor/valid_032193.png,tumor
data/pcam/train/tumor/valid_032196.png,tumor
data/pcam/train/tumor/valid_032197.png,tumor
data/pcam/train/tumor/valid_032198.png,tumor
data/pcam/train/tumor/valid_032201.png,tumor
data/pcam/train/tumor/valid_032206.png,tumor
data/pcam/train/tumor/valid_032209.png,tumor
data/pcam/train/tumor/valid_032213.png,tumor
data/pcam/train/tumor/valid_032216.png,tumor
data/pcam/train/tumor/valid_032217.png,tumor
data/pcam/train/tumor/valid_032219.png,tumor
data/pcam/train/tumor/valid_032221.png,tumor
data/pcam/train/tumor/valid_032226.png,tumor
data/pcam/train/tumor/valid_032232.png,tumor
data/pcam/train/tumor/valid_032239.png,tumor
data/pcam/train/tumor/valid_032242.png,tumor
data/pcam/train/tumor/valid_032244.png,tumor
data/pcam/train/tumor/valid_032245.png,tumor
data/pcam/train/tumor/valid_032246.png,tumor
data/pcam/train/tumor/valid_032247.png,tumor
data/pcam/train/tumor/valid_032248.png,tumor
data/pcam/train/tumor/valid_032250.png,tumor
data/pcam/train/tumor/valid_032260.png,tumor
data/pcam/train/tumor/valid_032261.png,tumor
data/pcam/train/tumor/valid_032264.png,tumor
data/pcam/train/tumor/valid_032268.png,tumor
data/pcam/train/tumor/valid_032272.png,tumor
data/pcam/train/tumor/valid_032274.png,tumor
data/pcam/train/tumor/valid_032275.png,tumor
data/pcam/train/tumor/valid_032288.png,tumor
data/pcam/train/tumor/valid_032293.png,tumor
data/pcam/train/tumor/valid_032295.png,tumor
data/pcam/train/tumor/valid_032296.png,tumor
data/pcam/train/tumor/valid_032298.png,tumor
data/pcam/train/tumor/valid_032299.png,tumor
data/pcam/train/tumor/valid_032300.png,tumor
data/pcam/train/tumor/valid_032304.png,tumor
data/pcam/train/tumor/valid_032306.png,tumor
data/pcam/train/tumor/valid_032307.png,tumor
data/pcam/train/tumor/valid_032311.png,tumor
data/pcam/train/tumor/valid_032314.png,tumor
data/pcam/train/tumor/valid_032318.png,tumor
data/pcam/train/tumor/valid_032321.png,tumor
data/pcam/train/tumor/valid_032324.png,tumor
data/pcam/train/tumor/valid_032328.png,tumor
data/pcam/train/tumor/valid_032332.png,tumor
data/pcam/train/tumor/valid_032338.png,tumor
data/pcam/train/tumor/valid_032342.png,tumor
data/pcam/train/tumor/valid_032344.png,tumor
data/pcam/train/tumor/valid_032357.png,tumor
data/pcam/train/tumor/valid_032358.png,tumor
data/pcam/train/tumor/valid_032364.png,tumor
data/pcam/train/tumor/valid_032367.png,tumor
data/pcam/train/tumor/valid_032369.png,tumor
data/pcam/train/tumor/valid_032370.png,tumor
data/pcam/train/tumor/valid_032380.png,tumor
data/pcam/train/tumor/valid_032382.png,tumor
data/pcam/train/tumor/valid_032386.png,tumor
data/pcam/train/tumor/valid_032391.png,tumor
data/pcam/train/tumor/valid_032394.png,tumor
data/pcam/train/tumor/valid_032396.png,tumor
data/pcam/train/tumor/valid_032407.png,tumor
data/pcam/train/tumor/valid_032424.png,tumor
data/pcam/train/tumor/valid_032432.png,tumor
data/pcam/train/tumor/valid_032678.png,tumor
data/pcam/train/tumor/valid_032690.png,tumor
data/pcam/train/tumor/valid_032694.png,tumor
data/pcam/train/tumor/valid_032703.png,tumor
data/pcam/train/tumor/valid_032704.png,tumor
data/pcam/train/tumor/valid_032714.png,tumor
data/pcam/train/tumor/valid_032721.png,tumor
data/pcam/train/tumor/valid_032724.png,tumor
data/pcam/train/tumor/valid_032728.png,tumor
data/pcam/train/tumor/valid_032738.png,tumor
data/pcam/train/tumor/valid_032744.png,tumor
data/pcam/train/tumor/valid_032747.png,tumor
data/pcam/train/tumor/valid_032750.png,tumor
data/pcam/train/tumor/valid_032753.png,tumor
data/pcam/train/tumor/valid_032755.png,tumor
data/pcam/train/tumor/valid_032762.png,tumor
data/pcam/train/tumor/valid_032765.png,tumor
