path,label
data/NCT-CRC-HE-100K/ADI/ADI-LIEQWCNK.tif,ADI
data/NCT-CRC-HE-100K/ADI/ADI-MFWNCWEP.tif,ADI
data/NCT-CRC-HE-100K/ADI/ADI-CATHPPSI.tif,ADI
data/NCT-CRC-HE-100K/ADI/ADI-HGQQQCEP.tif,ADI
data/NCT-CRC-HE-100K/ADI/ADI-PKTGNFIL.tif,ADI
data/NCT-CRC-HE-100K/ADI/ADI-NTETRQYC.tif,ADI
data/NCT-CRC-HE-100K/ADI/ADI-LVGKMPHW.tif,ADI
data/NCT-CRC-HE-100K/ADI/ADI-IIVSVCAD.tif,ADI
data/NCT-CRC-HE-100K/ADI/ADI-NNPILQTD.tif,ADI
data/NCT-CRC-HE-100K/ADI/ADI-KQRVPNQM.tif,ADI
data/NCT-CRC-HE-100K/ADI/ADI-REFMRGYT.tif,ADI
data/NCT-CRC-HE-100K/ADI/ADI-GHSQKTRK.tif,ADI
data/NCT-CRC-HE-100K/ADI/ADI-PGGECSVH.tif,ADI
data/NCT-CRC-HE-100K/ADI/ADI-EIEETIMF.tif,ADI
data/NCT-CRC-HE-100K/ADI/ADI-HTTWSFNA.tif,ADI
data/NCT-CRC-HE-100K/ADI/ADI-EIGTGYGM.tif,ADI
data/NCT-CRC-HE-100K/ADI/ADI-DHHYYSCS.tif,ADI
data/NCT-CRC-HE-100K/ADI/ADI-RYVMVEYA.tif,ADI
data/NCT-CRC-HE-100K/ADI/ADI-HCWCMGYS.tif,ADI
data/NCT-CRC-HE-100K/ADI/ADI-PWVPMTGW.tif,ADI
data/NCT-CRC-HE-100K/ADI/ADI-RMYLFYKY.tif,ADI
data/NCT-CRC-HE-100K/ADI/ADI-EMWVWQLQ.tif,ADI
data/NCT-CRC-HE-100K/ADI/ADI-INAYDTIE.tif,ADI
data/NCT-CRC-HE-100K/ADI/ADI-DKEHKHSW.tif,ADI
data/NCT-CRC-HE-100K/ADI/ADI-CTWYGEFR.tif,ADI
data/NCT-CRC-HE-100K/ADI/ADI-KCDRYMGS.tif,ADI
data/NCT-CRC-HE-100K/ADI/ADI-NLIIPIDF.tif,ADI
data/NCT-CRC-HE-100K/ADI/ADI-QPRQNCVP.tif,ADI
data/NCT-CRC-HE-100K/ADI/ADI-DLHKQKKN.tif,ADI
data/NCT-CRC-HE-100K/ADI/ADI-KNPPRLDD.tif,ADI
data/NCT-CRC-HE-100K/ADI/ADI-MMYDVNMC.tif,ADI
data/NCT-CRC-HE-100K/ADI/ADI-IRGWMPFK.tif,ADI
data/NCT-CRC-HE-100K/ADI/ADI-RSLDKCDK.tif,ADI
data/NCT-CRC-HE-100K/ADI/ADI-FYPNFCWM.tif,ADI
data/NCT-CRC-HE-100K/ADI/ADI-QLCARNSG.tif,ADI
data/NCT-CRC-HE-100K/ADI/ADI-NNVRMTRC.tif,ADI
data/NCT-CRC-HE-100K/ADI/ADI-MSDISETF.tif,ADI
data/NCT-CRC-HE-100K/ADI/ADI-PQHPWWTS.tif,ADI
data/NCT-CRC-HE-100K/ADI/ADI-HHLRTQIN.tif,ADI
data/NCT-CRC-HE-100K/ADI/ADI-CNKDHDWI.tif,ADI
data/NCT-CRC-HE-100K/ADI/ADI-QIDIHIPL.tif,ADI
data/NCT-CRC-HE-100K/ADI/ADI-AISEEDTG.tif,ADI
data/NCT-CRC-HE-100K/ADI/ADI-DGSLCSWA.tif,ADI
data/NCT-CRC-HE-100K/ADI/ADI-LRRHNFRF.tif,ADI
data/NCT-CRC-HE-100K/ADI/ADI-SELLFQGS.tif,ADI
data/NCT-CRC-HE-100K/ADI/ADI-AANSPQPL.tif,ADI
data/NCT-CRC-HE-100K/ADI/ADI-RTDIFRED.tif,ADI
data/NCT-CRC-HE-100K/ADI/ADI-NYWEIPHL.tif,ADI
data/NCT-CRC-HE-100K/ADI/ADI-KDMMEAPG.tif,ADI
data/NCT-CRC-HE-100K/ADI/ADI-GYDECTIV.tif,ADI
data/NCT-CRC-HE-100K/ADI/ADI-IWPCMQFV.tif,ADI
data/NCT-CRC-HE-100K/ADI/ADI-CNPCPERI.tif,ADI
data/NCT-CRC-HE-100K/ADI/ADI-FPHAEHQD.tif,ADI
data/NCT-CRC-HE-100K/ADI/ADI-QTHKMYMP.tif,ADI
data/NCT-CRC-HE-100K/ADI/ADI-GKMHDSLV.tif,ADI
data/NCT-CRC-HE-100K/ADI/ADI-GTKASWSQ.tif,ADI
data/NCT-CRC-HE-100K/ADI/ADI-ELEGLTIV.tif,ADI
data/NCT-CRC-HE-100K/ADI/ADI-QFGCAVMS.tif,ADI
data/NCT-CRC-HE-100K/ADI/ADI-MWCRKSSE.tif,ADI
data/NCT-CRC-HE-100K/ADI/ADI-DFTPWDRP.tif,ADI
data/NCT-CRC-HE-100K/ADI/ADI-DAGNEHAW.tif,ADI
data/NCT-CRC-HE-100K/ADI/ADI-ITGLLWIP.tif,ADI
data/NCT-CRC-HE-100K/ADI/ADI-PHSDVPWI.tif,ADI
data/NCT-CRC-HE-100K/ADI/ADI-NVSHLQAT.tif,ADI
data/NCT-CRC-HE-100K/ADI/ADI-DQVRWGQS.tif,ADI
data/NCT-CRC-HE-100K/ADI/ADI-IHPSTYIV.tif,ADI
data/NCT-CRC-HE-100K/ADI/ADI-QKHHRQCP.tif,ADI
data/NCT-CRC-HE-100K/ADI/ADI-ICKVDKEQ.tif,ADI
data/NCT-CRC-HE-100K/ADI/ADI-EAQVDIMK.tif,ADI
data/NCT-CRC-HE-100K/ADI/ADI-QHLILQYE.tif,ADI
data/NCT-CRC-HE-100K/ADI/ADI-KDHLNVAV.tif,ADI
data/NCT-CRC-HE-100K/ADI/ADI-QDPATHTV.tif,ADI
data/NCT-CRC-HE-100K/ADI/ADI-FYCLCRTI.tif,ADI
data/NCT-CRC-HE-100K/ADI/ADI-RNPRKVWI.tif,ADI
data/NCT-CRC-HE-100K/ADI/ADI-QHIPHGGH.tif,ADI
data/NCT-CRC-HE-100K/ADI/ADI-RFYFVHQW.tif,ADI
data/NCT-CRC-HE-100K/ADI/ADI-HYNCPISA.tif,ADI
data/NCT-CRC-HE-100K/ADI/ADI-MTGLQGSN.tif,ADI
data/NCT-CRC-HE-100K/ADI/ADI-DGCTEKQT.tif,ADI
data/NCT-CRC-HE-100K/ADI/ADI-RKTAGLMN.tif,ADI
data/NCT-CRC-HE-100K/ADI/ADI-LHRERTMI.tif,ADI
data/NCT-CRC-HE-100K/ADI/ADI-IRREEVSM.tif,ADI
data/NCT-CRC-HE-100K/ADI/ADI-RACQGWYR.tif,ADI
data/NCT-CRC-HE-100K/ADI/ADI-GWHLTCVA.tif,ADI
data/NCT-CRC-HE-100K/ADI/ADI-ICCVMYYY.tif,ADI
data/NCT-CRC-HE-100K/ADI/ADI-FLPDKLWY.tif,ADI
data/NCT-CRC-HE-100K/ADI/ADI-FNRAKWKL.tif,ADI
data/NCT-CRC-HE-100K/ADI/ADI-FMSKSQDY.tif,ADI
data/NCT-CRC-HE-100K/ADI/ADI-AVKMQEIS.tif,ADI
data/NCT-CRC-HE-100K/ADI/ADI-RTQDICEI.tif,ADI
data/NCT-CRC-HE-100K/ADI/ADI-HHFCCNKL.tif,ADI
data/NCT-CRC-HE-100K/ADI/ADI-NNNEETWE.tif,ADI
data/NCT-CRC-HE-100K/ADI/ADI-CRIFMDDF.tif,ADI
data/NCT-CRC-HE-100K/ADI/ADI-DFEMPIKD.tif,ADI
data/NCT-CRC-HE-100K/ADI/ADI-EDSFIMAT.tif,ADI
data/NCT-CRC-HE-100K/ADI/ADI-EPNTGEWK.tif,ADI
data/NCT-CRC-HE-100K/ADI/ADI-AYYEIKCH.tif,ADI
data/NCT-CRC-HE-100K/ADI/ADI-DADYNTDW.tif,ADI
data/NCT-CRC-HE-100K/ADI/ADI-QDVFRIRG.tif,ADI
data/NCT-CRC-HE-100K/ADI/ADI-LMEKDRKG.tif,ADI
data/NCT-CRC-HE-100K/ADI/ADI-PRSRHTVF.tif,ADI
data/NCT-CRC-HE-100K/ADI/ADI-HQSNQQTN.tif,ADI
data/NCT-CRC-HE-100K/ADI/ADI-PQNWCTHH.tif,ADI
data/NCT-CRC-HE-100K/ADI/ADI-GSDLMPEQ.tif,ADI
data/NCT-CRC-HE-100K/ADI/ADI-GGGKEQWR.tif,ADI
data/NCT-CRC-HE-100K/ADI/ADI-RGVFDFNS.tif,ADI
data/NCT-CRC-HE-100K/ADI/ADI-MFEMLWHL.tif,ADI
data/NCT-CRC-HE-100K/ADI/ADI-RCQTVAII.tif,ADI
data/NCT-CRC-HE-100K/ADI/ADI-HQNYHYSY.tif,ADI
data/NCT-CRC-HE-100K/ADI/ADI-MYGYDPVQ.tif,ADI
data/NCT-CRC-HE-100K/ADI/ADI-NYKNFCVM.tif,ADI
data/NCT-CRC-HE-100K/ADI/ADI-KQLVFHNH.tif,ADI
data/NCT-CRC-HE-100K/ADI/ADI-DAVNECEC.tif,ADI
data/NCT-CRC-HE-100K/ADI/ADI-IWEPHGPM.tif,ADI
data/NCT-CRC-HE-100K/ADI/ADI-DTVQFTTE.tif,ADI
data/NCT-CRC-HE-100K/ADI/ADI-NTMNDDTG.tif,ADI
data/NCT-CRC-HE-100K/ADI/ADI-RFPRRETK.tif,ADI
data/NCT-CRC-HE-100K/ADI/ADI-SHDKYVQC.tif,ADI
data/NCT-CRC-HE-100K/ADI/ADI-KEMNSQQG.tif,ADI
data/NCT-CRC-HE-100K/ADI/ADI-FPDHVCAC.tif,ADI
data/NCT-CRC-HE-100K/ADI/ADI-GWRTHYQE.tif,ADI
data/NCT-CRC-HE-100K/ADI/ADI-AKWFDGIV.tif,ADI
data/NCT-CRC-HE-100K/ADI/ADI-HNRLRTDG.tif,ADI
data/NCT-CRC-HE-100K/ADI/ADI-DVQVVMPL.tif,ADI
data/NCT-CRC-HE-100K/ADI/ADI-GITIPWVY.tif,ADI
data/NCT-CRC-HE-100K/ADI/ADI-LAKSIYMI.tif,ADI
data/NCT-CRC-HE-100K/ADI/ADI-FELMFYRL.tif,ADI
data/NCT-CRC-HE-100K/ADI/ADI-KDGEGGNL.tif,ADI
data/NCT-CRC-HE-100K/ADI/ADI-MIFHCWPP.tif,ADI
data/NCT-CRC-HE-100K/ADI/ADI-CNHVGDTV.tif,ADI
data/NCT-CRC-HE-100K/ADI/ADI-DLGTPFEA.tif,ADI
data/NCT-CRC-HE-100K/ADI/ADI-EMQRNEKD.tif,ADI
data/NCT-CRC-HE-100K/ADI/ADI-GHWRVLEI.tif,ADI
data/NCT-CRC-HE-100K/ADI/ADI-CEHNLTFY.tif,ADI
data/NCT-CRC-HE-100K/ADI/ADI-QYLHIMLE.tif,ADI
data/NCT-CRC-HE-100K/ADI/ADI-SITEKMPV.tif,ADI
data/NCT-CRC-HE-100K/ADI/ADI-PYTKMHMA.tif,ADI
data/NCT-CRC-HE-100K/ADI/ADI-RNDDEECQ.tif,ADI
data/NCT-CRC-HE-100K/ADI/ADI-CTYTRSGL.tif,ADI
data/NCT-CRC-HE-100K/ADI/ADI-AQYGEWLR.tif,ADI
data/NCT-CRC-HE-100K/ADI/ADI-EAPPRAPL.tif,ADI
data/NCT-CRC-HE-100K/ADI/ADI-SKHQSCRS.tif,ADI
data/NCT-CRC-HE-100K/ADI/ADI-FNLMQTLA.tif,ADI
data/NCT-CRC-HE-100K/ADI/ADI-RQDKKIAE.tif,ADI
data/NCT-CRC-HE-100K/ADI/ADI-RAECEGGV.tif,ADI
data/NCT-CRC-HE-100K/ADI/ADI-DWPKSTML.tif,ADI
data/NCT-CRC-HE-100K/ADI/ADI-LMECVDLV.tif,ADI
data/NCT-CRC-HE-100K/ADI/ADI-DGAWASQA.tif,ADI
data/NCT-CRC-HE-100K/ADI/ADI-KYPMCRKE.tif,ADI
data/NCT-CRC-HE-100K/ADI/ADI-DVGLRPPM.tif,ADI
data/NCT-CRC-HE-100K/ADI/ADI-AWYESMTW.tif,ADI
data/NCT-CRC-HE-100K/ADI/ADI-RPSQHYGR.tif,ADI
data/NCT-CRC-HE-100K/ADI/ADI-ANNIHSKC.tif,ADI
data/NCT-CRC-HE-100K/ADI/ADI-FRDAWTNH.tif,ADI
data/NCT-CRC-HE-100K/ADI/ADI-FMEGQNRF.tif,ADI
data/NCT-CRC-HE-100K/ADI/ADI-EAHPEFPN.tif,ADI
data/NCT-CRC-HE-100K/ADI/ADI-NPYMKEHI.tif,ADI
data/NCT-CRC-HE-100K/ADI/ADI-GEAYIQFH.tif,ADI
data/NCT-CRC-HE-100K/ADI/ADI-CMSDADRD.tif,ADI
data/NCT-CRC-HE-100K/ADI/ADI-APGSHHAA.tif,ADI
data/NCT-CRC-HE-100K/ADI/ADI-QFYYPQFN.tif,ADI
data/NCT-CRC-HE-100K/ADI/ADI-MHYPNCYD.tif,ADI
data/NCT-CRC-HE-100K/ADI/ADI-SCFQKMGC.tif,ADI
data/NCT-CRC-HE-100K/ADI/ADI-DLQMGHRG.tif,ADI
data/NCT-CRC-HE-100K/ADI/ADI-HHDIPNDS.tif,ADI
data/NCT-CRC-HE-100K/ADI/ADI-CRWMGLVG.tif,ADI
data/NCT-CRC-HE-100K/ADI/ADI-GIWTERGK.tif,ADI
data/NCT-CRC-HE-100K/ADI/ADI-CTAWIPKA.tif,ADI
data/NCT-CRC-HE-100K/ADI/ADI-IHIFRPNI.tif,ADI
data/NCT-CRC-HE-100K/ADI/ADI-KMAMGAID.tif,ADI
data/NCT-CRC-HE-100K/ADI/ADI-MNYYHLMA.tif,ADI
data/NCT-CRC-HE-100K/ADI/ADI-FKAMHCIF.tif,ADI
data/NCT-CRC-HE-100K/ADI/ADI-PFSSVSWG.tif,ADI
data/NCT-CRC-HE-100K/ADI/ADI-NIKSFKGQ.tif,ADI
data/NCT-CRC-HE-100K/ADI/ADI-CAGAGVNI.tif,ADI
data/NCT-CRC-HE-100K/ADI/ADI-RKVYGDRT.tif,ADI
data/NCT-CRC-HE-100K/ADI/ADI-DLLDILDM.tif,ADI
data/NCT-CRC-HE-100K/ADI/ADI-FTVWHHVK.tif,ADI
data/NCT-CRC-HE-100K/ADI/ADI-HHGSMSYV.tif,ADI
data/NCT-CRC-HE-100K/ADI/ADI-KQYFRQQC.tif,ADI
data/NCT-CRC-HE-100K/ADI/ADI-NKNNHQYL.tif,ADI
data/NCT-CRC-HE-100K/ADI/ADI-QVGSWKEG.tif,ADI
data/NCT-CRC-HE-100K/ADI/ADI-FDSDGHCL.tif,ADI
data/NCT-CRC-HE-100K/ADI/ADI-FYERKNLR.tif,ADI
data/NCT-CRC-HE-100K/ADI/ADI-CLIVPHIV.tif,ADI
data/NCT-CRC-HE-100K/ADI/ADI-EVFCKGAY.tif,ADI
data/NCT-CRC-HE-100K/ADI/ADI-EYADTWTT.tif,ADI
data/NCT-CRC-HE-100K/ADI/ADI-KHQTVLDL.tif,ADI
data/NCT-CRC-HE-100K/ADI/ADI-PVGLENTP.tif,ADI
data/NCT-CRC-HE-100K/ADI/ADI-HCWSCQYR.tif,ADI
data/NCT-CRC-HE-100K/ADI/ADI-DVQYCGRM.tif,ADI
data/NCT-CRC-HE-100K/ADI/ADI-RKYDHPAY.tif,ADI
data/NCT-CRC-HE-100K/ADI/ADI-MRVFNHPG.tif,ADI
data/NCT-CRC-HE-100K/ADI/ADI-FGMKANTD.tif,ADI
data/NCT-CRC-HE-100K/ADI/ADI-AIGLAVMG.tif,ADI
data/NCT-CRC-HE-100K/ADI/ADI-NLDWLEMS.tif,ADI
data/NCT-CRC-HE-100K/ADI/ADI-LYPGMMWV.tif,ADI
data/NCT-CRC-HE-100K/ADI/ADI-QVADLTDR.tif,ADI
data/NCT-CRC-HE-100K/ADI/ADI-PIDDTLLI.tif,ADI
data/NCT-CRC-HE-100K/ADI/ADI-INRTPIRK.tif,ADI
data/NCT-CRC-HE-100K/ADI/ADI-KQKMAWKK.tif,ADI
data/NCT-CRC-HE-100K/ADI/ADI-LKVSTKYE.tif,ADI
data/NCT-CRC-HE-100K/ADI/ADI-HCYTSRYF.tif,ADI
data/NCT-CRC-HE-100K/ADI/ADI-ERMQHLQL.tif,ADI
data/NCT-CRC-HE-100K/ADI/ADI-QQHNIPCS.tif,ADI
data/NCT-CRC-HE-100K/ADI/ADI-AHRVMFEI.tif,ADI
data/NCT-CRC-HE-100K/ADI/ADI-NEISVILK.tif,ADI
data/NCT-CRC-HE-100K/ADI/ADI-CYHSHPFY.tif,ADI
data/NCT-CRC-HE-100K/ADI/ADI-KEQREVNM.tif,ADI
data/NCT-CRC-HE-100K/ADI/ADI-CEQQNFQC.tif,ADI
data/NCT-CRC-HE-100K/ADI/ADI-QGCTWKTL.tif,ADI
data/NCT-CRC-HE-100K/ADI/ADI-HTKSQLMD.tif,ADI
data/NCT-CRC-HE-100K/ADI/ADI-EGEQQGWP.tif,ADI
data/NCT-CRC-HE-100K/ADI/ADI-GVIICKIF.tif,ADI
data/NCT-CRC-HE-100K/ADI/ADI-NRGTQLRC.tif,ADI
data/NCT-CRC-HE-100K/ADI/ADI-KMTYWDDA.tif,ADI
data/NCT-CRC-HE-100K/ADI/ADI-RSCCPPCG.tif,ADI
data/NCT-CRC-HE-100K/ADI/ADI-HYPPMAME.tif,ADI
data/NCT-CRC-HE-100K/ADI/ADI-KRFRKPIM.tif,ADI
data/NCT-CRC-HE-100K/ADI/ADI-RHCDAQPR.tif,ADI
data/NCT-CRC-HE-100K/ADI/ADI-SINIYHFI.tif,ADI
data/NCT-CRC-HE-100K/ADI/ADI-SCKIWFGE.tif,ADI
data/NCT-CRC-HE-100K/ADI/ADI-EEVSPTGT.tif,ADI
data/NCT-CRC-HE-100K/ADI/ADI-INEDKFER.tif,ADI
data/NCT-CRC-HE-100K/ADI/ADI-LKQFMPMH.tif,ADI
data/NCT-CRC-HE-100K/ADI/ADI-MCMTIKFE.tif,ADI
data/NCT-CRC-HE-100K/ADI/ADI-DAHLYFAE.tif,ADI
data/NCT-CRC-HE-100K/ADI/ADI-AAVCLGTW.tif,ADI
data/NCT-CRC-HE-100K/ADI/ADI-RIVYKSPF.tif,ADI
data/NCT-CRC-HE-100K/ADI/ADI-FPYPLNPR.tif,ADI
data/NCT-CRC-HE-100K/ADI/ADI-KDVREENE.tif,ADI
data/NCT-CRC-HE-100K/ADI/ADI-EWACSCFR.tif,ADI
data/NCT-CRC-HE-100K/ADI/ADI-GTVDNWWH.tif,ADI
data/NCT-CRC-HE-100K/ADI/ADI-GLCCIPGL.tif,ADI
data/NCT-CRC-HE-100K/ADI/ADI-MWEAAHPC.tif,ADI
data/NCT-CRC-HE-100K/ADI/ADI-LEMHPKFV.tif,ADI
data/NCT-CRC-HE-100K/ADI/ADI-QTNSAMQA.tif,ADI
data/NCT-CRC-HE-100K/ADI/ADI-ATKWDLGG.tif,ADI
data/NCT-CRC-HE-100K/ADI/ADI-LTDGFMHD.tif,ADI
data/NCT-CRC-HE-100K/ADI/ADI-QTHFLYEG.tif,ADI
data/NCT-CRC-HE-100K/ADI/ADI-MEPDSRVM.tif,ADI
data/NCT-CRC-HE-100K/ADI/ADI-CFFSSMTQ.tif,ADI
data/NCT-CRC-HE-100K/ADI/ADI-FAYMNYIY.tif,ADI
data/NCT-CRC-HE-100K/ADI/ADI-MTNRHEAS.tif,ADI
data/NCT-CRC-HE-100K/ADI/ADI-CPFKNVVE.tif,ADI
data/NCT-CRC-HE-100K/ADI/ADI-HGSSDIHM.tif,ADI
data/NCT-CRC-HE-100K/ADI/ADI-ETVVNCAM.tif,ADI
data/NCT-CRC-HE-100K/ADI/ADI-MVGTNDSM.tif,ADI
data/NCT-CRC-HE-100K/ADI/ADI-PTIIQRIV.tif,ADI
data/NCT-CRC-HE-100K/ADI/ADI-NTVPPCPR.tif,ADI
data/NCT-CRC-HE-100K/ADI/ADI-QQQFLRRQ.tif,ADI
data/NCT-CRC-HE-100K/ADI/ADI-RPACVYMV.tif,ADI
data/NCT-CRC-HE-100K/ADI/ADI-AACCGLYD.tif,ADI
data/NCT-CRC-HE-100K/ADI/ADI-CAAPCNAT.tif,ADI
data/NCT-CRC-HE-100K/ADI/ADI-PAKAHIAR.tif,ADI
data/NCT-CRC-HE-100K/ADI/ADI-IWYYHNKH.tif,ADI
data/NCT-CRC-HE-100K/ADI/ADI-IPEHLWSR.tif,ADI
data/NCT-CRC-HE-100K/ADI/ADI-NIIKTPWR.tif,ADI
data/NCT-CRC-HE-100K/ADI/ADI-CGPVLCEQ.tif,ADI
data/NCT-CRC-HE-100K/ADI/ADI-MCVTNPFD.tif,ADI
data/NCT-CRC-HE-100K/ADI/ADI-FNGMFIRV.tif,ADI
data/NCT-CRC-HE-100K/ADI/ADI-QICNCYNL.tif,ADI
data/NCT-CRC-HE-100K/ADI/ADI-SIENMIAL.tif,ADI
data/NCT-CRC-HE-100K/ADI/ADI-DCICDYFS.tif,ADI
data/NCT-CRC-HE-100K/ADI/ADI-EDWEQWTQ.tif,ADI
data/NCT-CRC-HE-100K/ADI/ADI-AKCWMWEC.tif,ADI
data/NCT-CRC-HE-100K/ADI/ADI-LSWWWFHA.tif,ADI
data/NCT-CRC-HE-100K/ADI/ADI-MEFYPPAQ.tif,ADI
data/NCT-CRC-HE-100K/ADI/ADI-ACTTSHRC.tif,ADI
data/NCT-CRC-HE-100K/ADI/ADI-GFINNTYG.tif,ADI
data/NCT-CRC-HE-100K/ADI/ADI-AITGHLTM.tif,ADI
data/NCT-CRC-HE-100K/ADI/ADI-ACIWAAQD.tif,ADI
data/NCT-CRC-HE-100K/ADI/ADI-PTSGNDGI.tif,ADI
data/NCT-CRC-HE-100K/ADI/ADI-RTEFNKNC.tif,ADI
data/NCT-CRC-HE-100K/ADI/ADI-DIQQVKTE.tif,ADI
data/NCT-CRC-HE-100K/ADI/ADI-FPDRYKAQ.tif,ADI
data/NCT-CRC-HE-100K/ADI/ADI-DWKILWRP.tif,ADI
data/NCT-CRC-HE-100K/ADI/ADI-RRFLYISG.tif,ADI
data/NCT-CRC-HE-100K/ADI/ADI-FTHMTGPE.tif,ADI
data/NCT-CRC-HE-100K/ADI/ADI-IIFSADFE.tif,ADI
data/NCT-CRC-HE-100K/ADI/ADI-HTASTNVH.tif,ADI
data/NCT-CRC-HE-100K/ADI/ADI-FKYESGYQ.tif,ADI
data/NCT-CRC-HE-100K/ADI/ADI-DLDFPCPY.tif,ADI
data/NCT-CRC-HE-100K/ADI/ADI-NNFIDINR.tif,ADI
data/NCT-CRC-HE-100K/ADI/ADI-LPYNLWTP.tif,ADI
data/NCT-CRC-HE-100K/ADI/ADI-SFWTHNMW.tif,ADI
data/NCT-CRC-HE-100K/ADI/ADI-DAPEFGMA.tif,ADI
data/NCT-CRC-HE-100K/ADI/ADI-ANQNNQNI.tif,ADI
data/NCT-CRC-HE-100K/ADI/ADI-HQIWMVFS.tif,ADI
data/NCT-CRC-HE-100K/ADI/ADI-NASCDNTV.tif,ADI
data/NCT-CRC-HE-100K/ADI/ADI-DVEHPFQL.tif,ADI
data/NCT-CRC-HE-100K/ADI/ADI-HFPDVNFY.tif,ADI
data/NCT-CRC-HE-100K/ADI/ADI-EFKMQMLK.tif,ADI
data/NCT-CRC-HE-100K/ADI/ADI-PQCSVDGR.tif,ADI
data/NCT-CRC-HE-100K/ADI/ADI-KKQFSHHI.tif,ADI
data/NCT-CRC-HE-100K/ADI/ADI-DTTCILDY.tif,ADI
data/NCT-CRC-HE-100K/ADI/ADI-ESDTVDNG.tif,ADI
data/NCT-CRC-HE-100K/ADI/ADI-HSFSLLVI.tif,ADI
data/NCT-CRC-HE-100K/ADI/ADI-ALWQQIRF.tif,ADI
data/NCT-CRC-HE-100K/ADI/ADI-CCYKFPFV.tif,ADI
data/NCT-CRC-HE-100K/ADI/ADI-CCAVCGRH.tif,ADI
data/NCT-CRC-HE-100K/ADI/ADI-GAHQIVKR.tif,ADI
data/NCT-CRC-HE-100K/ADI/ADI-HHCFTKWE.tif,ADI
data/NCT-CRC-HE-100K/ADI/ADI-QNVDVWLY.tif,ADI
data/NCT-CRC-HE-100K/ADI/ADI-IQKVDKPF.tif,ADI
data/NCT-CRC-HE-100K/ADI/ADI-KWCTNKGF.tif,ADI
data/NCT-CRC-HE-100K/ADI/ADI-CCTYQTAN.tif,ADI
data/NCT-CRC-HE-100K/ADI/ADI-RQTFYQAP.tif,ADI
data/NCT-CRC-HE-100K/ADI/ADI-PAINPSCV.tif,ADI
data/NCT-CRC-HE-100K/ADI/ADI-NERIRPPH.tif,ADI
data/NCT-CRC-HE-100K/ADI/ADI-MNPRKTCD.tif,ADI
data/NCT-CRC-HE-100K/ADI/ADI-LANMWISM.tif,ADI
data/NCT-CRC-HE-100K/ADI/ADI-QCKLETRH.tif,ADI
data/NCT-CRC-HE-100K/ADI/ADI-FIFESCEN.tif,ADI
data/NCT-CRC-HE-100K/ADI/ADI-GCKILLEN.tif,ADI
data/NCT-CRC-HE-100K/ADI/ADI-LCYRYEYQ.tif,ADI
data/NCT-CRC-HE-100K/ADI/ADI-RFPTKTAS.tif,ADI
data/NCT-CRC-HE-100K/ADI/ADI-ICKGAAAS.tif,ADI
data/NCT-CRC-HE-100K/ADI/ADI-AFWDDPHV.tif,ADI
data/NCT-CRC-HE-100K/ADI/ADI-EHSNMYMA.tif,ADI
data/NCT-CRC-HE-100K/ADI/ADI-EQHFPANP.tif,ADI
data/NCT-CRC-HE-100K/ADI/ADI-HNWMMQFH.tif,ADI
data/NCT-CRC-HE-100K/ADI/ADI-KDNMPPWT.tif,ADI
data/NCT-CRC-HE-100K/ADI/ADI-KFDFVTLL.tif,ADI
data/NCT-CRC-HE-100K/ADI/ADI-KWFCKGVP.tif,ADI
data/NCT-CRC-HE-100K/ADI/ADI-DGYNVDGG.tif,ADI
data/NCT-CRC-HE-100K/ADI/ADI-KFMEEDKK.tif,ADI
data/NCT-CRC-HE-100K/ADI/ADI-SCFETWRR.tif,ADI
data/NCT-CRC-HE-100K/ADI/ADI-AWQHFYQV.tif,ADI
data/NCT-CRC-HE-100K/ADI/ADI-CCKFAVTN.tif,ADI
data/NCT-CRC-HE-100K/ADI/ADI-HNESGKLS.tif,ADI
data/NCT-CRC-HE-100K/ADI/ADI-FADLMLRR.tif,ADI
data/NCT-CRC-HE-100K/ADI/ADI-EPMTWPGR.tif,ADI
data/NCT-CRC-HE-100K/ADI/ADI-REFQNMLR.tif,ADI
data/NCT-CRC-HE-100K/ADI/ADI-IASHVKWK.tif,ADI
data/NCT-CRC-HE-100K/ADI/ADI-KSARKGEC.tif,ADI
data/NCT-CRC-HE-100K/ADI/ADI-LPDHACGS.tif,ADI
data/NCT-CRC-HE-100K/ADI/ADI-QIAMYPSY.tif,ADI
data/NCT-CRC-HE-100K/ADI/ADI-EDLHNESS.tif,ADI
data/NCT-CRC-HE-100K/ADI/ADI-IDFGKLMD.tif,ADI
data/NCT-CRC-HE-100K/ADI/ADI-DTQAGTVY.tif,ADI
data/NCT-CRC-HE-100K/ADI/ADI-NPIIKMQI.tif,ADI
data/NCT-CRC-HE-100K/ADI/ADI-GVASHMEY.tif,ADI
data/NCT-CRC-HE-100K/ADI/ADI-CFWDKNGM.tif,ADI
data/NCT-CRC-HE-100K/ADI/ADI-IMDEPGVA.tif,ADI
data/NCT-CRC-HE-100K/ADI/ADI-FIRKIMHA.tif,ADI
data/NCT-CRC-HE-100K/ADI/ADI-PRCSCTDQ.tif,ADI
data/NCT-CRC-HE-100K/ADI/ADI-CSHSDEPG.tif,ADI
data/NCT-CRC-HE-100K/ADI/ADI-IIICRRWC.tif,ADI
data/NCT-CRC-HE-100K/ADI/ADI-LTPANCCD.tif,ADI
data/NCT-CRC-HE-100K/ADI/ADI-KAGKRPSS.tif,ADI
data/NCT-CRC-HE-100K/ADI/ADI-IGMICQWC.tif,ADI
data/NCT-CRC-HE-100K/ADI/ADI-MCSEVDKN.tif,ADI
data/NCT-CRC-HE-100K/ADI/ADI-DQRGFPDC.tif,ADI
data/NCT-CRC-HE-100K/ADI/ADI-DKKWKLEG.tif,ADI
data/NCT-CRC-HE-100K/ADI/ADI-QQLGNIDE.tif,ADI
data/NCT-CRC-HE-100K/ADI/ADI-NQYKACPL.tif,ADI
data/NCT-CRC-HE-100K/ADI/ADI-NMGHKWNV.tif,ADI
data/NCT-CRC-HE-100K/ADI/ADI-KEYWHRMT.tif,ADI
data/NCT-CRC-HE-100K/ADI/ADI-KIGISYLE.tif,ADI
data/NCT-CRC-HE-100K/ADI/ADI-EANQTYHV.tif,ADI
data/NCT-CRC-HE-100K/ADI/ADI-NPWHHHWL.tif,ADI
data/NCT-CRC-HE-100K/ADI/ADI-DVFRMPRH.tif,ADI
data/NCT-CRC-HE-100K/ADI/ADI-PCVQRGEE.tif,ADI
data/NCT-CRC-HE-100K/ADI/ADI-MIHWEKHK.tif,ADI
data/NCT-CRC-HE-100K/ADI/ADI-AYNLSEMR.tif,ADI
data/NCT-CRC-HE-100K/ADI/ADI-IHYAFMQQ.tif,ADI
data/NCT-CRC-HE-100K/ADI/ADI-KEFSWTKD.tif,ADI
data/NCT-CRC-HE-100K/ADI/ADI-ESVYNFTL.tif,ADI
data/NCT-CRC-HE-100K/ADI/ADI-FCIGIFIP.tif,ADI
data/NCT-CRC-HE-100K/ADI/ADI-SFLYFLRA.tif,ADI
data/NCT-CRC-HE-100K/ADI/ADI-QRVPQGMP.tif,ADI
data/NCT-CRC-HE-100K/ADI/ADI-DDSLAVWW.tif,ADI
data/NCT-CRC-HE-100K/ADI/ADI-CQCTACMA.tif,ADI
data/NCT-CRC-HE-100K/ADI/ADI-DCQTLYSQ.tif,ADI
data/NCT-CRC-HE-100K/ADI/ADI-FTCCANIV.tif,ADI
data/NCT-CRC-HE-100K/ADI/ADI-GKDRDTEG.tif,ADI
data/NCT-CRC-HE-100K/ADI/ADI-CMSFCFNF.tif,ADI
data/NCT-CRC-HE-100K/ADI/ADI-LHNWWRVG.tif,ADI
data/NCT-CRC-HE-100K/ADI/ADI-AFFGHLRC.tif,ADI
data/NCT-CRC-HE-100K/ADI/ADI-DISHTIYR.tif,ADI
data/NCT-CRC-HE-100K/ADI/ADI-LNNWEDLT.tif,ADI
data/NCT-CRC-HE-100K/ADI/ADI-QMTFQNCF.tif,ADI
data/NCT-CRC-HE-100K/ADI/ADI-PPHDAHWW.tif,ADI
data/NCT-CRC-HE-100K/ADI/ADI-IAWEDQVM.tif,ADI
data/NCT-CRC-HE-100K/ADI/ADI-MWLNTHHN.tif,ADI
data/NCT-CRC-HE-100K/ADI/ADI-NVLKPLYG.tif,ADI
data/NCT-CRC-HE-100K/ADI/ADI-REVNANKN.tif,ADI
data/NCT-CRC-HE-100K/ADI/ADI-GHFSAFWR.tif,ADI
data/NCT-CRC-HE-100K/ADI/ADI-MHACNECW.tif,ADI
data/NCT-CRC-HE-100K/ADI/ADI-DCKCLTFA.tif,ADI
data/NCT-CRC-HE-100K/ADI/ADI-KWPHWHTN.tif,ADI
data/NCT-CRC-HE-100K/ADI/ADI-GIQTQDPF.tif,ADI
data/NCT-CRC-HE-100K/ADI/ADI-HHPFCGVS.tif,ADI
data/NCT-CRC-HE-100K/ADI/ADI-RFADQEPK.tif,ADI
data/NCT-CRC-HE-100K/ADI/ADI-FCKAALWI.tif,ADI
data/NCT-CRC-HE-100K/ADI/ADI-MLNEPMWY.tif,ADI
data/NCT-CRC-HE-100K/ADI/ADI-FPQVQDWT.tif,ADI
data/NCT-CRC-HE-100K/ADI/ADI-KQVRAMVN.tif,ADI
data/NCT-CRC-HE-100K/ADI/ADI-DTSQCETT.tif,ADI
data/NCT-CRC-HE-100K/ADI/ADI-ARMCSKCV.tif,ADI
data/NCT-CRC-HE-100K/ADI/ADI-PSIQCWFA.tif,ADI
data/NCT-CRC-HE-100K/ADI/ADI-MYSSELML.tif,ADI
data/NCT-CRC-HE-100K/ADI/ADI-FWCQWCTW.tif,ADI
data/NCT-CRC-HE-100K/ADI/ADI-PCQKSTII.tif,ADI
data/NCT-CRC-HE-100K/ADI/ADI-LQSVNAHR.tif,ADI
data/NCT-CRC-HE-100K/ADI/ADI-GCCFDITW.tif,ADI
data/NCT-CRC-HE-100K/ADI/ADI-CCVCGDIP.tif,ADI
data/NCT-CRC-HE-100K/ADI/ADI-GGLVQTAL.tif,ADI
data/NCT-CRC-HE-100K/ADI/ADI-SDLGQPSK.tif,ADI
data/NCT-CRC-HE-100K/ADI/ADI-DNMTGIQC.tif,ADI
data/NCT-CRC-HE-100K/ADI/ADI-FTALRAAA.tif,ADI
data/NCT-CRC-HE-100K/ADI/ADI-NENISFMD.tif,ADI
data/NCT-CRC-HE-100K/ADI/ADI-LEELSYDY.tif,ADI
data/NCT-CRC-HE-100K/ADI/ADI-KSLAQEMN.tif,ADI
data/NCT-CRC-HE-100K/ADI/ADI-QGYHQPKL.tif,ADI
data/NCT-CRC-HE-100K/ADI/ADI-EQLWGTII.tif,ADI
data/NCT-CRC-HE-100K/ADI/ADI-DNQQHCEL.tif,ADI
data/NCT-CRC-HE-100K/ADI/ADI-RKSNNQSS.tif,ADI
data/NCT-CRC-HE-100K/ADI/ADI-NVCSWDHQ.tif,ADI
data/NCT-CRC-HE-100K/ADI/ADI-ENYMIMLM.tif,ADI
data/NCT-CRC-HE-100K/ADI/ADI-QRQLGANY.tif,ADI
data/NCT-CRC-HE-100K/ADI/ADI-LVSLETRC.tif,ADI
data/NCT-CRC-HE-100K/ADI/ADI-MHCMWWMF.tif,ADI
data/NCT-CRC-HE-100K/ADI/ADI-PQGTELCM.tif,ADI
data/NCT-CRC-HE-100K/ADI/ADI-PAWGAQMN.tif,ADI
data/NCT-CRC-HE-100K/ADI/ADI-IVKTQNLR.tif,ADI
data/NCT-CRC-HE-100K/ADI/ADI-PDEFIAES.tif,ADI
data/NCT-CRC-HE-100K/ADI/ADI-PDGPRPRH.tif,ADI
data/NCT-CRC-HE-100K/ADI/ADI-SKHTMGRP.tif,ADI
data/NCT-CRC-HE-100K/ADI/ADI-FWGMFSMF.tif,ADI
data/NCT-CRC-HE-100K/ADI/ADI-QFDHCNTE.tif,ADI
data/NCT-CRC-HE-100K/ADI/ADI-RRWWVWND.tif,ADI
data/NCT-CRC-HE-100K/ADI/ADI-AGIDTAFP.tif,ADI
data/NCT-CRC-HE-100K/ADI/ADI-KGNLRKVY.tif,ADI
data/NCT-CRC-HE-100K/ADI/ADI-ISFMSFKT.tif,ADI
data/NCT-CRC-HE-100K/ADI/ADI-IVEFGSRN.tif,ADI
data/NCT-CRC-HE-100K/ADI/ADI-AWMVLITC.tif,ADI
data/NCT-CRC-HE-100K/ADI/ADI-PSCRCKNM.tif,ADI
data/NCT-CRC-HE-100K/ADI/ADI-ENTQLAMG.tif,ADI
data/NCT-CRC-HE-100K/ADI/ADI-HFSMKVLQ.tif,ADI
data/NCT-CRC-HE-100K/ADI/ADI-RNHSKIAD.tif,ADI
data/NCT-CRC-HE-100K/ADI/ADI-ETAMAWAR.tif,ADI
data/NCT-CRC-HE-100K/ADI/ADI-LEQQVMSY.tif,ADI
data/NCT-CRC-HE-100K/ADI/ADI-REAHAFNL.tif,ADI
data/NCT-CRC-HE-100K/ADI/ADI-IDSVCRNT.tif,ADI
data/NCT-CRC-HE-100K/ADI/ADI-NKPHWEMD.tif,ADI
data/NCT-CRC-HE-100K/ADI/ADI-CQMVTMEH.tif,ADI
data/NCT-CRC-HE-100K/ADI/ADI-DCQAKYSC.tif,ADI
data/NCT-CRC-HE-100K/ADI/ADI-PNHFEYMY.tif,ADI
data/NCT-CRC-HE-100K/ADI/ADI-GLWAELFP.tif,ADI
data/NCT-CRC-HE-100K/ADI/ADI-CAVTKGFV.tif,ADI
data/NCT-CRC-HE-100K/ADI/ADI-IGWRQTPC.tif,ADI
data/NCT-CRC-HE-100K/ADI/ADI-AKIQEKQF.tif,ADI
data/NCT-CRC-HE-100K/ADI/ADI-MWMGWCHP.tif,ADI
data/NCT-CRC-HE-100K/ADI/ADI-KCHLMLLL.tif,ADI
data/NCT-CRC-HE-100K/ADI/ADI-EWLIFWAI.tif,ADI
data/NCT-CRC-HE-100K/ADI/ADI-EPECDRDT.tif,ADI
data/NCT-CRC-HE-100K/ADI/ADI-NFLKEWLC.tif,ADI
data/NCT-CRC-HE-100K/ADI/ADI-LADGPMVG.tif,ADI
data/NCT-CRC-HE-100K/ADI/ADI-PGKGGPWF.tif,ADI
data/NCT-CRC-HE-100K/ADI/ADI-LGDCKRCT.tif,ADI
data/NCT-CRC-HE-100K/ADI/ADI-PVLESCCI.tif,ADI
data/NCT-CRC-HE-100K/ADI/ADI-PFAQIERE.tif,ADI
data/NCT-CRC-HE-100K/ADI/ADI-AVQVYFAA.tif,ADI
data/NCT-CRC-HE-100K/ADI/ADI-DFNFFAEN.tif,ADI
data/NCT-CRC-HE-100K/ADI/ADI-PNWETAEA.tif,ADI
data/NCT-CRC-HE-100K/ADI/ADI-RMGTSWKH.tif,ADI
data/NCT-CRC-HE-100K/ADI/ADI-CWDDPFGP.tif,ADI
data/NCT-CRC-HE-100K/ADI/ADI-MIHDWRSA.tif,ADI
data/NCT-CRC-HE-100K/ADI/ADI-GAMKGHIE.tif,ADI
data/NCT-CRC-HE-100K/ADI/ADI-IATVDFDY.tif,ADI
data/NCT-CRC-HE-100K/ADI/ADI-QALWCGMR.tif,ADI
data/NCT-CRC-HE-100K/ADI/ADI-RLQLSIEG.tif,ADI
data/NCT-CRC-HE-100K/ADI/ADI-MEKLELWW.tif,ADI
data/NCT-CRC-HE-100K/ADI/ADI-NRKWMTAM.tif,ADI
data/NCT-CRC-HE-100K/ADI/ADI-LKVQQEKG.tif,ADI
data/NCT-CRC-HE-100K/ADI/ADI-RQRPEFIG.tif,ADI
data/NCT-CRC-HE-100K/ADI/ADI-RFLFIQLY.tif,ADI
data/NCT-CRC-HE-100K/ADI/ADI-GRGVMKHH.tif,ADI
data/NCT-CRC-HE-100K/ADI/ADI-AMWMDVHN.tif,ADI
data/NCT-CRC-HE-100K/ADI/ADI-AADGNDRG.tif,ADI
data/NCT-CRC-HE-100K/ADI/ADI-FKWATVKN.tif,ADI
data/NCT-CRC-HE-100K/ADI/ADI-IIGVMRDG.tif,ADI
data/NCT-CRC-HE-100K/ADI/ADI-PHFYSPNG.tif,ADI
data/NCT-CRC-HE-100K/ADI/ADI-QVMSWIQI.tif,ADI
data/NCT-CRC-HE-100K/ADI/ADI-HFAFCSRN.tif,ADI
data/NCT-CRC-HE-100K/ADI/ADI-KDHCGIVR.tif,ADI
data/NCT-CRC-HE-100K/ADI/ADI-CQCCDMSP.tif,ADI
data/NCT-CRC-HE-100K/ADI/ADI-NYVPYWRA.tif,ADI
data/NCT-CRC-HE-100K/ADI/ADI-HIMSTYVE.tif,ADI
data/NCT-CRC-HE-100K/ADI/ADI-IILHPPNM.tif,ADI
data/NCT-CRC-HE-100K/ADI/ADI-LWTRCHNH.tif,ADI
data/NCT-CRC-HE-100K/ADI/ADI-LHDKHRGQ.tif,ADI
data/NCT-CRC-HE-100K/ADI/ADI-LGWDNHFS.tif,ADI
data/NCT-CRC-HE-100K/ADI/ADI-FACYSLRD.tif,ADI
data/NCT-CRC-HE-100K/ADI/ADI-ECNTLHKE.tif,ADI
data/NCT-CRC-HE-100K/ADI/ADI-GTNKMPLL.tif,ADI
data/NCT-CRC-HE-100K/ADI/ADI-HYHVEELD.tif,ADI
data/NCT-CRC-HE-100K/ADI/ADI-KDSCMKYN.tif,ADI
data/NCT-CRC-HE-100K/ADI/ADI-CIYTHPAT.tif,ADI
data/NCT-CRC-HE-100K/ADI/ADI-AWSGMTRW.tif,ADI
data/NCT-CRC-HE-100K/ADI/ADI-NRCCMGPV.tif,ADI
data/NCT-CRC-HE-100K/ADI/ADI-MEKPYEEH.tif,ADI
data/NCT-CRC-HE-100K/ADI/ADI-EKEQEFMN.tif,ADI
data/NCT-CRC-HE-100K/ADI/ADI-NWWLTASK.tif,ADI
data/NCT-CRC-HE-100K/ADI/ADI-RNACYCII.tif,ADI
data/NCT-CRC-HE-100K/ADI/ADI-DAQRSDHR.tif,ADI
data/NCT-CRC-HE-100K/ADI/ADI-EQLWHKNK.tif,ADI
data/NCT-CRC-HE-100K/ADI/ADI-KNAYMFFE.tif,ADI
data/NCT-CRC-HE-100K/ADI/ADI-MACRLWKM.tif,ADI
data/NCT-CRC-HE-100K/ADI/ADI-AWKMGVCY.tif,ADI
data/NCT-CRC-HE-100K/ADI/ADI-RTDAGVEC.tif,ADI
data/NCT-CRC-HE-100K/ADI/ADI-NICQEMFV.tif,ADI
data/NCT-CRC-HE-100K/ADI/ADI-LIYPFDNE.tif,ADI
data/NCT-CRC-HE-100K/ADI/ADI-NERRWEDM.tif,ADI
data/NCT-CRC-HE-100K/ADI/ADI-CFKFHFHE.tif,ADI
data/NCT-CRC-HE-100K/ADI/ADI-NKSLCVNM.tif,ADI
data/NCT-CRC-HE-100K/ADI/ADI-AMTSGWVH.tif,ADI
data/NCT-CRC-HE-100K/ADI/ADI-AVDYCRFR.tif,ADI
data/NCT-CRC-HE-100K/ADI/ADI-RLNSAATT.tif,ADI
data/NCT-CRC-HE-100K/ADI/ADI-RYMFSFKI.tif,ADI
data/NCT-CRC-HE-100K/ADI/ADI-EEYWMKGL.tif,ADI
data/NCT-CRC-HE-100K/ADI/ADI-SHALLDQP.tif,ADI
data/NCT-CRC-HE-100K/ADI/ADI-IWDTYSTM.tif,ADI
data/NCT-CRC-HE-100K/ADI/ADI-DPENTGYM.tif,ADI
data/NCT-CRC-HE-100K/ADI/ADI-QIHVKICM.tif,ADI
data/NCT-CRC-HE-100K/ADI/ADI-KKMNQWDE.tif,ADI
data/NCT-CRC-HE-100K/ADI/ADI-FRHGQAWE.tif,ADI
data/NCT-CRC-HE-100K/ADI/ADI-LGQHQAPF.tif,ADI
data/NCT-CRC-HE-100K/ADI/ADI-NWHKWYPW.tif,ADI
data/NCT-CRC-HE-100K/ADI/ADI-DRQMGTWT.tif,ADI
data/NCT-CRC-HE-100K/ADI/ADI-CMILGFHN.tif,ADI
data/NCT-CRC-HE-100K/ADI/ADI-NIKSHLYW.tif,ADI
data/NCT-CRC-HE-100K/ADI/ADI-RVMDGWLL.tif,ADI
data/NCT-CRC-HE-100K/ADI/ADI-SHRVDNPY.tif,ADI
data/NCT-CRC-HE-100K/ADI/ADI-KFHNSPCH.tif,ADI
data/NCT-CRC-HE-100K/ADI/ADI-SCYEVHMV.tif,ADI
data/NCT-CRC-HE-100K/ADI/ADI-IEYYKKWW.tif,ADI
data/NCT-CRC-HE-100K/ADI/ADI-ECMPLRDF.tif,ADI
data/NCT-CRC-HE-100K/ADI/ADI-LKIKIVWL.tif,ADI
data/NCT-CRC-HE-100K/ADI/ADI-IDHWFVGH.tif,ADI
data/NCT-CRC-HE-100K/ADI/ADI-DYLLGLIR.tif,ADI
data/NCT-CRC-HE-100K/ADI/ADI-FNQACCVA.tif,ADI
data/NCT-CRC-HE-100K/ADI/ADI-AYQSEWCQ.tif,ADI
data/NCT-CRC-HE-100K/ADI/ADI-LMPYVYEQ.tif,ADI
data/NCT-CRC-HE-100K/ADI/ADI-MTAVCYMQ.tif,ADI
data/NCT-CRC-HE-100K/ADI/ADI-LAFYWNGC.tif,ADI
data/NCT-CRC-HE-100K/ADI/ADI-NDGPGQNS.tif,ADI
data/NCT-CRC-HE-100K/ADI/ADI-KPYWWSWE.tif,ADI
data/NCT-CRC-HE-100K/ADI/ADI-SHPVWEYY.tif,ADI
data/NCT-CRC-HE-100K/ADI/ADI-CVRRYPCR.tif,ADI
data/NCT-CRC-HE-100K/ADI/ADI-CEAAIHFY.tif,ADI
data/NCT-CRC-HE-100K/ADI/ADI-CAQAFKEQ.tif,ADI
data/NCT-CRC-HE-100K/ADI/ADI-NTHSYSKH.tif,ADI
data/NCT-CRC-HE-100K/ADI/ADI-HFFNCNLR.tif,ADI
data/NCT-CRC-HE-100K/ADI/ADI-AQWVVAHA.tif,ADI
data/NCT-CRC-HE-100K/ADI/ADI-PPSIGSRH.tif,ADI
data/NCT-CRC-HE-100K/ADI/ADI-QVCYDIYN.tif,ADI
data/NCT-CRC-HE-100K/ADI/ADI-QWGDYFVD.tif,ADI
data/NCT-CRC-HE-100K/ADI/ADI-GGMRGDMS.tif,ADI
data/NCT-CRC-HE-100K/ADI/ADI-GPFVATTC.tif,ADI
data/NCT-CRC-HE-100K/ADI/ADI-DGVHPSDG.tif,ADI
data/NCT-CRC-HE-100K/ADI/ADI-SFTNNQCR.tif,ADI
data/NCT-CRC-HE-100K/ADI/ADI-PRKLCFII.tif,ADI
data/NCT-CRC-HE-100K/ADI/ADI-MFRDVKVC.tif,ADI
data/NCT-CRC-HE-100K/ADI/ADI-PHIMSYQG.tif,ADI
data/NCT-CRC-HE-100K/ADI/ADI-IKYAQRFM.tif,ADI
data/NCT-CRC-HE-100K/ADI/ADI-DTAAPYKT.tif,ADI
data/NCT-CRC-HE-100K/ADI/ADI-EMLTCGIP.tif,ADI
data/NCT-CRC-HE-100K/ADI/ADI-MIERYHLC.tif,ADI
data/NCT-CRC-HE-100K/ADI/ADI-QSQAICWM.tif,ADI
data/NCT-CRC-HE-100K/ADI/ADI-MGPFPKAM.tif,ADI
data/NCT-CRC-HE-100K/ADI/ADI-DCLREIGK.tif,ADI
data/NCT-CRC-HE-100K/ADI/ADI-MDEHCAYH.tif,ADI
data/NCT-CRC-HE-100K/ADI/ADI-CNNYIPEA.tif,ADI
data/NCT-CRC-HE-100K/ADI/ADI-DKKKSHLM.tif,ADI
data/NCT-CRC-HE-100K/ADI/ADI-MCVYIRTL.tif,ADI
data/NCT-CRC-HE-100K/ADI/ADI-ETDACLED.tif,ADI
data/NCT-CRC-HE-100K/ADI/ADI-ATEQKPVS.tif,ADI
data/NCT-CRC-HE-100K/ADI/ADI-MVLFATGR.tif,ADI
data/NCT-CRC-HE-100K/ADI/ADI-MLMTLNFT.tif,ADI
data/NCT-CRC-HE-100K/ADI/ADI-MDSWTEED.tif,ADI
data/NCT-CRC-HE-100K/ADI/ADI-ASYMMKMR.tif,ADI
data/NCT-CRC-HE-100K/ADI/ADI-PCIMLQGC.tif,ADI
data/NCT-CRC-HE-100K/ADI/ADI-IWHQQDHL.tif,ADI
data/NCT-CRC-HE-100K/ADI/ADI-HEGRPRQH.tif,ADI
data/NCT-CRC-HE-100K/ADI/ADI-CYELDSYL.tif,ADI
data/NCT-CRC-HE-100K/ADI/ADI-KNACLHTP.tif,ADI
data/NCT-CRC-HE-100K/ADI/ADI-CSEAWPGV.tif,ADI
data/NCT-CRC-HE-100K/ADI/ADI-DYISQVMH.tif,ADI
data/NCT-CRC-HE-100K/ADI/ADI-KRFWARGD.tif,ADI
data/NCT-CRC-HE-100K/ADI/ADI-ASPKVGWV.tif,ADI
data/NCT-CRC-HE-100K/ADI/ADI-KIYFENSW.tif,ADI
data/NCT-CRC-HE-100K/ADI/ADI-KLDPADFC.tif,ADI
data/NCT-CRC-HE-100K/ADI/ADI-FIANRMCN.tif,ADI
data/NCT-CRC-HE-100K/ADI/ADI-AGKILIPF.tif,ADI
data/NCT-CRC-HE-100K/ADI/ADI-GPYHKYMN.tif,ADI
data/NCT-CRC-HE-100K/ADI/ADI-KVNAAEMV.tif,ADI
data/NCT-CRC-HE-100K/ADI/ADI-CSETWMWM.tif,ADI
data/NCT-CRC-HE-100K/ADI/ADI-RKWLLSFI.tif,ADI
data/NCT-CRC-HE-100K/ADI/ADI-ELKLQQHW.tif,ADI
data/NCT-CRC-HE-100K/ADI/ADI-GCKSECRG.tif,ADI
data/NCT-CRC-HE-100K/ADI/ADI-ACSMRCLM.tif,ADI
data/NCT-CRC-HE-100K/ADI/ADI-FYWFMDGH.tif,ADI
data/NCT-CRC-HE-100K/ADI/ADI-EADLAKQF.tif,ADI
data/NCT-CRC-HE-100K/ADI/ADI-AEQTNTWK.tif,ADI
data/NCT-CRC-HE-100K/ADI/ADI-IDEQTFEK.tif,ADI
data/NCT-CRC-HE-100K/ADI/ADI-KYGQCRWD.tif,ADI
data/NCT-CRC-HE-100K/ADI/ADI-AQCCELND.tif,ADI
data/NCT-CRC-HE-100K/ADI/ADI-RPLISCEP.tif,ADI
data/NCT-CRC-HE-100K/ADI/ADI-GQYVTHLW.tif,ADI
data/NCT-CRC-HE-100K/ADI/ADI-EKTTAGII.tif,ADI
data/NCT-CRC-HE-100K/ADI/ADI-FMVVSWVT.tif,ADI
data/NCT-CRC-HE-100K/ADI/ADI-NCIMWDPK.tif,ADI
data/NCT-CRC-HE-100K/ADI/ADI-DSRCDWGK.tif,ADI
data/NCT-CRC-HE-100K/ADI/ADI-NNSPCTVR.tif,ADI
data/NCT-CRC-HE-100K/ADI/ADI-KIMIHACV.tif,ADI
data/NCT-CRC-HE-100K/ADI/ADI-HGHFLAFI.tif,ADI
data/NCT-CRC-HE-100K/ADI/ADI-EDRYVGRW.tif,ADI
data/NCT-CRC-HE-100K/ADI/ADI-ARQLRNYY.tif,ADI
data/NCT-CRC-HE-100K/ADI/ADI-GCMYHMVF.tif,ADI
data/NCT-CRC-HE-100K/ADI/ADI-KSPRKLIW.tif,ADI
data/NCT-CRC-HE-100K/ADI/ADI-KEFGCCGA.tif,ADI
data/NCT-CRC-HE-100K/ADI/ADI-NLVRHSDF.tif,ADI
data/NCT-CRC-HE-100K/ADI/ADI-ICWSWQFF.tif,ADI
data/NCT-CRC-HE-100K/ADI/ADI-QLMAYDGQ.tif,ADI
data/NCT-CRC-HE-100K/ADI/ADI-IYHYILSP.tif,ADI
data/NCT-CRC-HE-100K/ADI/ADI-FLQAFIEH.tif,ADI
data/NCT-CRC-HE-100K/ADI/ADI-RIEISFQH.tif,ADI
data/NCT-CRC-HE-100K/ADI/ADI-DAHQDKPP.tif,ADI
data/NCT-CRC-HE-100K/ADI/ADI-DMHFDWDR.tif,ADI
data/NCT-CRC-HE-100K/ADI/ADI-PYGFMSKG.tif,ADI
data/NCT-CRC-HE-100K/ADI/ADI-RDERLLSI.tif,ADI
data/NCT-CRC-HE-100K/ADI/ADI-IMCGDKQR.tif,ADI
data/NCT-CRC-HE-100K/ADI/ADI-ETGANEGC.tif,ADI
data/NCT-CRC-HE-100K/ADI/ADI-LDNWGIRW.tif,ADI
data/NCT-CRC-HE-100K/ADI/ADI-EATFAIKK.tif,ADI
data/NCT-CRC-HE-100K/ADI/ADI-GKYAEFEE.tif,ADI
data/NCT-CRC-HE-100K/ADI/ADI-IRDEGLWC.tif,ADI
data/NCT-CRC-HE-100K/ADI/ADI-PHWAREKM.tif,ADI
data/NCT-CRC-HE-100K/ADI/ADI-GWQYWGMK.tif,ADI
data/NCT-CRC-HE-100K/ADI/ADI-GSQNGPKY.tif,ADI
data/NCT-CRC-HE-100K/ADI/ADI-FLPWYAIL.tif,ADI
data/NCT-CRC-HE-100K/ADI/ADI-MFMPFVLD.tif,ADI
data/NCT-CRC-HE-100K/ADI/ADI-CFCQLCGI.tif,ADI
data/NCT-CRC-HE-100K/ADI/ADI-EETQYVHR.tif,ADI
data/NCT-CRC-HE-100K/ADI/ADI-RMPVSSPP.tif,ADI
data/NCT-CRC-HE-100K/ADI/ADI-AMYLDMFV.tif,ADI
data/NCT-CRC-HE-100K/ADI/ADI-CWYNLESP.tif,ADI
data/NCT-CRC-HE-100K/ADI/ADI-CTRNCVGE.tif,ADI
data/NCT-CRC-HE-100K/ADI/ADI-EESKHCDF.tif,ADI
data/NCT-CRC-HE-100K/ADI/ADI-MFVACECI.tif,ADI
data/NCT-CRC-HE-100K/ADI/ADI-IGNPDKCT.tif,ADI
data/NCT-CRC-HE-100K/ADI/ADI-QKDTFGIA.tif,ADI
data/NCT-CRC-HE-100K/ADI/ADI-MDRRERAV.tif,ADI
data/NCT-CRC-HE-100K/ADI/ADI-ELASPSQE.tif,ADI
data/NCT-CRC-HE-100K/ADI/ADI-RHILTVGD.tif,ADI
data/NCT-CRC-HE-100K/ADI/ADI-MGPYVWYR.tif,ADI
data/NCT-CRC-HE-100K/ADI/ADI-IFWLQVAE.tif,ADI
data/NCT-CRC-HE-100K/ADI/ADI-KPEPMYHQ.tif,ADI
data/NCT-CRC-HE-100K/ADI/ADI-DCPVMWCF.tif,ADI
data/NCT-CRC-HE-100K/ADI/ADI-HAWTLCVN.tif,ADI
data/NCT-CRC-HE-100K/ADI/ADI-MTDMSCFR.tif,ADI
data/NCT-CRC-HE-100K/ADI/ADI-SIAEDVWW.tif,ADI
data/NCT-CRC-HE-100K/ADI/ADI-KYHLGQLH.tif,ADI
data/NCT-CRC-HE-100K/ADI/ADI-PVFFPCVY.tif,ADI
data/NCT-CRC-HE-100K/ADI/ADI-CLGWQTKP.tif,ADI
data/NCT-CRC-HE-100K/ADI/ADI-LDKYQGEP.tif,ADI
data/NCT-CRC-HE-100K/ADI/ADI-LYCKRTDK.tif,ADI
data/NCT-CRC-HE-100K/ADI/ADI-AFQAQRFQ.tif,ADI
data/NCT-CRC-HE-100K/ADI/ADI-MECGFALA.tif,ADI
data/NCT-CRC-HE-100K/ADI/ADI-ITLRWQCA.tif,ADI
data/NCT-CRC-HE-100K/ADI/ADI-MRHSSQTV.tif,ADI
data/NCT-CRC-HE-100K/ADI/ADI-FYMCDWHT.tif,ADI
data/NCT-CRC-HE-100K/ADI/ADI-LAGENLWV.tif,ADI
data/NCT-CRC-HE-100K/ADI/ADI-IDETDKAG.tif,ADI
data/NCT-CRC-HE-100K/ADI/ADI-DFSNAHMP.tif,ADI
data/NCT-CRC-HE-100K/ADI/ADI-FMKAKRLM.tif,ADI
data/NCT-CRC-HE-100K/ADI/ADI-DQREANRY.tif,ADI
data/NCT-CRC-HE-100K/ADI/ADI-HRMMKHFD.tif,ADI
data/NCT-CRC-HE-100K/ADI/ADI-DSMPKPYN.tif,ADI
data/NCT-CRC-HE-100K/ADI/ADI-QNSVLWPV.tif,ADI
data/NCT-CRC-HE-100K/ADI/ADI-RPTENFTF.tif,ADI
data/NCT-CRC-HE-100K/ADI/ADI-ERTFNDKF.tif,ADI
data/NCT-CRC-HE-100K/ADI/ADI-MVEVEVNE.tif,ADI
data/NCT-CRC-HE-100K/ADI/ADI-LRNIDVTD.tif,ADI
data/NCT-CRC-HE-100K/ADI/ADI-FMIKSTPC.tif,ADI
data/NCT-CRC-HE-100K/ADI/ADI-MGMTPGKC.tif,ADI
data/NCT-CRC-HE-100K/ADI/ADI-MLQKKYGE.tif,ADI
data/NCT-CRC-HE-100K/ADI/ADI-FGLLKRQG.tif,ADI
data/NCT-CRC-HE-100K/ADI/ADI-HAVMMPVW.tif,ADI
data/NCT-CRC-HE-100K/ADI/ADI-NCAHLCIL.tif,ADI
data/NCT-CRC-HE-100K/ADI/ADI-KGPGPQCV.tif,ADI
data/NCT-CRC-HE-100K/ADI/ADI-PRFDSCFG.tif,ADI
data/NCT-CRC-HE-100K/ADI/ADI-ELEWRINP.tif,ADI
data/NCT-CRC-HE-100K/ADI/ADI-KPQMFNTC.tif,ADI
data/NCT-CRC-HE-100K/ADI/ADI-NGEMARKV.tif,ADI
data/NCT-CRC-HE-100K/ADI/ADI-SHNVFHDE.tif,ADI
data/NCT-CRC-HE-100K/ADI/ADI-DDINMYWH.tif,ADI
data/NCT-CRC-HE-100K/ADI/ADI-NSCHLQNV.tif,ADI
data/NCT-CRC-HE-100K/ADI/ADI-FYFVVKRE.tif,ADI
data/NCT-CRC-HE-100K/ADI/ADI-IDYATSQT.tif,ADI
data/NCT-CRC-HE-100K/ADI/ADI-ACAGPPPK.tif,ADI
data/NCT-CRC-HE-100K/ADI/ADI-MWSAMRHY.tif,ADI
data/NCT-CRC-HE-100K/ADI/ADI-SADGTPMN.tif,ADI
data/NCT-CRC-HE-100K/ADI/ADI-NFVTMEQH.tif,ADI
data/NCT-CRC-HE-100K/ADI/ADI-AFAPIKGL.tif,ADI
data/NCT-CRC-HE-100K/ADI/ADI-GHWEPSVL.tif,ADI
data/NCT-CRC-HE-100K/ADI/ADI-IGERGCIP.tif,ADI
data/NCT-CRC-HE-100K/ADI/ADI-DTMPTRVI.tif,ADI
data/NCT-CRC-HE-100K/ADI/ADI-SGNFIYDA.tif,ADI
data/NCT-CRC-HE-100K/ADI/ADI-IHKQNVRV.tif,ADI
data/NCT-CRC-HE-100K/ADI/ADI-QGHRTCKC.tif,ADI
data/NCT-CRC-HE-100K/ADI/ADI-RRNHAALK.tif,ADI
data/NCT-CRC-HE-100K/ADI/ADI-ETDDLMDM.tif,ADI
data/NCT-CRC-HE-100K/ADI/ADI-MHKMIAPP.tif,ADI
data/NCT-CRC-HE-100K/ADI/ADI-NLACEAVF.tif,ADI
data/NCT-CRC-HE-100K/ADI/ADI-DGMHRLPK.tif,ADI
data/NCT-CRC-HE-100K/ADI/ADI-PCVNTFGW.tif,ADI
data/NCT-CRC-HE-100K/ADI/ADI-GQTYGRDK.tif,ADI
data/NCT-CRC-HE-100K/ADI/ADI-QFMSWAMD.tif,ADI
data/NCT-CRC-HE-100K/ADI/ADI-LVNHWICA.tif,ADI
data/NCT-CRC-HE-100K/ADI/ADI-HTDESPAD.tif,ADI
data/NCT-CRC-HE-100K/ADI/ADI-SHQEGSAP.tif,ADI
data/NCT-CRC-HE-100K/ADI/ADI-DYDNNSKH.tif,ADI
data/NCT-CRC-HE-100K/ADI/ADI-HNIPVSGD.tif,ADI
data/NCT-CRC-HE-100K/ADI/ADI-CATYHGGQ.tif,ADI
data/NCT-CRC-HE-100K/ADI/ADI-AAEKWPVP.tif,ADI
data/NCT-CRC-HE-100K/ADI/ADI-HFPLHGVM.tif,ADI
data/NCT-CRC-HE-100K/ADI/ADI-LRCIWVGY.tif,ADI
data/NCT-CRC-HE-100K/ADI/ADI-PSLMYPQR.tif,ADI
data/NCT-CRC-HE-100K/ADI/ADI-RDLFTNDK.tif,ADI
data/NCT-CRC-HE-100K/ADI/ADI-LPSQDRHP.tif,ADI
data/NCT-CRC-HE-100K/ADI/ADI-MTAWVMGP.tif,ADI
data/NCT-CRC-HE-100K/ADI/ADI-DLWLEKIC.tif,ADI
data/NCT-CRC-HE-100K/ADI/ADI-KNQVCGQK.tif,ADI
data/NCT-CRC-HE-100K/ADI/ADI-HVNDQATF.tif,ADI
data/NCT-CRC-HE-100K/ADI/ADI-FSEHEIND.tif,ADI
data/NCT-CRC-HE-100K/ADI/ADI-RKHCIIMQ.tif,ADI
data/NCT-CRC-HE-100K/ADI/ADI-DCVFNTPP.tif,ADI
data/NCT-CRC-HE-100K/ADI/ADI-AWMIGVAG.tif,ADI
data/NCT-CRC-HE-100K/ADI/ADI-CSETHTTE.tif,ADI
data/NCT-CRC-HE-100K/ADI/ADI-HIYCWAES.tif,ADI
data/NCT-CRC-HE-100K/ADI/ADI-ILCPQDWA.tif,ADI
data/NCT-CRC-HE-100K/ADI/ADI-PYLYCWRI.tif,ADI
data/NCT-CRC-HE-100K/ADI/ADI-KGGHHCIA.tif,ADI
data/NCT-CRC-HE-100K/ADI/ADI-DWARSAWS.tif,ADI
data/NCT-CRC-HE-100K/ADI/ADI-PVPVSCAL.tif,ADI
data/NCT-CRC-HE-100K/ADI/ADI-HCGGYFRA.tif,ADI
data/NCT-CRC-HE-100K/ADI/ADI-EYWWGMCL.tif,ADI
data/NCT-CRC-HE-100K/ADI/ADI-CRCVTALQ.tif,ADI
data/NCT-CRC-HE-100K/ADI/ADI-MCTAACMM.tif,ADI
data/NCT-CRC-HE-100K/ADI/ADI-IAVIRRME.tif,ADI
data/NCT-CRC-HE-100K/ADI/ADI-HVGTCYLV.tif,ADI
data/NCT-CRC-HE-100K/ADI/ADI-PPQAEEHD.tif,ADI
data/NCT-CRC-HE-100K/ADI/ADI-EFYEERCV.tif,ADI
data/NCT-CRC-HE-100K/ADI/ADI-QYMRIVWV.tif,ADI
data/NCT-CRC-HE-100K/ADI/ADI-SFRAQKWN.tif,ADI
data/NCT-CRC-HE-100K/ADI/ADI-GDREVMCE.tif,ADI
data/NCT-CRC-HE-100K/ADI/ADI-PWEVVCSM.tif,ADI
data/NCT-CRC-HE-100K/ADI/ADI-LYWIHIAA.tif,ADI
data/NCT-CRC-HE-100K/ADI/ADI-SKAPCNIG.tif,ADI
data/NCT-CRC-HE-100K/ADI/ADI-QFMFEEDN.tif,ADI
data/NCT-CRC-HE-100K/ADI/ADI-LTRCSWWY.tif,ADI
data/NCT-CRC-HE-100K/ADI/ADI-HSHLARLV.tif,ADI
data/NCT-CRC-HE-100K/ADI/ADI-ICTLNGTN.tif,ADI
data/NCT-CRC-HE-100K/ADI/ADI-MRVWGNAH.tif,ADI
data/NCT-CRC-HE-100K/ADI/ADI-LAIFSIRF.tif,ADI
data/NCT-CRC-HE-100K/ADI/ADI-QTPDEFGN.tif,ADI
data/NCT-CRC-HE-100K/ADI/ADI-SGLNIDWL.tif,ADI
data/NCT-CRC-HE-100K/ADI/ADI-EHMCTWYK.tif,ADI
data/NCT-CRC-HE-100K/ADI/ADI-ETNSSHRG.tif,ADI
data/NCT-CRC-HE-100K/ADI/ADI-EADPPWKR.tif,ADI
data/NCT-CRC-HE-100K/ADI/ADI-DYCFTQWM.tif,ADI
data/NCT-CRC-HE-100K/ADI/ADI-LFRVTSYY.tif,ADI
data/NCT-CRC-HE-100K/ADI/ADI-LSQKKCKC.tif,ADI
data/NCT-CRC-HE-100K/ADI/ADI-RHHYDKFE.tif,ADI
data/NCT-CRC-HE-100K/ADI/ADI-NIRKGYMA.tif,ADI
data/NCT-CRC-HE-100K/ADI/ADI-EIFFHAHT.tif,ADI
data/NCT-CRC-HE-100K/ADI/ADI-QPNTNKGT.tif,ADI
data/NCT-CRC-HE-100K/ADI/ADI-IGIFVRSK.tif,ADI
data/NCT-CRC-HE-100K/ADI/ADI-KNVTYFEP.tif,ADI
data/NCT-CRC-HE-100K/ADI/ADI-SHQMFSKM.tif,ADI
data/NCT-CRC-HE-100K/ADI/ADI-NLNGEQEV.tif,ADI
data/NCT-CRC-HE-100K/ADI/ADI-GHMSGLAK.tif,ADI
data/NCT-CRC-HE-100K/ADI/ADI-NVNLNRKY.tif,ADI
data/NCT-CRC-HE-100K/ADI/ADI-PEQCTKCQ.tif,ADI
data/NCT-CRC-HE-100K/ADI/ADI-NYKNPCCH.tif,ADI
data/NCT-CRC-HE-100K/ADI/ADI-CMINRPCP.tif,ADI
data/NCT-CRC-HE-100K/ADI/ADI-MSPNDAIS.tif,ADI
data/NCT-CRC-HE-100K/ADI/ADI-IGTEVGRA.tif,ADI
data/NCT-CRC-HE-100K/ADI/ADI-ELGHPIYS.tif,ADI
data/NCT-CRC-HE-100K/ADI/ADI-PCAEQCCI.tif,ADI
data/NCT-CRC-HE-100K/ADI/ADI-CHTAKYQT.tif,ADI
data/NCT-CRC-HE-100K/ADI/ADI-SCLCFMTW.tif,ADI
data/NCT-CRC-HE-100K/ADI/ADI-GGKVMSYN.tif,ADI
data/NCT-CRC-HE-100K/ADI/ADI-AQIEHYFM.tif,ADI
data/NCT-CRC-HE-100K/ADI/ADI-NLCEEDDG.tif,ADI
data/NCT-CRC-HE-100K/ADI/ADI-LLWIGKCA.tif,ADI
data/NCT-CRC-HE-100K/ADI/ADI-AGMDWMAI.tif,ADI
data/NCT-CRC-HE-100K/ADI/ADI-PSYYFFCH.tif,ADI
data/NCT-CRC-HE-100K/ADI/ADI-CQNDGVWP.tif,ADI
data/NCT-CRC-HE-100K/ADI/ADI-DAPWNAKM.tif,ADI
data/NCT-CRC-HE-100K/ADI/ADI-LPGYEKMH.tif,ADI
data/NCT-CRC-HE-100K/ADI/ADI-AEGPYCKS.tif,ADI
data/NCT-CRC-HE-100K/ADI/ADI-KSFKQCQH.tif,ADI
data/NCT-CRC-HE-100K/ADI/ADI-CCIAPWDV.tif,ADI
data/NCT-CRC-HE-100K/ADI/ADI-DVILQWNT.tif,ADI
data/NCT-CRC-HE-100K/ADI/ADI-SCHLCGKM.tif,ADI
data/NCT-CRC-HE-100K/ADI/ADI-ACYSREPY.tif,ADI
data/NCT-CRC-HE-100K/ADI/ADI-HNKRKLDP.tif,ADI
data/NCT-CRC-HE-100K/ADI/ADI-ICVPFDIT.tif,ADI
data/NCT-CRC-HE-100K/ADI/ADI-GMRCAIDV.tif,ADI
data/NCT-CRC-HE-100K/ADI/ADI-EITDGRWR.tif,ADI
data/NCT-CRC-HE-100K/ADI/ADI-QWWMEDSA.tif,ADI
data/NCT-CRC-HE-100K/ADI/ADI-HYQIEIAT.tif,ADI
data/NCT-CRC-HE-100K/ADI/ADI-FPHPWIAF.tif,ADI
data/NCT-CRC-HE-100K/ADI/ADI-DPFIWRLN.tif,ADI
data/NCT-CRC-HE-100K/ADI/ADI-MMVQWCIQ.tif,ADI
data/NCT-CRC-HE-100K/ADI/ADI-NFLYSDRN.tif,ADI
data/NCT-CRC-HE-100K/ADI/ADI-LHCWWQMS.tif,ADI
data/NCT-CRC-HE-100K/ADI/ADI-FDCWMMRC.tif,ADI
data/NCT-CRC-HE-100K/ADI/ADI-KCHMTMAM.tif,ADI
data/NCT-CRC-HE-100K/ADI/ADI-MNNNARSP.tif,ADI
data/NCT-CRC-HE-100K/ADI/ADI-ENQNPLRK.tif,ADI
data/NCT-CRC-HE-100K/ADI/ADI-MVTFIVAC.tif,ADI
data/NCT-CRC-HE-100K/ADI/ADI-ENGGISFT.tif,ADI
data/NCT-CRC-HE-100K/ADI/ADI-PRMTTKQS.tif,ADI
data/NCT-CRC-HE-100K/ADI/ADI-IRGPLITA.tif,ADI
data/NCT-CRC-HE-100K/ADI/ADI-EDGQQMIW.tif,ADI
data/NCT-CRC-HE-100K/ADI/ADI-GCWRKDDQ.tif,ADI
data/NCT-CRC-HE-100K/ADI/ADI-FMTGTSNY.tif,ADI
data/NCT-CRC-HE-100K/ADI/ADI-MSRWGGEK.tif,ADI
data/NCT-CRC-HE-100K/ADI/ADI-KLQTSPTE.tif,ADI
data/NCT-CRC-HE-100K/ADI/ADI-LKYAEPHP.tif,ADI
data/NCT-CRC-HE-100K/ADI/ADI-MIPPDIRQ.tif,ADI
data/NCT-CRC-HE-100K/ADI/ADI-NWYYKHNL.tif,ADI
data/NCT-CRC-HE-100K/ADI/ADI-LLIKGYFQ.tif,ADI
data/NCT-CRC-HE-100K/ADI/ADI-GIQVSICK.tif,ADI
data/NCT-CRC-HE-100K/ADI/ADI-FSFSMYFP.tif,ADI
data/NCT-CRC-HE-100K/ADI/ADI-MQIFSLRF.tif,ADI
data/NCT-CRC-HE-100K/ADI/ADI-FYNFGRTP.tif,ADI
data/NCT-CRC-HE-100K/ADI/ADI-RFLYVQDL.tif,ADI
data/NCT-CRC-HE-100K/ADI/ADI-CGPLYVFL.tif,ADI
data/NCT-CRC-HE-100K/ADI/ADI-LKSWPRQE.tif,ADI
data/NCT-CRC-HE-100K/ADI/ADI-AVPGIYLM.tif,ADI
data/NCT-CRC-HE-100K/ADI/ADI-GRNCPDIS.tif,ADI
data/NCT-CRC-HE-100K/ADI/ADI-SIERFIWM.tif,ADI
data/NCT-CRC-HE-100K/ADI/ADI-KTIKMSWQ.tif,ADI
data/NCT-CRC-HE-100K/ADI/ADI-CKWHNHEH.tif,ADI
data/NCT-CRC-HE-100K/ADI/ADI-FFVRMIEN.tif,ADI
data/NCT-CRC-HE-100K/ADI/ADI-GRCVYSNK.tif,ADI
data/NCT-CRC-HE-100K/ADI/ADI-RSISLSFS.tif,ADI
data/NCT-CRC-HE-100K/ADI/ADI-IFQMYKFV.tif,ADI
data/NCT-CRC-HE-100K/ADI/ADI-RTKENPEE.tif,ADI
data/NCT-CRC-HE-100K/ADI/ADI-DDMAVHRR.tif,ADI
data/NCT-CRC-HE-100K/ADI/ADI-PLFFSMLM.tif,ADI
data/NCT-CRC-HE-100K/ADI/ADI-HVYLPHYP.tif,ADI
data/NCT-CRC-HE-100K/ADI/ADI-KNFWQLGK.tif,ADI
data/NCT-CRC-HE-100K/ADI/ADI-MAEIRKEI.tif,ADI
data/NCT-CRC-HE-100K/ADI/ADI-NENFAWFI.tif,ADI
data/NCT-CRC-HE-100K/ADI/ADI-CIIWQNCQ.tif,ADI
data/NCT-CRC-HE-100K/ADI/ADI-SHPTWQHK.tif,ADI
data/NCT-CRC-HE-100K/ADI/ADI-PNAKAEYE.tif,ADI
data/NCT-CRC-HE-100K/ADI/ADI-MLHQLSSK.tif,ADI
data/NCT-CRC-HE-100K/ADI/ADI-RDFCSQHI.tif,ADI
data/NCT-CRC-HE-100K/ADI/ADI-NCTGEQQH.tif,ADI
data/NCT-CRC-HE-100K/ADI/ADI-NWGFGVDQ.tif,ADI
data/NCT-CRC-HE-100K/ADI/ADI-HFCRCDPV.tif,ADI
data/NCT-CRC-HE-100K/ADI/ADI-NNFMGDGS.tif,ADI
data/NCT-CRC-HE-100K/ADI/ADI-GGHSSIFY.tif,ADI
data/NCT-CRC-HE-100K/ADI/ADI-KFAEICPW.tif,ADI
data/NCT-CRC-HE-100K/ADI/ADI-HLSDWHRK.tif,ADI
data/NCT-CRC-HE-100K/ADI/ADI-CCWPTYKP.tif,ADI
data/NCT-CRC-HE-100K/ADI/ADI-CDNCYTEV.tif,ADI
data/NCT-CRC-HE-100K/ADI/ADI-CHVFKEAV.tif,ADI
data/NCT-CRC-HE-100K/ADI/ADI-EYNPMTGP.tif,ADI
data/NCT-CRC-HE-100K/ADI/ADI-KLVNMNCA.tif,ADI
data/NCT-CRC-HE-100K/ADI/ADI-ADAETSIG.tif,ADI
data/NCT-CRC-HE-100K/ADI/ADI-AEQSMIHL.tif,ADI
data/NCT-CRC-HE-100K/ADI/ADI-EIPLGYVM.tif,ADI
data/NCT-CRC-HE-100K/ADI/ADI-CPDGRCCC.tif,ADI
data/NCT-CRC-HE-100K/ADI/ADI-MIVILKFE.tif,ADI
data/NCT-CRC-HE-100K/ADI/ADI-GKQQHWFR.tif,ADI
data/NCT-CRC-HE-100K/ADI/ADI-RRHFFGID.tif,ADI
data/NCT-CRC-HE-100K/ADI/ADI-LPTKQLQN.tif,ADI
data/NCT-CRC-HE-100K/ADI/ADI-QNNRTIME.tif,ADI
data/NCT-CRC-HE-100K/ADI/ADI-GKCPGGKC.tif,ADI
data/NCT-CRC-HE-100K/ADI/ADI-NCDRVHIF.tif,ADI
data/NCT-CRC-HE-100K/ADI/ADI-FQGIMILP.tif,ADI
data/NCT-CRC-HE-100K/ADI/ADI-KGEFFGIF.tif,ADI
data/NCT-CRC-HE-100K/ADI/ADI-RRFISPCW.tif,ADI
data/NCT-CRC-HE-100K/ADI/ADI-DMEWSSLL.tif,ADI
data/NCT-CRC-HE-100K/ADI/ADI-DCYIILWI.tif,ADI
data/NCT-CRC-HE-100K/ADI/ADI-ISPPRKND.tif,ADI
data/NCT-CRC-HE-100K/ADI/ADI-IVPCMDAW.tif,ADI
data/NCT-CRC-HE-100K/ADI/ADI-QAQTGKHH.tif,ADI
data/NCT-CRC-HE-100K/ADI/ADI-NDILDTPG.tif,ADI
data/NCT-CRC-HE-100K/ADI/ADI-IWNVSVAI.tif,ADI
data/NCT-CRC-HE-100K/ADI/ADI-HFFSRNPF.tif,ADI
data/NCT-CRC-HE-100K/ADI/ADI-ASGDFCNY.tif,ADI
data/NCT-CRC-HE-100K/ADI/ADI-PQQDKSRH.tif,ADI
data/NCT-CRC-HE-100K/ADI/ADI-CDYKENFV.tif,ADI
data/NCT-CRC-HE-100K/ADI/ADI-FPCNIVWA.tif,ADI
data/NCT-CRC-HE-100K/ADI/ADI-KWYISLRY.tif,ADI
data/NCT-CRC-HE-100K/ADI/ADI-DACECSCH.tif,ADI
data/NCT-CRC-HE-100K/ADI/ADI-GDHDDKVG.tif,ADI
data/NCT-CRC-HE-100K/ADI/ADI-PRRYTHQL.tif,ADI
data/NCT-CRC-HE-100K/ADI/ADI-KKDPELPC.tif,ADI
data/NCT-CRC-HE-100K/ADI/ADI-FNFMASVH.tif,ADI
data/NCT-CRC-HE-100K/ADI/ADI-FWCQPYKM.tif,ADI
data/NCT-CRC-HE-100K/ADI/ADI-HDDNWYSD.tif,ADI
data/NCT-CRC-HE-100K/ADI/ADI-IHPDTSFH.tif,ADI
data/NCT-CRC-HE-100K/ADI/ADI-IPFPHELW.tif,ADI
data/NCT-CRC-HE-100K/ADI/ADI-PNIPLMVC.tif,ADI
data/NCT-CRC-HE-100K/ADI/ADI-LHNFFPET.tif,ADI
data/NCT-CRC-HE-100K/ADI/ADI-HFCDFVMM.tif,ADI
data/NCT-CRC-HE-100K/ADI/ADI-NRKIWDRE.tif,ADI
data/NCT-CRC-HE-100K/ADI/ADI-KIHSFFDH.tif,ADI
data/NCT-CRC-HE-100K/ADI/ADI-GVGLSGCA.tif,ADI
data/NCT-CRC-HE-100K/ADI/ADI-CDYSHDIY.tif,ADI
data/NCT-CRC-HE-100K/ADI/ADI-ILDYSSVT.tif,ADI
data/NCT-CRC-HE-100K/ADI/ADI-QKTSKAFT.tif,ADI
data/NCT-CRC-HE-100K/ADI/ADI-CTGFYHMV.tif,ADI
data/NCT-CRC-HE-100K/ADI/ADI-AFYLKLSQ.tif,ADI
data/NCT-CRC-HE-100K/ADI/ADI-PAVPPGVL.tif,ADI
data/NCT-CRC-HE-100K/ADI/ADI-MPWGPLGH.tif,ADI
data/NCT-CRC-HE-100K/ADI/ADI-CFLSPKDN.tif,ADI
data/NCT-CRC-HE-100K/ADI/ADI-MAKYHSHK.tif,ADI
data/NCT-CRC-HE-100K/ADI/ADI-NFKTMPPM.tif,ADI
data/NCT-CRC-HE-100K/ADI/ADI-MQPPSGRP.tif,ADI
data/NCT-CRC-HE-100K/ADI/ADI-DWADKGYT.tif,ADI
data/NCT-CRC-HE-100K/ADI/ADI-DAQASWSQ.tif,ADI
data/NCT-CRC-HE-100K/ADI/ADI-GVTLMNFQ.tif,ADI
data/NCT-CRC-HE-100K/ADI/ADI-DKEGQKHV.tif,ADI
data/NCT-CRC-HE-100K/ADI/ADI-ERSNNWEH.tif,ADI
data/NCT-CRC-HE-100K/ADI/ADI-MCKFIFTW.tif,ADI
data/NCT-CRC-HE-100K/ADI/ADI-GFGFSGDS.tif,ADI
data/NCT-CRC-HE-100K/ADI/ADI-MRDEEHRK.tif,ADI
data/NCT-CRC-HE-100K/ADI/ADI-CWNVHDKH.tif,ADI
data/NCT-CRC-HE-100K/ADI/ADI-MILTRSME.tif,ADI
data/NCT-CRC-HE-100K/ADI/ADI-QPCVMMDR.tif,ADI
data/NCT-CRC-HE-100K/ADI/ADI-LPAAPEDC.tif,ADI
data/NCT-CRC-HE-100K/ADI/ADI-CAEQKGDG.tif,ADI
data/NCT-CRC-HE-100K/ADI/ADI-FKAQGNRI.tif,ADI
data/NCT-CRC-HE-100K/ADI/ADI-HCNFQRGN.tif,ADI
data/NCT-CRC-HE-100K/ADI/ADI-NWDTCFCR.tif,ADI
data/NCT-CRC-HE-100K/ADI/ADI-GIQSIMLT.tif,ADI
data/NCT-CRC-HE-100K/ADI/ADI-ECWHKYDY.tif,ADI
data/NCT-CRC-HE-100K/ADI/ADI-HSLQIYHR.tif,ADI
data/NCT-CRC-HE-100K/ADI/ADI-KMSVDIYH.tif,ADI
data/NCT-CRC-HE-100K/ADI/ADI-ISWLNLWD.tif,ADI
data/NCT-CRC-HE-100K/ADI/ADI-MNGRLHVT.tif,ADI
data/NCT-CRC-HE-100K/ADI/ADI-DQCSKVGR.tif,ADI
data/NCT-CRC-HE-100K/ADI/ADI-QNIDGKNG.tif,ADI
data/NCT-CRC-HE-100K/ADI/ADI-HWMLPTQD.tif,ADI
data/NCT-CRC-HE-100K/ADI/ADI-RSCCANCC.tif,ADI
data/NCT-CRC-HE-100K/ADI/ADI-QECGSPLS.tif,ADI
data/NCT-CRC-HE-100K/ADI/ADI-FVVYVATQ.tif,ADI
data/NCT-CRC-HE-100K/ADI/ADI-IFCTHKDH.tif,ADI
data/NCT-CRC-HE-100K/ADI/ADI-MRNTIRFR.tif,ADI
data/NCT-CRC-HE-100K/ADI/ADI-PMCTWKYG.tif,ADI
data/NCT-CRC-HE-100K/ADI/ADI-RPGSIKQD.tif,ADI
data/NCT-CRC-HE-100K/ADI/ADI-NFWWGTWR.tif,ADI
data/NCT-CRC-HE-100K/ADI/ADI-QARSPSMT.tif,ADI
data/NCT-CRC-HE-100K/ADI/ADI-SIVRMWYS.tif,ADI
data/NCT-CRC-HE-100K/ADI/ADI-HHQKDYYN.tif,ADI
data/NCT-CRC-HE-100K/ADI/ADI-HPKLPYTM.tif,ADI
data/NCT-CRC-HE-100K/ADI/ADI-GQQDLPPT.tif,ADI
data/NCT-CRC-HE-100K/ADI/ADI-ALCVCCQS.tif,ADI
data/NCT-CRC-HE-100K/ADI/ADI-DWGYEGNY.tif,ADI
data/NCT-CRC-HE-100K/ADI/ADI-RVVWSNYH.tif,ADI
data/NCT-CRC-HE-100K/ADI/ADI-DKHEIHWH.tif,ADI
data/NCT-CRC-HE-100K/ADI/ADI-FFNACPFL.tif,ADI
data/NCT-CRC-HE-100K/ADI/ADI-MCQQVRGH.tif,ADI
data/NCT-CRC-HE-100K/ADI/ADI-HCDPDLQI.tif,ADI
data/NCT-CRC-HE-100K/ADI/ADI-GHMSQTPT.tif,ADI
data/NCT-CRC-HE-100K/ADI/ADI-HWALITWY.tif,ADI
data/NCT-CRC-HE-100K/ADI/ADI-QAMGHEDY.tif,ADI
data/NCT-CRC-HE-100K/ADI/ADI-PMQETIVR.tif,ADI
data/NCT-CRC-HE-100K/ADI/ADI-MKFEIFEG.tif,ADI
data/NCT-CRC-HE-100K/ADI/ADI-DYMDRLQK.tif,ADI
data/NCT-CRC-HE-100K/ADI/ADI-HPIVTEDW.tif,ADI
data/NCT-CRC-HE-100K/ADI/ADI-DWCFKWER.tif,ADI
data/NCT-CRC-HE-100K/ADI/ADI-QRYANVEA.tif,ADI
data/NCT-CRC-HE-100K/ADI/ADI-KRCWGFLE.tif,ADI
data/NCT-CRC-HE-100K/ADI/ADI-GPFMRDKT.tif,ADI
data/NCT-CRC-HE-100K/ADI/ADI-QHAIMMLH.tif,ADI
data/NCT-CRC-HE-100K/ADI/ADI-HTYSAYKW.tif,ADI
data/NCT-CRC-HE-100K/ADI/ADI-GKKVSQCV.tif,ADI
data/NCT-CRC-HE-100K/ADI/ADI-CPTMNDGP.tif,ADI
data/NCT-CRC-HE-100K/ADI/ADI-PNYCQPSR.tif,ADI
data/NCT-CRC-HE-100K/ADI/ADI-ILVRQWIK.tif,ADI
data/NCT-CRC-HE-100K/ADI/ADI-IYKPMKPS.tif,ADI
data/NCT-CRC-HE-100K/ADI/ADI-GRHFSCKM.tif,ADI
data/NCT-CRC-HE-100K/ADI/ADI-LAYREYAF.tif,ADI
data/NCT-CRC-HE-100K/ADI/ADI-SGIEGGPI.tif,ADI
data/NCT-CRC-HE-100K/ADI/ADI-NQLVPEQW.tif,ADI
data/NCT-CRC-HE-100K/ADI/ADI-HYEQGITC.tif,ADI
data/NCT-CRC-HE-100K/BACK/BACK-NAGFLNDG.tif,BACK
data/NCT-CRC-HE-100K/BACK/BACK-EGETVENR.tif,BACK
data/NCT-CRC-HE-100K/BACK/BACK-DNPMVQAT.tif,BACK
data/NCT-CRC-HE-100K/BACK/BACK-AGDRFFFN.tif,BACK
data/NCT-CRC-HE-100K/BACK/BACK-MLMATDVQ.tif,BACK
data/NCT-CRC-HE-100K/BACK/BACK-LMMAVLQK.tif,BACK
data/NCT-CRC-HE-100K/BACK/BACK-HEMLLKYS.tif,BACK
data/NCT-CRC-HE-100K/BACK/BACK-HTWMCNAW.tif,BACK
data/NCT-CRC-HE-100K/BACK/BACK-NCMAQLQC.tif,BACK
data/NCT-CRC-HE-100K/BACK/BACK-PCPATVVD.tif,BACK
data/NCT-CRC-HE-100K/BACK/BACK-AKNDSTEG.tif,BACK
data/NCT-CRC-HE-100K/BACK/BACK-DKYKYVQP.tif,BACK
data/NCT-CRC-HE-100K/BACK/BACK-IIMSELHW.tif,BACK
data/NCT-CRC-HE-100K/BACK/BACK-DWHRWASC.tif,BACK
data/NCT-CRC-HE-100K/BACK/BACK-EIKVPALQ.tif,BACK
data/NCT-CRC-HE-100K/BACK/BACK-LQEVEGNC.tif,BACK
data/NCT-CRC-HE-100K/BACK/BACK-CKAYYLRR.tif,BACK
data/NCT-CRC-HE-100K/BACK/BACK-DNAKQYTW.tif,BACK
data/NCT-CRC-HE-100K/BACK/BACK-EYDPWEID.tif,BACK
data/NCT-CRC-HE-100K/BACK/BACK-LIPKYMPS.tif,BACK
data/NCT-CRC-HE-100K/BACK/BACK-MSEAVDEC.tif,BACK
data/NCT-CRC-HE-100K/BACK/BACK-FCSGHMTI.tif,BACK
data/NCT-CRC-HE-100K/BACK/BACK-FLWCEGQI.tif,BACK
data/NCT-CRC-HE-100K/BACK/BACK-DLYEADLA.tif,BACK
data/NCT-CRC-HE-100K/BACK/BACK-FLGWFAHG.tif,BACK
data/NCT-CRC-HE-100K/BACK/BACK-IEMMCMYY.tif,BACK
data/NCT-CRC-HE-100K/BACK/BACK-HPANECHM.tif,BACK
data/NCT-CRC-HE-100K/BACK/BACK-NNACNSGK.tif,BACK
data/NCT-CRC-HE-100K/BACK/BACK-NETSDLEM.tif,BACK
data/NCT-CRC-HE-100K/BACK/BACK-DMCPYHFH.tif,BACK
data/NCT-CRC-HE-100K/BACK/BACK-NYCKRTSY.tif,BACK
data/NCT-CRC-HE-100K/BACK/BACK-LKEDHVYA.tif,BACK
data/NCT-CRC-HE-100K/BACK/BACK-DARSTLIV.tif,BACK
data/NCT-CRC-HE-100K/BACK/BACK-NQRGDIWD.tif,BACK
data/NCT-CRC-HE-100K/BACK/BACK-AKSWCSWW.tif,BACK
data/NCT-CRC-HE-100K/BACK/BACK-LYCDHCFV.tif,BACK
data/NCT-CRC-HE-100K/BACK/BACK-NHCFHTDQ.tif,BACK
data/NCT-CRC-HE-100K/BACK/BACK-HQTWCSEC.tif,BACK
data/NCT-CRC-HE-100K/BACK/BACK-LFPCLTCR.tif,BACK
data/NCT-CRC-HE-100K/BACK/BACK-KNPVDCWG.tif,BACK
data/NCT-CRC-HE-100K/BACK/BACK-GTTQWRKG.tif,BACK
data/NCT-CRC-HE-100K/BACK/BACK-AFHQQSGG.tif,BACK
data/NCT-CRC-HE-100K/BACK/BACK-FEWGTHHE.tif,BACK
data/NCT-CRC-HE-100K/BACK/BACK-MMINRRDL.tif,BACK
data/NCT-CRC-HE-100K/BACK/BACK-ECEWIRCL.tif,BACK
data/NCT-CRC-HE-100K/BACK/BACK-LHSWSMDH.tif,BACK
data/NCT-CRC-HE-100K/BACK/BACK-LCCDCFKV.tif,BACK
data/NCT-CRC-HE-100K/BACK/BACK-MHTVIKMA.tif,BACK
data/NCT-CRC-HE-100K/BACK/BACK-GWPSWGHP.tif,BACK
data/NCT-CRC-HE-100K/BACK/BACK-CKWGNCFR.tif,BACK
data/NCT-CRC-HE-100K/BACK/BACK-FWSWAGPR.tif,BACK
data/NCT-CRC-HE-100K/BACK/BACK-DNQKNQDR.tif,BACK
data/NCT-CRC-HE-100K/BACK/BACK-NLHCDGQC.tif,BACK
data/NCT-CRC-HE-100K/BACK/BACK-ILTKFRPD.tif,BACK
data/NCT-CRC-HE-100K/BACK/BACK-EPTTYPTR.tif,BACK
data/NCT-CRC-HE-100K/BACK/BACK-GYMHWCWC.tif,BACK
data/NCT-CRC-HE-100K/BACK/BACK-GMTKKKQY.tif,BACK
data/NCT-CRC-HE-100K/BACK/BACK-IEIVHIAN.tif,BACK
data/NCT-CRC-HE-100K/BACK/BACK-CCRNVPCW.tif,BACK
data/NCT-CRC-HE-100K/BACK/BACK-EYTQDQVT.tif,BACK
data/NCT-CRC-HE-100K/BACK/BACK-AQLYEDLW.tif,BACK
data/NCT-CRC-HE-100K/BACK/BACK-GYAAHFNH.tif,BACK
data/NCT-CRC-HE-100K/BACK/BACK-FSFAPGDH.tif,BACK
data/NCT-CRC-HE-100K/BACK/BACK-HKQSYTLM.tif,BACK
data/NCT-CRC-HE-100K/BACK/BACK-KHIVLFDT.tif,BACK
data/NCT-CRC-HE-100K/BACK/BACK-FHKPLDRF.tif,BACK
data/NCT-CRC-HE-100K/BACK/BACK-FYCSKHCM.tif,BACK
data/NCT-CRC-HE-100K/BACK/BACK-HLDAGIFR.tif,BACK
data/NCT-CRC-HE-100K/BACK/BACK-EAVYEMLL.tif,BACK
data/NCT-CRC-HE-100K/BACK/BACK-GSLHVEMW.tif,BACK
data/NCT-CRC-HE-100K/BACK/BACK-AGREDSIP.tif,BACK
data/NCT-CRC-HE-100K/BACK/BACK-HQAFISRF.tif,BACK
data/NCT-CRC-HE-100K/BACK/BACK-MTSKARKK.tif,BACK
data/NCT-CRC-HE-100K/BACK/BACK-MFAVYKEG.tif,BACK
data/NCT-CRC-HE-100K/BACK/BACK-CCGPHCSE.tif,BACK
data/NCT-CRC-HE-100K/BACK/BACK-NYQRYKQY.tif,BACK
data/NCT-CRC-HE-100K/BACK/BACK-DVAYKFIT.tif,BACK
data/NCT-CRC-HE-100K/BACK/BACK-HPAIEQVV.tif,BACK
data/NCT-CRC-HE-100K/BACK/BACK-AIKAYTNQ.tif,BACK
data/NCT-CRC-HE-100K/BACK/BACK-LGIFMNHM.tif,BACK
data/NCT-CRC-HE-100K/BACK/BACK-NWMLLLCK.tif,BACK
data/NCT-CRC-HE-100K/BACK/BACK-CDQMSCEF.tif,BACK
data/NCT-CRC-HE-100K/BACK/BACK-AKFCCEGH.tif,BACK
data/NCT-CRC-HE-100K/BACK/BACK-FPHCFMVY.tif,BACK
data/NCT-CRC-HE-100K/BACK/BACK-ASWSQSYT.tif,BACK
data/NCT-CRC-HE-100K/BACK/BACK-AFFAELPI.tif,BACK
data/NCT-CRC-HE-100K/BACK/BACK-FHIPFSAP.tif,BACK
data/NCT-CRC-HE-100K/BACK/BACK-HECTYILE.tif,BACK
data/NCT-CRC-HE-100K/BACK/BACK-CFPKWKMM.tif,BACK
data/NCT-CRC-HE-100K/BACK/BACK-CEAEVIRM.tif,BACK
data/NCT-CRC-HE-100K/BACK/BACK-HLGRSSPW.tif,BACK
data/NCT-CRC-HE-100K/BACK/BACK-IWSACGSD.tif,BACK
data/NCT-CRC-HE-100K/BACK/BACK-DNDGKRGT.tif,BACK
data/NCT-CRC-HE-100K/BACK/BACK-FDRQPMWF.tif,BACK
data/NCT-CRC-HE-100K/BACK/BACK-KLERAADP.tif,BACK
data/NCT-CRC-HE-100K/BACK/BACK-KELLWIPT.tif,BACK
data/NCT-CRC-HE-100K/BACK/BACK-DQMHDNLY.tif,BACK
data/NCT-CRC-HE-100K/BACK/BACK-HQPNKFDQ.tif,BACK
data/NCT-CRC-HE-100K/BACK/BACK-GVYLECED.tif,BACK
data/NCT-CRC-HE-100K/BACK/BACK-EILITVMQ.tif,BACK
data/NCT-CRC-HE-100K/BACK/BACK-HEVLGPEI.tif,BACK
data/NCT-CRC-HE-100K/BACK/BACK-IPPVMYVN.tif,BACK
data/NCT-CRC-HE-100K/BACK/BACK-IDVHTHGH.tif,BACK
data/NCT-CRC-HE-100K/BACK/BACK-AEGPFSDQ.tif,BACK
data/NCT-CRC-HE-100K/BACK/BACK-IPVVACPM.tif,BACK
data/NCT-CRC-HE-100K/BACK/BACK-GAQQWNDF.tif,BACK
data/NCT-CRC-HE-100K/BACK/BACK-MDFKHMCA.tif,BACK
data/NCT-CRC-HE-100K/BACK/BACK-MCCDFSTA.tif,BACK
data/NCT-CRC-HE-100K/BACK/BACK-KRIWTQAR.tif,BACK
data/NCT-CRC-HE-100K/BACK/BACK-ARWKQWNN.tif,BACK
data/NCT-CRC-HE-100K/BACK/BACK-MQMEGNDH.tif,BACK
data/NCT-CRC-HE-100K/BACK/BACK-DHELPFSL.tif,BACK
data/NCT-CRC-HE-100K/BACK/BACK-IPRSHSIM.tif,BACK
data/NCT-CRC-HE-100K/BACK/BACK-IGLPPRPD.tif,BACK
data/NCT-CRC-HE-100K/BACK/BACK-EGDLALPM.tif,BACK
data/NCT-CRC-HE-100K/BACK/BACK-ACEFAWLQ.tif,BACK
data/NCT-CRC-HE-100K/BACK/BACK-LKYQSYTQ.tif,BACK
data/NCT-CRC-HE-100K/BACK/BACK-DNVYGYRK.tif,BACK
data/NCT-CRC-HE-100K/BACK/BACK-NTDYPWFT.tif,BACK
data/NCT-CRC-HE-100K/BACK/BACK-LRHAMQPQ.tif,BACK
data/NCT-CRC-HE-100K/BACK/BACK-DSRYIGLP.tif,BACK
data/NCT-CRC-HE-100K/BACK/BACK-CLECELRH.tif,BACK
data/NCT-CRC-HE-100K/BACK/BACK-HFEYDSFQ.tif,BACK
data/NCT-CRC-HE-100K/BACK/BACK-FMQPGKIQ.tif,BACK
data/NCT-CRC-HE-100K/BACK/BACK-EIFKKPSI.tif,BACK
data/NCT-CRC-HE-100K/BACK/BACK-FRESCCQK.tif,BACK
data/NCT-CRC-HE-100K/BACK/BACK-EEYWSRCF.tif,BACK
data/NCT-CRC-HE-100K/BACK/BACK-MPPLTKNK.tif,BACK
data/NCT-CRC-HE-100K/BACK/BACK-EEPQVYVW.tif,BACK
data/NCT-CRC-HE-100K/BACK/BACK-CKTNMERG.tif,BACK
data/NCT-CRC-HE-100K/BACK/BACK-KANADDPP.tif,BACK
data/NCT-CRC-HE-100K/BACK/BACK-NHVWWNVH.tif,BACK
data/NCT-CRC-HE-100K/BACK/BACK-CYCFEAKY.tif,BACK
data/NCT-CRC-HE-100K/BACK/BACK-NSMITWGN.tif,BACK
data/NCT-CRC-HE-100K/BACK/BACK-NWSYVFLL.tif,BACK
data/NCT-CRC-HE-100K/BACK/BACK-KPLFTEVR.tif,BACK
data/NCT-CRC-HE-100K/BACK/BACK-DTMERYPG.tif,BACK
data/NCT-CRC-HE-100K/BACK/BACK-NQIEMMYW.tif,BACK
data/NCT-CRC-HE-100K/BACK/BACK-NKNVYGYG.tif,BACK
data/NCT-CRC-HE-100K/BACK/BACK-ARGHLWGV.tif,BACK
data/NCT-CRC-HE-100K/BACK/BACK-FTHDRDWT.tif,BACK
data/NCT-CRC-HE-100K/BACK/BACK-HIVRYDIY.tif,BACK
data/NCT-CRC-HE-100K/BACK/BACK-IAMMIPQF.tif,BACK
data/NCT-CRC-HE-100K/BACK/BACK-ALISRMSK.tif,BACK
data/NCT-CRC-HE-100K/BACK/BACK-NWAQYLPR.tif,BACK
data/NCT-CRC-HE-100K/BACK/BACK-APRRPNAM.tif,BACK
data/NCT-CRC-HE-100K/BACK/BACK-LILMNPNE.tif,BACK
data/NCT-CRC-HE-100K/BACK/BACK-CQIAYWTQ.tif,BACK
data/NCT-CRC-HE-100K/BACK/BACK-HQRFVGLQ.tif,BACK
data/NCT-CRC-HE-100K/BACK/BACK-GNFDCKHE.tif,BACK
data/NCT-CRC-HE-100K/BACK/BACK-DTWIIIQW.tif,BACK
data/NCT-CRC-HE-100K/BACK/BACK-KPRNIYAC.tif,BACK
data/NCT-CRC-HE-100K/BACK/BACK-FMFMRMTI.tif,BACK
data/NCT-CRC-HE-100K/BACK/BACK-LNRWLIRQ.tif,BACK
data/NCT-CRC-HE-100K/BACK/BACK-HPVDYIMI.tif,BACK
data/NCT-CRC-HE-100K/BACK/BACK-EATMKAFF.tif,BACK
data/NCT-CRC-HE-100K/BACK/BACK-INCNKFSP.tif,BACK
data/NCT-CRC-HE-100K/BACK/BACK-HHTVPGIK.tif,BACK
data/NCT-CRC-HE-100K/BACK/BACK-GDVIVFKP.tif,BACK
data/NCT-CRC-HE-100K/BACK/BACK-LGTCFCSD.tif,BACK
data/NCT-CRC-HE-100K/BACK/BACK-IHLYLEVI.tif,BACK
data/NCT-CRC-HE-100K/BACK/BACK-AFVMCLCC.tif,BACK
data/NCT-CRC-HE-100K/BACK/BACK-GVPFFGYV.tif,BACK
data/NCT-CRC-HE-100K/BACK/BACK-MAQKAVLW.tif,BACK
data/NCT-CRC-HE-100K/BACK/BACK-GLQMVKQY.tif,BACK
data/NCT-CRC-HE-100K/BACK/BACK-MKKDCVCD.tif,BACK
data/NCT-CRC-HE-100K/BACK/BACK-KTQTEGSI.tif,BACK
data/NCT-CRC-HE-100K/BACK/BACK-APGHTRSE.tif,BACK
data/NCT-CRC-HE-100K/BACK/BACK-MCDLFSWI.tif,BACK
data/NCT-CRC-HE-100K/BACK/BACK-MSMLCWCN.tif,BACK
data/NCT-CRC-HE-100K/BACK/BACK-MLAEQVIK.tif,BACK
data/NCT-CRC-HE-100K/BACK/BACK-GAFVFWAL.tif,BACK
data/NCT-CRC-HE-100K/BACK/BACK-KNQWWPMQ.tif,BACK
data/NCT-CRC-HE-100K/BACK/BACK-IIIDYQKM.tif,BACK
data/NCT-CRC-HE-100K/BACK/BACK-DGGLEKFS.tif,BACK
data/NCT-CRC-HE-100K/BACK/BACK-IMRAYLEQ.tif,BACK
data/NCT-CRC-HE-100K/BACK/BACK-HLVEYFFW.tif,BACK
data/NCT-CRC-HE-100K/BACK/BACK-LIHPIIFI.tif,BACK
data/NCT-CRC-HE-100K/BACK/BACK-AWIIDAAL.tif,BACK
data/NCT-CRC-HE-100K/BACK/BACK-AHYFDMQT.tif,BACK
data/NCT-CRC-HE-100K/BACK/BACK-GFATIRDP.tif,BACK
data/NCT-CRC-HE-100K/BACK/BACK-APDAEDMY.tif,BACK
data/NCT-CRC-HE-100K/BACK/BACK-FTSGWPEL.tif,BACK
data/NCT-CRC-HE-100K/BACK/BACK-NAGAKTYS.tif,BACK
data/NCT-CRC-HE-100K/BACK/BACK-GMFMTDRD.tif,BACK
data/NCT-CRC-HE-100K/BACK/BACK-EYICAEIS.tif,BACK
data/NCT-CRC-HE-100K/BACK/BACK-MADETECR.tif,BACK
data/NCT-CRC-HE-100K/BACK/BACK-LSDTRFYD.tif,BACK
data/NCT-CRC-HE-100K/BACK/BACK-HIVSKNFP.tif,BACK
data/NCT-CRC-HE-100K/BACK/BACK-IFCQLNSM.tif,BACK
data/NCT-CRC-HE-100K/BACK/BACK-FSPGDIDP.tif,BACK
data/NCT-CRC-HE-100K/BACK/BACK-FAAFFNYL.tif,BACK
data/NCT-CRC-HE-100K/BACK/BACK-DESMDAWW.tif,BACK
data/NCT-CRC-HE-100K/BACK/BACK-MQWFDKVC.tif,BACK
data/NCT-CRC-HE-100K/BACK/BACK-HFAKYPDG.tif,BACK
data/NCT-CRC-HE-100K/BACK/BACK-FPSPEWHM.tif,BACK
data/NCT-CRC-HE-100K/BACK/BACK-NCRLYEPA.tif,BACK
data/NCT-CRC-HE-100K/BACK/BACK-MCRGKERN.tif,BACK
data/NCT-CRC-HE-100K/BACK/BACK-HPAGLAES.tif,BACK
data/NCT-CRC-HE-100K/BACK/BACK-EAYLLGNW.tif,BACK
data/NCT-CRC-HE-100K/BACK/BACK-DVSSDPWR.tif,BACK
data/NCT-CRC-HE-100K/BACK/BACK-HFIDDELL.tif,BACK
data/NCT-CRC-HE-100K/BACK/BACK-AEEGAMED.tif,BACK
data/NCT-CRC-HE-100K/BACK/BACK-NCHWGSMN.tif,BACK
data/NCT-CRC-HE-100K/BACK/BACK-AWKFGQKF.tif,BACK
data/NCT-CRC-HE-100K/BACK/BACK-MQMRFTPV.tif,BACK
data/NCT-CRC-HE-100K/BACK/BACK-DWRDTRLC.tif,BACK
data/NCT-CRC-HE-100K/BACK/BACK-HLFNDMTH.tif,BACK
data/NCT-CRC-HE-100K/BACK/BACK-HSQDFNSE.tif,BACK
data/NCT-CRC-HE-100K/BACK/BACK-GMPAPMRG.tif,BACK
data/NCT-CRC-HE-100K/BACK/BACK-NWAIADAL.tif,BACK
data/NCT-CRC-HE-100K/BACK/BACK-GNLDHVFM.tif,BACK
data/NCT-CRC-HE-100K/BACK/BACK-HDARNWWE.tif,BACK
data/NCT-CRC-HE-100K/BACK/BACK-LHTGSPVL.tif,BACK
data/NCT-CRC-HE-100K/BACK/BACK-IMPNQDQT.tif,BACK
data/NCT-CRC-HE-100K/BACK/BACK-NKEEEERR.tif,BACK
data/NCT-CRC-HE-100K/BACK/BACK-KCYNLKDP.tif,BACK
data/NCT-CRC-HE-100K/BACK/BACK-EFKMFNPR.tif,BACK
data/NCT-CRC-HE-100K/BACK/BACK-AALRCESS.tif,BACK
data/NCT-CRC-HE-100K/BACK/BACK-DPYEKEGL.tif,BACK
data/NCT-CRC-HE-100K/BACK/BACK-MRTMNGQD.tif,BACK
data/NCT-CRC-HE-100K/BACK/BACK-ASLFITMW.tif,BACK
data/NCT-CRC-HE-100K/BACK/BACK-KHMVALGA.tif,BACK
data/NCT-CRC-HE-100K/BACK/BACK-DILMVGIT.tif,BACK
data/NCT-CRC-HE-100K/BACK/BACK-HKDFFQGK.tif,BACK
data/NCT-CRC-HE-100K/BACK/BACK-AEFLFQTP.tif,BACK
data/NCT-CRC-HE-100K/BACK/BACK-LAWSCQDL.tif,BACK
data/NCT-CRC-HE-100K/BACK/BACK-FWERGDST.tif,BACK
data/NCT-CRC-HE-100K/BACK/BACK-NPHQYKII.tif,BACK
data/NCT-CRC-HE-100K/BACK/BACK-ENLIKECT.tif,BACK
data/NCT-CRC-HE-100K/BACK/BACK-CGWTVDYG.tif,BACK
data/NCT-CRC-HE-100K/BACK/BACK-MIQWFRMT.tif,BACK
data/NCT-CRC-HE-100K/BACK/BACK-IYFHDKWP.tif,BACK
data/NCT-CRC-HE-100K/BACK/BACK-GHAWCMAV.tif,BACK
data/NCT-CRC-HE-100K/BACK/BACK-EHERQMGI.tif,BACK
data/NCT-CRC-HE-100K/BACK/BACK-MAGFSCMD.tif,BACK
data/NCT-CRC-HE-100K/BACK/BACK-EFIPYSVG.tif,BACK
data/NCT-CRC-HE-100K/BACK/BACK-CEKWQAME.tif,BACK
data/NCT-CRC-HE-100K/BACK/BACK-PEILGNII.tif,BACK
data/NCT-CRC-HE-100K/BACK/BACK-DYAYQKRN.tif,BACK
data/NCT-CRC-HE-100K/BACK/BACK-MYHERQTV.tif,BACK
data/NCT-CRC-HE-100K/BACK/BACK-DCMLGKYI.tif,BACK
data/NCT-CRC-HE-100K/BACK/BACK-LMCLTEWH.tif,BACK
data/NCT-CRC-HE-100K/BACK/BACK-PALVGEPF.tif,BACK
data/NCT-CRC-HE-100K/BACK/BACK-MGRTAEYV.tif,BACK
data/NCT-CRC-HE-100K/BACK/BACK-NLRHPNDN.tif,BACK
data/NCT-CRC-HE-100K/BACK/BACK-IEMPGHWL.tif,BACK
data/NCT-CRC-HE-100K/BACK/BACK-KEHGPACE.tif,BACK
data/NCT-CRC-HE-100K/BACK/BACK-GCKLLGCL.tif,BACK
data/NCT-CRC-HE-100K/BACK/BACK-GVTVTDKT.tif,BACK
data/NCT-CRC-HE-100K/BACK/BACK-GKMNCTWI.tif,BACK
data/NCT-CRC-HE-100K/BACK/BACK-AFNQMPDW.tif,BACK
data/NCT-CRC-HE-100K/BACK/BACK-KCGWYRGS.tif,BACK
data/NCT-CRC-HE-100K/BACK/BACK-GHVECSAS.tif,BACK
data/NCT-CRC-HE-100K/BACK/BACK-FWISMQKH.tif,BACK
data/NCT-CRC-HE-100K/BACK/BACK-MELCENEE.tif,BACK
data/NCT-CRC-HE-100K/BACK/BACK-LYITCMKV.tif,BACK
data/NCT-CRC-HE-100K/BACK/BACK-MMAPDTIM.tif,BACK
data/NCT-CRC-HE-100K/BACK/BACK-HAEPRMYQ.tif,BACK
data/NCT-CRC-HE-100K/BACK/BACK-HKIKWMDF.tif,BACK
data/NCT-CRC-HE-100K/BACK/BACK-EPIPRKWP.tif,BACK
data/NCT-CRC-HE-100K/BACK/BACK-KDGHGASY.tif,BACK
data/NCT-CRC-HE-100K/BACK/BACK-DQINFKPM.tif,BACK
data/NCT-CRC-HE-100K/BACK/BACK-ACYCTVCP.tif,BACK
data/NCT-CRC-HE-100K/BACK/BACK-LQIKMDEC.tif,BACK
data/NCT-CRC-HE-100K/BACK/BACK-DWHVAERD.tif,BACK
data/NCT-CRC-HE-100K/BACK/BACK-MQDFKDWK.tif,BACK
data/NCT-CRC-HE-100K/BACK/BACK-IEIWNVHK.tif,BACK
data/NCT-CRC-HE-100K/BACK/BACK-HRYECVLQ.tif,BACK
data/NCT-CRC-HE-100K/BACK/BACK-KSCDVDWG.tif,BACK
data/NCT-CRC-HE-100K/BACK/BACK-MPPTYPTT.tif,BACK
data/NCT-CRC-HE-100K/BACK/BACK-IQVSTGDD.tif,BACK
data/NCT-CRC-HE-100K/BACK/BACK-PDHWQYCR.tif,BACK
data/NCT-CRC-HE-100K/BACK/BACK-NQCCWCAC.tif,BACK
data/NCT-CRC-HE-100K/BACK/BACK-FIHESHLW.tif,BACK
data/NCT-CRC-HE-100K/BACK/BACK-AGEMSKCT.tif,BACK
data/NCT-CRC-HE-100K/BACK/BACK-HSILCPPG.tif,BACK
data/NCT-CRC-HE-100K/BACK/BACK-MACANNFH.tif,BACK
data/NCT-CRC-HE-100K/BACK/BACK-DYLYHWPP.tif,BACK
data/NCT-CRC-HE-100K/BACK/BACK-EQWWWVGC.tif,BACK
data/NCT-CRC-HE-100K/BACK/BACK-NYYYEEAT.tif,BACK
data/NCT-CRC-HE-100K/BACK/BACK-HPIYYGNE.tif,BACK
data/NCT-CRC-HE-100K/BACK/BACK-LISDQFLT.tif,BACK
data/NCT-CRC-HE-100K/BACK/BACK-AHKYNMLW.tif,BACK
data/NCT-CRC-HE-100K/BACK/BACK-FSCQFTIC.tif,BACK
data/NCT-CRC-HE-100K/BACK/BACK-MSWVHGIR.tif,BACK
data/NCT-CRC-HE-100K/BACK/BACK-FPNTAEKV.tif,BACK
data/NCT-CRC-HE-100K/BACK/BACK-GFISDQYI.tif,BACK
data/NCT-CRC-HE-100K/BACK/BACK-EMSHGIKK.tif,BACK
data/NCT-CRC-HE-100K/BACK/BACK-IVPAKFVK.tif,BACK
data/NCT-CRC-HE-100K/BACK/BACK-CKPKGFAM.tif,BACK
data/NCT-CRC-HE-100K/BACK/BACK-MTPVNKKE.tif,BACK
data/NCT-CRC-HE-100K/BACK/BACK-KKWRPNDT.tif,BACK
data/NCT-CRC-HE-100K/BACK/BACK-FMKLSDAE.tif,BACK
data/NCT-CRC-HE-100K/BACK/BACK-KLKRMQME.tif,BACK
data/NCT-CRC-HE-100K/BACK/BACK-LPMAWCID.tif,BACK
data/NCT-CRC-HE-100K/BACK/BACK-CVSADDPT.tif,BACK
data/NCT-CRC-HE-100K/BACK/BACK-ENSMTSTC.tif,BACK
data/NCT-CRC-HE-100K/BACK/BACK-ECTMMPHG.tif,BACK
data/NCT-CRC-HE-100K/BACK/BACK-KGYPDMLK.tif,BACK
data/NCT-CRC-HE-100K/BACK/BACK-CFATCSCW.tif,BACK
data/NCT-CRC-HE-100K/BACK/BACK-KALFLNSH.tif,BACK
data/NCT-CRC-HE-100K/BACK/BACK-PCNSESAG.tif,BACK
data/NCT-CRC-HE-100K/BACK/BACK-IIFYEITE.tif,BACK
data/NCT-CRC-HE-100K/BACK/BACK-GEQRKGWS.tif,BACK
data/NCT-CRC-HE-100K/BACK/BACK-FTHWKRVC.tif,BACK
data/NCT-CRC-HE-100K/BACK/BACK-KFKFCGQD.tif,BACK
data/NCT-CRC-HE-100K/BACK/BACK-HPWYVHFV.tif,BACK
data/NCT-CRC-HE-100K/BACK/BACK-NNLPVISH.tif,BACK
data/NCT-CRC-HE-100K/BACK/BACK-HEMCEPAC.tif,BACK
data/NCT-CRC-HE-100K/BACK/BACK-CQQNDAHW.tif,BACK
data/NCT-CRC-HE-100K/BACK/BACK-GTDFIWAH.tif,BACK
data/NCT-CRC-HE-100K/BACK/BACK-AMKWWSMS.tif,BACK
data/NCT-CRC-HE-100K/BACK/BACK-LGYGCPKS.tif,BACK
data/NCT-CRC-HE-100K/BACK/BACK-AERKMHAW.tif,BACK
data/NCT-CRC-HE-100K/BACK/BACK-FSPDAACF.tif,BACK
data/NCT-CRC-HE-100K/BACK/BACK-EVTNINYR.tif,BACK
data/NCT-CRC-HE-100K/BACK/BACK-IKFSVTGA.tif,BACK
data/NCT-CRC-HE-100K/BACK/BACK-IFGGWQDM.tif,BACK
data/NCT-CRC-HE-100K/BACK/BACK-KERLFYNF.tif,BACK
data/NCT-CRC-HE-100K/BACK/BACK-PCRVLVGG.tif,BACK
data/NCT-CRC-HE-100K/BACK/BACK-NVYSMEAN.tif,BACK
data/NCT-CRC-HE-100K/BACK/BACK-IGDLDECR.tif,BACK
data/NCT-CRC-HE-100K/BACK/BACK-AQNCQGAE.tif,BACK
data/NCT-CRC-HE-100K/BACK/BACK-NAKEGRQN.tif,BACK
data/NCT-CRC-HE-100K/BACK/BACK-KSLDKLDG.tif,BACK
data/NCT-CRC-HE-100K/BACK/BACK-HPKTDSFD.tif,BACK
data/NCT-CRC-HE-100K/BACK/BACK-MRYEERYS.tif,BACK
data/NCT-CRC-HE-100K/BACK/BACK-DIQPRDKI.tif,BACK
data/NCT-CRC-HE-100K/BACK/BACK-MQIVILQK.tif,BACK
data/NCT-CRC-HE-100K/BACK/BACK-GGWMKYKA.tif,BACK
data/NCT-CRC-HE-100K/BACK/BACK-HEQASSRD.tif,BACK
data/NCT-CRC-HE-100K/BACK/BACK-AKEEKNAP.tif,BACK
data/NCT-CRC-HE-100K/BACK/BACK-IKGYGWWK.tif,BACK
data/NCT-CRC-HE-100K/BACK/BACK-KWNMRYTR.tif,BACK
data/NCT-CRC-HE-100K/BACK/BACK-LVGHTSKE.tif,BACK
data/NCT-CRC-HE-100K/BACK/BACK-DMYCRCQV.tif,BACK
data/NCT-CRC-HE-100K/BACK/BACK-ARSNSRMN.tif,BACK
data/NCT-CRC-HE-100K/BACK/BACK-CLRQHFMA.tif,BACK
data/NCT-CRC-HE-100K/BACK/BACK-MQVGESCH.tif,BACK
data/NCT-CRC-HE-100K/BACK/BACK-HMCMDQPK.tif,BACK
data/NCT-CRC-HE-100K/BACK/BACK-HRYFFYPT.tif,BACK
data/NCT-CRC-HE-100K/BACK/BACK-ACPDLGPG.tif,BACK
data/NCT-CRC-HE-100K/BACK/BACK-CGPYTHWC.tif,BACK
data/NCT-CRC-HE-100K/BACK/BACK-EPNPVQSR.tif,BACK
data/NCT-CRC-HE-100K/BACK/BACK-DCRKTTTQ.tif,BACK
data/NCT-CRC-HE-100K/BACK/BACK-MFQYYFIF.tif,BACK
data/NCT-CRC-HE-100K/BACK/BACK-KVQTNLID.tif,BACK
data/NCT-CRC-HE-100K/BACK/BACK-ASGNIWAK.tif,BACK
data/NCT-CRC-HE-100K/BACK/BACK-GWTCGMNP.tif,BACK
data/NCT-CRC-HE-100K/BACK/BACK-AKNNGWHC.tif,BACK
data/NCT-CRC-HE-100K/BACK/BACK-GWVELEAE.tif,BACK
data/NCT-CRC-HE-100K/BACK/BACK-IHMNQTTI.tif,BACK
data/NCT-CRC-HE-100K/BACK/BACK-DIFWNPLA.tif,BACK
data/NCT-CRC-HE-100K/BACK/BACK-PCTMPTCY.tif,BACK
data/NCT-CRC-HE-100K/BACK/BACK-GFNYMQWC.tif,BACK
data/NCT-CRC-HE-100K/BACK/BACK-INMWDDIC.tif,BACK
data/NCT-CRC-HE-100K/BACK/BACK-DQNKCEVK.tif,BACK
data/NCT-CRC-HE-100K/BACK/BACK-NGTPSPQW.tif,BACK
data/NCT-CRC-HE-100K/BACK/BACK-DSLSSSCL.tif,BACK
data/NCT-CRC-HE-100K/BACK/BACK-IMWGAHCI.tif,BACK
data/NCT-CRC-HE-100K/BACK/BACK-GSVPMEYK.tif,BACK
data/NCT-CRC-HE-100K/BACK/BACK-LQKQWYEA.tif,BACK
data/NCT-CRC-HE-100K/BACK/BACK-CDAKIQIT.tif,BACK
data/NCT-CRC-HE-100K/BACK/BACK-ECDFGRVE.tif,BACK
data/NCT-CRC-HE-100K/BACK/BACK-DIHSCPSR.tif,BACK
data/NCT-CRC-HE-100K/BACK/BACK-DMLIHNLQ.tif,BACK
data/NCT-CRC-HE-100K/BACK/BACK-LCAWCHSA.tif,BACK
data/NCT-CRC-HE-100K/BACK/BACK-PFFCVRPR.tif,BACK
data/NCT-CRC-HE-100K/BACK/BACK-ATPEFTHL.tif,BACK
data/NCT-CRC-HE-100K/BACK/BACK-LTKNYNKA.tif,BACK
data/NCT-CRC-HE-100K/BACK/BACK-ASLDVWWR.tif,BACK
data/NCT-CRC-HE-100K/BACK/BACK-MMEIVQIY.tif,BACK
data/NCT-CRC-HE-100K/BACK/BACK-PADMYWRV.tif,BACK
data/NCT-CRC-HE-100K/BACK/BACK-IFKVDKTL.tif,BACK
data/NCT-CRC-HE-100K/BACK/BACK-EKTMGCNK.tif,BACK
data/NCT-CRC-HE-100K/BACK/BACK-HLGESPMY.tif,BACK
data/NCT-CRC-HE-100K/BACK/BACK-NCQHYEVE.tif,BACK
data/NCT-CRC-HE-100K/BACK/BACK-CMIIEQYW.tif,BACK
data/NCT-CRC-HE-100K/BACK/BACK-CLLHNPVA.tif,BACK
data/NCT-CRC-HE-100K/BACK/BACK-MNWINHLV.tif,BACK
data/NCT-CRC-HE-100K/BACK/BACK-EHKATCFE.tif,BACK
data/NCT-CRC-HE-100K/BACK/BACK-GCIGQQDK.tif,BACK
data/NCT-CRC-HE-100K/BACK/BACK-EVGMEDWT.tif,BACK
data/NCT-CRC-HE-100K/BACK/BACK-FYPTSQAG.tif,BACK
data/NCT-CRC-HE-100K/BACK/BACK-FTSFVIAG.tif,BACK
data/NCT-CRC-HE-100K/BACK/BACK-FWTHYGLE.tif,BACK
data/NCT-CRC-HE-100K/BACK/BACK-LSPELDHS.tif,BACK
data/NCT-CRC-HE-100K/BACK/BACK-KNYDWHAW.tif,BACK
data/NCT-CRC-HE-100K/BACK/BACK-DWHHMFGT.tif,BACK
data/NCT-CRC-HE-100K/BACK/BACK-KLECQLAD.tif,BACK
data/NCT-CRC-HE-100K/BACK/BACK-MLHMFFES.tif,BACK
data/NCT-CRC-HE-100K/BACK/BACK-DVQSIVWS.tif,BACK
data/NCT-CRC-HE-100K/BACK/BACK-AQQGYKPT.tif,BACK
data/NCT-CRC-HE-100K/BACK/BACK-PANWMIEV.tif,BACK
data/NCT-CRC-HE-100K/BACK/BACK-NCMDGIEW.tif,BACK
data/NCT-CRC-HE-100K/BACK/BACK-EILMFMYT.tif,BACK
data/NCT-CRC-HE-100K/BACK/BACK-PFDRVALD.tif,BACK
data/NCT-CRC-HE-100K/BACK/BACK-LQQCFTDW.tif,BACK
data/NCT-CRC-HE-100K/BACK/BACK-ANVADANI.tif,BACK
data/NCT-CRC-HE-100K/BACK/BACK-GYISHKRR.tif,BACK
data/NCT-CRC-HE-100K/BACK/BACK-CHKIRIIY.tif,BACK
data/NCT-CRC-HE-100K/BACK/BACK-EQMHQMRT.tif,BACK
data/NCT-CRC-HE-100K/BACK/BACK-KPADNVFH.tif,BACK
data/NCT-CRC-HE-100K/BACK/BACK-NNWDESKC.tif,BACK
data/NCT-CRC-HE-100K/BACK/BACK-FNDSCNCY.tif,BACK
data/NCT-CRC-HE-100K/BACK/BACK-KPWRHFCI.tif,BACK
data/NCT-CRC-HE-100K/BACK/BACK-LVQAPEVP.tif,BACK
data/NCT-CRC-HE-100K/BACK/BACK-DYWAGTVV.tif,BACK
data/NCT-CRC-HE-100K/BACK/BACK-HGHMDDVM.tif,BACK
data/NCT-CRC-HE-100K/BACK/BACK-DMTDQEAS.tif,BACK
data/NCT-CRC-HE-100K/BACK/BACK-KYMWSWAL.tif,BACK
data/NCT-CRC-HE-100K/BACK/BACK-MMNVNDNW.tif,BACK
data/NCT-CRC-HE-100K/BACK/BACK-CARRFTGQ.tif,BACK
data/NCT-CRC-HE-100K/BACK/BACK-CMDWNKRP.tif,BACK
data/NCT-CRC-HE-100K/BACK/BACK-LSPYNIIW.tif,BACK
data/NCT-CRC-HE-100K/BACK/BACK-HKRDYIPK.tif,BACK
data/NCT-CRC-HE-100K/BACK/BACK-AAYLCKMA.tif,BACK
data/NCT-CRC-HE-100K/BACK/BACK-CLGALPYA.tif,BACK
data/NCT-CRC-HE-100K/BACK/BACK-CYDNLRML.tif,BACK
data/NCT-CRC-HE-100K/BACK/BACK-KATFQFIQ.tif,BACK
data/NCT-CRC-HE-100K/BACK/BACK-NMPWFAAI.tif,BACK
data/NCT-CRC-HE-100K/BACK/BACK-HNQTIETT.tif,BACK
data/NCT-CRC-HE-100K/BACK/BACK-MSLQPQVL.tif,BACK
data/NCT-CRC-HE-100K/BACK/BACK-KMADYDKF.tif,BACK
data/NCT-CRC-HE-100K/BACK/BACK-HHEMLLRK.tif,BACK
data/NCT-CRC-HE-100K/BACK/BACK-ICCDQGKE.tif,BACK
data/NCT-CRC-HE-100K/BACK/BACK-LQQNTLMV.tif,BACK
data/NCT-CRC-HE-100K/BACK/BACK-HSGYVEAD.tif,BACK
data/NCT-CRC-HE-100K/BACK/BACK-PDHDENID.tif,BACK
data/NCT-CRC-HE-100K/BACK/BACK-DFRYHKHW.tif,BACK
data/NCT-CRC-HE-100K/BACK/BACK-DNFVLEKC.tif,BACK
data/NCT-CRC-HE-100K/BACK/BACK-GYQYITQH.tif,BACK
data/NCT-CRC-HE-100K/BACK/BACK-AINVANLW.tif,BACK
data/NCT-CRC-HE-100K/BACK/BACK-ELRKIVRV.tif,BACK
data/NCT-CRC-HE-100K/BACK/BACK-DIEEAIDL.tif,BACK
data/NCT-CRC-HE-100K/BACK/BACK-AHLCIPER.tif,BACK
data/NCT-CRC-HE-100K/BACK/BACK-HHVTRRHK.tif,BACK
data/NCT-CRC-HE-100K/BACK/BACK-NMPHAQPP.tif,BACK
data/NCT-CRC-HE-100K/BACK/BACK-EQPSRPII.tif,BACK
data/NCT-CRC-HE-100K/BACK/BACK-ASPPQFDK.tif,BACK
data/NCT-CRC-HE-100K/BACK/BACK-IRSILKQE.tif,BACK
data/NCT-CRC-HE-100K/BACK/BACK-CDVNNSRL.tif,BACK
data/NCT-CRC-HE-100K/BACK/BACK-GVSYFCNT.tif,BACK
data/NCT-CRC-HE-100K/BACK/BACK-IGENKYMR.tif,BACK
data/NCT-CRC-HE-100K/BACK/BACK-AWVTLKTC.tif,BACK
data/NCT-CRC-HE-100K/BACK/BACK-NKCITYIQ.tif,BACK
data/NCT-CRC-HE-100K/BACK/BACK-EEPDNGSN.tif,BACK
data/NCT-CRC-HE-100K/BACK/BACK-HQPGKETR.tif,BACK
data/NCT-CRC-HE-100K/BACK/BACK-CKLIDLIC.tif,BACK
data/NCT-CRC-HE-100K/BACK/BACK-IPILYESN.tif,BACK
data/NCT-CRC-HE-100K/BACK/BACK-AYNMTFVN.tif,BACK
data/NCT-CRC-HE-100K/BACK/BACK-KHAESCIW.tif,BACK
data/NCT-CRC-HE-100K/BACK/BACK-HPPAIMWS.tif,BACK
data/NCT-CRC-HE-100K/BACK/BACK-NLGCDLPH.tif,BACK
data/NCT-CRC-HE-100K/BACK/BACK-NSIQDSLL.tif,BACK
data/NCT-CRC-HE-100K/BACK/BACK-FVNGVFPD.tif,BACK
data/NCT-CRC-HE-100K/BACK/BACK-GVHCRHFT.tif,BACK
data/NCT-CRC-HE-100K/BACK/BACK-MPYKSQAA.tif,BACK
data/NCT-CRC-HE-100K/BACK/BACK-KMTEWRPF.tif,BACK
data/NCT-CRC-HE-100K/BACK/BACK-IREMDWAN.tif,BACK
data/NCT-CRC-HE-100K/BACK/BACK-EKYCLLDF.tif,BACK
data/NCT-CRC-HE-100K/BACK/BACK-AMQWHHET.tif,BACK
data/NCT-CRC-HE-100K/BACK/BACK-KMTHLQRV.tif,BACK
data/NCT-CRC-HE-100K/BACK/BACK-GASINHHR.tif,BACK
data/NCT-CRC-HE-100K/BACK/BACK-EPMRRSLN.tif,BACK
data/NCT-CRC-HE-100K/BACK/BACK-IFNHKWVL.tif,BACK
data/NCT-CRC-HE-100K/BACK/BACK-CEPDWQFM.tif,BACK
data/NCT-CRC-HE-100K/BACK/BACK-HQKRCHQD.tif,BACK
data/NCT-CRC-HE-100K/BACK/BACK-CSVQYYKE.tif,BACK
data/NCT-CRC-HE-100K/BACK/BACK-DHIFHQFL.tif,BACK
data/NCT-CRC-HE-100K/BACK/BACK-AKVAPDAV.tif,BACK
data/NCT-CRC-HE-100K/BACK/BACK-HNDNLGAC.tif,BACK
data/NCT-CRC-HE-100K/BACK/BACK-AIDHFQFS.tif,BACK
data/NCT-CRC-HE-100K/BACK/BACK-EINECPDA.tif,BACK
data/NCT-CRC-HE-100K/BACK/BACK-HCWTSWTC.tif,BACK
data/NCT-CRC-HE-100K/BACK/BACK-MLVARLAI.tif,BACK
data/NCT-CRC-HE-100K/BACK/BACK-KYNEIWGH.tif,BACK
data/NCT-CRC-HE-100K/BACK/BACK-CLKGLGMQ.tif,BACK
data/NCT-CRC-HE-100K/BACK/BACK-AWPCMWKW.tif,BACK
data/NCT-CRC-HE-100K/BACK/BACK-MDPYRTGP.tif,BACK
data/NCT-CRC-HE-100K/BACK/BACK-ILTTPLDV.tif,BACK
data/NCT-CRC-HE-100K/BACK/BACK-GAFDEMHA.tif,BACK
data/NCT-CRC-HE-100K/BACK/BACK-ALQDKLEL.tif,BACK
data/NCT-CRC-HE-100K/BACK/BACK-LSAIFSWH.tif,BACK
data/NCT-CRC-HE-100K/BACK/BACK-CSRPVKFA.tif,BACK
data/NCT-CRC-HE-100K/BACK/BACK-CLGIEYTF.tif,BACK
data/NCT-CRC-HE-100K/BACK/BACK-HGGSTWFR.tif,BACK
data/NCT-CRC-HE-100K/BACK/BACK-HQTHAYSH.tif,BACK
data/NCT-CRC-HE-100K/BACK/BACK-CTSGPCGP.tif,BACK
data/NCT-CRC-HE-100K/BACK/BACK-KVRYELRC.tif,BACK
data/NCT-CRC-HE-100K/BACK/BACK-ANNLGMQF.tif,BACK
data/NCT-CRC-HE-100K/BACK/BACK-DWCTYQSK.tif,BACK
data/NCT-CRC-HE-100K/BACK/BACK-LSHHHISE.tif,BACK
data/NCT-CRC-HE-100K/BACK/BACK-NVYITGAR.tif,BACK
data/NCT-CRC-HE-100K/BACK/BACK-GLFYPWLR.tif,BACK
data/NCT-CRC-HE-100K/BACK/BACK-APTWTHEC.tif,BACK
data/NCT-CRC-HE-100K/BACK/BACK-AAHIIGKS.tif,BACK
data/NCT-CRC-HE-100K/BACK/BACK-IAPNMHSN.tif,BACK
data/NCT-CRC-HE-100K/BACK/BACK-HHVFRPSR.tif,BACK
data/NCT-CRC-HE-100K/BACK/BACK-DWYLCPED.tif,BACK
data/NCT-CRC-HE-100K/BACK/BACK-MIMCVAGP.tif,BACK
data/NCT-CRC-HE-100K/BACK/BACK-DSHEQMFH.tif,BACK
data/NCT-CRC-HE-100K/BACK/BACK-EAEPCHMM.tif,BACK
data/NCT-CRC-HE-100K/BACK/BACK-EHLYPETW.tif,BACK
data/NCT-CRC-HE-100K/BACK/BACK-DYRKCGPP.tif,BACK
data/NCT-CRC-HE-100K/BACK/BACK-PEPGAVGC.tif,BACK
data/NCT-CRC-HE-100K/BACK/BACK-FPRDMQCH.tif,BACK
data/NCT-CRC-HE-100K/BACK/BACK-NVLFTPVR.tif,BACK
data/NCT-CRC-HE-100K/BACK/BACK-HERDRVHA.tif,BACK
data/NCT-CRC-HE-100K/BACK/BACK-AIWKDFIG.tif,BACK
data/NCT-CRC-HE-100K/BACK/BACK-LCWYKQAV.tif,BACK
data/NCT-CRC-HE-100K/BACK/BACK-NWCAFGIC.tif,BACK
data/NCT-CRC-HE-100K/BACK/BACK-FHMMTIVV.tif,BACK
data/NCT-CRC-HE-100K/BACK/BACK-FNRWIGVN.tif,BACK
data/NCT-CRC-HE-100K/BACK/BACK-PCTTCHEI.tif,BACK
data/NCT-CRC-HE-100K/BACK/BACK-GIETYKYF.tif,BACK
data/NCT-CRC-HE-100K/BACK/BACK-HESHSFSA.tif,BACK
data/NCT-CRC-HE-100K/BACK/BACK-FMWRPYYG.tif,BACK
data/NCT-CRC-HE-100K/BACK/BACK-HNMTGHDP.tif,BACK
data/NCT-CRC-HE-100K/BACK/BACK-FHLDAMGI.tif,BACK
data/NCT-CRC-HE-100K/BACK/BACK-ECKSAKEC.tif,BACK
data/NCT-CRC-HE-100K/BACK/BACK-IVVGELGE.tif,BACK
data/NCT-CRC-HE-100K/BACK/BACK-KRMLMEAM.tif,BACK
data/NCT-CRC-HE-100K/BACK/BACK-HSQHWSET.tif,BACK
data/NCT-CRC-HE-100K/BACK/BACK-MQRQDSLM.tif,BACK
data/NCT-CRC-HE-100K/BACK/BACK-DNTIFGPD.tif,BACK
data/NCT-CRC-HE-100K/BACK/BACK-IFFKKSCC.tif,BACK
data/NCT-CRC-HE-100K/BACK/BACK-MQNITQSK.tif,BACK
data/NCT-CRC-HE-100K/BACK/BACK-AFMRVYDT.tif,BACK
data/NCT-CRC-HE-100K/BACK/BACK-EASLQCDI.tif,BACK
data/NCT-CRC-HE-100K/BACK/BACK-NATAQGKI.tif,BACK
data/NCT-CRC-HE-100K/BACK/BACK-ACVKWLEH.tif,BACK
data/NCT-CRC-HE-100K/BACK/BACK-IGKEQAIW.tif,BACK
data/NCT-CRC-HE-100K/BACK/BACK-EGLYHSWC.tif,BACK
data/NCT-CRC-HE-100K/BACK/BACK-DSYPMLTG.tif,BACK
data/NCT-CRC-HE-100K/BACK/BACK-AHNSIYPP.tif,BACK
data/NCT-CRC-HE-100K/BACK/BACK-AKMMITWY.tif,BACK
data/NCT-CRC-HE-100K/BACK/BACK-HDCHGNQC.tif,BACK
data/NCT-CRC-HE-100K/BACK/BACK-LQATCFTH.tif,BACK
data/NCT-CRC-HE-100K/BACK/BACK-ACGWMLQD.tif,BACK
data/NCT-CRC-HE-100K/BACK/BACK-AQLNSVAT.tif,BACK
data/NCT-CRC-HE-100K/BACK/BACK-ATSLATTG.tif,BACK
data/NCT-CRC-HE-100K/BACK/BACK-DDEDHDCA.tif,BACK
data/NCT-CRC-HE-100K/BACK/BACK-MTKIPHGV.tif,BACK
data/NCT-CRC-HE-100K/BACK/BACK-NPDKCSHK.tif,BACK
data/NCT-CRC-HE-100K/BACK/BACK-DSNNGEHK.tif,BACK
data/NCT-CRC-HE-100K/BACK/BACK-DVTIGYWN.tif,BACK
data/NCT-CRC-HE-100K/BACK/BACK-ICPNRYAQ.tif,BACK
data/NCT-CRC-HE-100K/BACK/BACK-AKYNVPAT.tif,BACK
data/NCT-CRC-HE-100K/BACK/BACK-ITYRRCHR.tif,BACK
data/NCT-CRC-HE-100K/BACK/BACK-KFAWIFVY.tif,BACK
data/NCT-CRC-HE-100K/BACK/BACK-MRPWMYGY.tif,BACK
data/NCT-CRC-HE-100K/BACK/BACK-HGCQLGDC.tif,BACK
data/NCT-CRC-HE-100K/BACK/BACK-FRNKWRGG.tif,BACK
data/NCT-CRC-HE-100K/BACK/BACK-DNSKRCQC.tif,BACK
data/NCT-CRC-HE-100K/BACK/BACK-HSYRWKTY.tif,BACK
data/NCT-CRC-HE-100K/BACK/BACK-LQCYCGKW.tif,BACK
data/NCT-CRC-HE-100K/BACK/BACK-FDSFQNNY.tif,BACK
data/NCT-CRC-HE-100K/BACK/BACK-MDDHRCWM.tif,BACK
data/NCT-CRC-HE-100K/BACK/BACK-ILCNSYIH.tif,BACK
data/NCT-CRC-HE-100K/BACK/BACK-CHVEMKVN.tif,BACK
data/NCT-CRC-HE-100K/BACK/BACK-DKWPVYMV.tif,BACK
data/NCT-CRC-HE-100K/BACK/BACK-IPGHLLCH.tif,BACK
data/NCT-CRC-HE-100K/BACK/BACK-MQYLRFSN.tif,BACK
data/NCT-CRC-HE-100K/BACK/BACK-HNCICPTM.tif,BACK
data/NCT-CRC-HE-100K/BACK/BACK-CSYPNLFV.tif,BACK
data/NCT-CRC-HE-100K/BACK/BACK-KDFHRPFV.tif,BACK
data/NCT-CRC-HE-100K/BACK/BACK-KEWGEDIQ.tif,BACK
data/NCT-CRC-HE-100K/BACK/BACK-FQSWLMQT.tif,BACK
data/NCT-CRC-HE-100K/BACK/BACK-KVRFVSDP.tif,BACK
data/NCT-CRC-HE-100K/BACK/BACK-IDLEQHDK.tif,BACK
data/NCT-CRC-HE-100K/BACK/BACK-FHALSDSQ.tif,BACK
data/NCT-CRC-HE-100K/BACK/BACK-IIHCYHCP.tif,BACK
data/NCT-CRC-HE-100K/BACK/BACK-FNRIALEV.tif,BACK
data/NCT-CRC-HE-100K/BACK/BACK-LCEGNCRV.tif,BACK
data/NCT-CRC-HE-100K/BACK/BACK-IIWHSMDA.tif,BACK
data/NCT-CRC-HE-100K/BACK/BACK-MYVLNQHS.tif,BACK
data/NCT-CRC-HE-100K/BACK/BACK-CGLYACHC.tif,BACK
data/NCT-CRC-HE-100K/BACK/BACK-FTGAHLTG.tif,BACK
data/NCT-CRC-HE-100K/BACK/BACK-GFWKTRYH.tif,BACK
data/NCT-CRC-HE-100K/BACK/BACK-LYCRHRWR.tif,BACK
data/NCT-CRC-HE-100K/BACK/BACK-HYACFLVA.tif,BACK
data/NCT-CRC-HE-100K/BACK/BACK-MGGTWSLE.tif,BACK
data/NCT-CRC-HE-100K/BACK/BACK-AIFTWYDF.tif,BACK
data/NCT-CRC-HE-100K/BACK/BACK-NLFTDHWG.tif,BACK
data/NCT-CRC-HE-100K/BACK/BACK-NPEDSEMC.tif,BACK
data/NCT-CRC-HE-100K/BACK/BACK-KWVPHLHR.tif,BACK
data/NCT-CRC-HE-100K/BACK/BACK-FMPDVSFA.tif,BACK
data/NCT-CRC-HE-100K/BACK/BACK-GGCTCGIG.tif,BACK
data/NCT-CRC-HE-100K/BACK/BACK-ARHEMCIG.tif,BACK
data/NCT-CRC-HE-100K/BACK/BACK-NPACTNEM.tif,BACK
data/NCT-CRC-HE-100K/BACK/BACK-HCKDFACE.tif,BACK
data/NCT-CRC-HE-100K/BACK/BACK-IGNMMEPS.tif,BACK
data/NCT-CRC-HE-100K/BACK/BACK-NWCLLGPC.tif,BACK
data/NCT-CRC-HE-100K/BACK/BACK-DAEQMIRQ.tif,BACK
data/NCT-CRC-HE-100K/BACK/BACK-MDKEQDPW.tif,BACK
data/NCT-CRC-HE-100K/BACK/BACK-AVKTPAVQ.tif,BACK
data/NCT-CRC-HE-100K/BACK/BACK-DRIVWRGE.tif,BACK
data/NCT-CRC-HE-100K/BACK/BACK-IHGVPGKE.tif,BACK
data/NCT-CRC-HE-100K/BACK/BACK-ALDNSGGD.tif,BACK
data/NCT-CRC-HE-100K/BACK/BACK-IVYIARIG.tif,BACK
data/NCT-CRC-HE-100K/BACK/BACK-IHQCSPCH.tif,BACK
data/NCT-CRC-HE-100K/BACK/BACK-KDTCPVMW.tif,BACK
data/NCT-CRC-HE-100K/BACK/BACK-CYKGAPRS.tif,BACK
data/NCT-CRC-HE-100K/BACK/BACK-KQNFDWQQ.tif,BACK
data/NCT-CRC-HE-100K/BACK/BACK-KRASKENN.tif,BACK
data/NCT-CRC-HE-100K/BACK/BACK-EAMGEWKL.tif,BACK
data/NCT-CRC-HE-100K/BACK/BACK-EFEIKHSY.tif,BACK
data/NCT-CRC-HE-100K/BACK/BACK-HIWWWFCK.tif,BACK
data/NCT-CRC-HE-100K/BACK/BACK-KWTTDYDL.tif,BACK
data/NCT-CRC-HE-100K/BACK/BACK-IQPANVCK.tif,BACK
data/NCT-CRC-HE-100K/BACK/BACK-DYRNVGMF.tif,BACK
data/NCT-CRC-HE-100K/BACK/BACK-NEGWNDGC.tif,BACK
data/NCT-CRC-HE-100K/BACK/BACK-GIWVTCAP.tif,BACK
data/NCT-CRC-HE-100K/BACK/BACK-LLYADVFH.tif,BACK
data/NCT-CRC-HE-100K/BACK/BACK-DDLYTAWA.tif,BACK
data/NCT-CRC-HE-100K/BACK/BACK-HVIQITKS.tif,BACK
data/NCT-CRC-HE-100K/BACK/BACK-HLLKYIDW.tif,BACK
data/NCT-CRC-HE-100K/BACK/BACK-DQTRGHTN.tif,BACK
data/NCT-CRC-HE-100K/BACK/BACK-NWTWGVDK.tif,BACK
data/NCT-CRC-HE-100K/BACK/BACK-KWETGHPK.tif,BACK
data/NCT-CRC-HE-100K/BACK/BACK-NYQDGLNP.tif,BACK
data/NCT-CRC-HE-100K/BACK/BACK-LTAHLGNS.tif,BACK
data/NCT-CRC-HE-100K/BACK/BACK-AYNFSAHP.tif,BACK
data/NCT-CRC-HE-100K/BACK/BACK-ERLMGTVY.tif,BACK
data/NCT-CRC-HE-100K/BACK/BACK-FWERLKWI.tif,BACK
data/NCT-CRC-HE-100K/BACK/BACK-NAVMICLE.tif,BACK
data/NCT-CRC-HE-100K/BACK/BACK-HDKWWLCP.tif,BACK
data/NCT-CRC-HE-100K/BACK/BACK-GPDTCDLF.tif,BACK
data/NCT-CRC-HE-100K/BACK/BACK-ICRCTSCG.tif,BACK
data/NCT-CRC-HE-100K/BACK/BACK-PCMMDYHY.tif,BACK
data/NCT-CRC-HE-100K/BACK/BACK-ARQQASKH.tif,BACK
data/NCT-CRC-HE-100K/BACK/BACK-GMNWMMKC.tif,BACK
data/NCT-CRC-HE-100K/BACK/BACK-MKTLQNRS.tif,BACK
data/NCT-CRC-HE-100K/BACK/BACK-KDATDMLQ.tif,BACK
data/NCT-CRC-HE-100K/BACK/BACK-APFTYWPR.tif,BACK
data/NCT-CRC-HE-100K/BACK/BACK-IQGWCIHV.tif,BACK
data/NCT-CRC-HE-100K/BACK/BACK-GDLMEWWM.tif,BACK
data/NCT-CRC-HE-100K/BACK/BACK-IAGEMFQN.tif,BACK
data/NCT-CRC-HE-100K/BACK/BACK-EYRTTERE.tif,BACK
data/NCT-CRC-HE-100K/BACK/BACK-HLYCNYYR.tif,BACK
data/NCT-CRC-HE-100K/BACK/BACK-DMMDFLDF.tif,BACK
data/NCT-CRC-HE-100K/BACK/BACK-DLYFVQPC.tif,BACK
data/NCT-CRC-HE-100K/BACK/BACK-DCNQLGAE.tif,BACK
data/NCT-CRC-HE-100K/BACK/BACK-NPRTRYPR.tif,BACK
data/NCT-CRC-HE-100K/BACK/BACK-HQEPITAW.tif,BACK
data/NCT-CRC-HE-100K/BACK/BACK-EDMMPRRS.tif,BACK
data/NCT-CRC-HE-100K/BACK/BACK-AMWKRVSH.tif,BACK
data/NCT-CRC-HE-100K/BACK/BACK-KCSWWPRN.tif,BACK
data/NCT-CRC-HE-100K/BACK/BACK-MVSESFWW.tif,BACK
data/NCT-CRC-HE-100K/BACK/BACK-IKIHEEQR.tif,BACK
data/NCT-CRC-HE-100K/BACK/BACK-KRRKFHRA.tif,BACK
data/NCT-CRC-HE-100K/BACK/BACK-CIYNCASF.tif,BACK
data/NCT-CRC-HE-100K/BACK/BACK-CKNVIAFE.tif,BACK
data/NCT-CRC-HE-100K/BACK/BACK-KAAWWWYS.tif,BACK
data/NCT-CRC-HE-100K/BACK/BACK-MHKAWVCT.tif,BACK
data/NCT-CRC-HE-100K/BACK/BACK-MLSVPTEG.tif,BACK
data/NCT-CRC-HE-100K/BACK/BACK-DNWFHQLP.tif,BACK
data/NCT-CRC-HE-100K/BACK/BACK-EFDAYMEY.tif,BACK
data/NCT-CRC-HE-100K/BACK/BACK-DVSEFGVK.tif,BACK
data/NCT-CRC-HE-100K/BACK/BACK-EYNPWCLN.tif,BACK
data/NCT-CRC-HE-100K/BACK/BACK-FIHAGMFV.tif,BACK
data/NCT-CRC-HE-100K/BACK/BACK-AMHFGRLF.tif,BACK
data/NCT-CRC-HE-100K/BACK/BACK-LWQEAKCM.tif,BACK
data/NCT-CRC-HE-100K/BACK/BACK-DMYSGLFS.tif,BACK
data/NCT-CRC-HE-100K/BACK/BACK-LHDGVNYE.tif,BACK
data/NCT-CRC-HE-100K/BACK/BACK-NTSAFICV.tif,BACK
data/NCT-CRC-HE-100K/BACK/BACK-GLPIFDAY.tif,BACK
data/NCT-CRC-HE-100K/BACK/BACK-HHASQHKH.tif,BACK
data/NCT-CRC-HE-100K/BACK/BACK-DFQWSRHP.tif,BACK
data/NCT-CRC-HE-100K/BACK/BACK-IPRITPGA.tif,BACK
data/NCT-CRC-HE-100K/BACK/BACK-FYYWLQYK.tif,BACK
data/NCT-CRC-HE-100K/BACK/BACK-DYINQGMS.tif,BACK
data/NCT-CRC-HE-100K/BACK/BACK-HKLPVNCK.tif,BACK
data/NCT-CRC-HE-100K/BACK/BACK-NWNIFRCY.tif,BACK
data/NCT-CRC-HE-100K/BACK/BACK-LLHAERMA.tif,BACK
data/NCT-CRC-HE-100K/BACK/BACK-HFRLNKCA.tif,BACK
data/NCT-CRC-HE-100K/BACK/BACK-MCVHMKVK.tif,BACK
data/NCT-CRC-HE-100K/BACK/BACK-DRLTAPGL.tif,BACK
data/NCT-CRC-HE-100K/BACK/BACK-IALFFPYH.tif,BACK
data/NCT-CRC-HE-100K/BACK/BACK-MMIDNYLA.tif,BACK
data/NCT-CRC-HE-100K/BACK/BACK-GSPVYECY.tif,BACK
data/NCT-CRC-HE-100K/BACK/BACK-FLNQCPKT.tif,BACK
data/NCT-CRC-HE-100K/BACK/BACK-ICFTFMGK.tif,BACK
data/NCT-CRC-HE-100K/BACK/BACK-HLTTQRHH.tif,BACK
data/NCT-CRC-HE-100K/BACK/BACK-KVRNMNGY.tif,BACK
data/NCT-CRC-HE-100K/BACK/BACK-LQKSKKNM.tif,BACK
data/NCT-CRC-HE-100K/BACK/BACK-GSVSPWFG.tif,BACK
data/NCT-CRC-HE-100K/BACK/BACK-IQDQLHEQ.tif,BACK
data/NCT-CRC-HE-100K/BACK/BACK-INMRNQIE.tif,BACK
data/NCT-CRC-HE-100K/BACK/BACK-CTKEAMNW.tif,BACK
data/NCT-CRC-HE-100K/BACK/BACK-DVYPLGFQ.tif,BACK
data/NCT-CRC-HE-100K/BACK/BACK-ACRYYHWR.tif,BACK
data/NCT-CRC-HE-100K/BACK/BACK-NASANVMA.tif,BACK
data/NCT-CRC-HE-100K/BACK/BACK-NGTFGYLI.tif,BACK
data/NCT-CRC-HE-100K/BACK/BACK-PCKIKQHM.tif,BACK
data/NCT-CRC-HE-100K/BACK/BACK-LSLVACEI.tif,BACK
data/NCT-CRC-HE-100K/BACK/BACK-DAFIPRPA.tif,BACK
data/NCT-CRC-HE-100K/BACK/BACK-EWRGPDGR.tif,BACK
data/NCT-CRC-HE-100K/BACK/BACK-NHAAQIIF.tif,BACK
data/NCT-CRC-HE-100K/BACK/BACK-PGCFFQET.tif,BACK
data/NCT-CRC-HE-100K/BACK/BACK-NKYGEKRP.tif,BACK
data/NCT-CRC-HE-100K/BACK/BACK-LREHHKLH.tif,BACK
data/NCT-CRC-HE-100K/BACK/BACK-DCYAAKAT.tif,BACK
data/NCT-CRC-HE-100K/BACK/BACK-GCQCIMGD.tif,BACK
data/NCT-CRC-HE-100K/BACK/BACK-NQFAKKKG.tif,BACK
data/NCT-CRC-HE-100K/BACK/BACK-EEVNADYY.tif,BACK
data/NCT-CRC-HE-100K/BACK/BACK-IAHTLEAR.tif,BACK
data/NCT-CRC-HE-100K/BACK/BACK-CNLAANNF.tif,BACK
data/NCT-CRC-HE-100K/BACK/BACK-APQFVTIF.tif,BACK
data/NCT-CRC-HE-100K/BACK/BACK-AELWWTHP.tif,BACK
data/NCT-CRC-HE-100K/BACK/BACK-DELTPEDM.tif,BACK
data/NCT-CRC-HE-100K/BACK/BACK-HSIKTVDW.tif,BACK
data/NCT-CRC-HE-100K/BACK/BACK-LAYLYNMI.tif,BACK
data/NCT-CRC-HE-100K/BACK/BACK-HAHIKPDC.tif,BACK
data/NCT-CRC-HE-100K/BACK/BACK-DASTECDR.tif,BACK
data/NCT-CRC-HE-100K/BACK/BACK-KMLENIHS.tif,BACK
data/NCT-CRC-HE-100K/BACK/BACK-HVTWYNDH.tif,BACK
data/NCT-CRC-HE-100K/BACK/BACK-NCDKPLPW.tif,BACK
data/NCT-CRC-HE-100K/BACK/BACK-LEMMVKAT.tif,BACK
data/NCT-CRC-HE-100K/BACK/BACK-FIKMPGEW.tif,BACK
data/NCT-CRC-HE-100K/BACK/BACK-MKTWSKGP.tif,BACK
data/NCT-CRC-HE-100K/BACK/BACK-LNYKFVGA.tif,BACK
data/NCT-CRC-HE-100K/BACK/BACK-EELPFIGS.tif,BACK
data/NCT-CRC-HE-100K/BACK/BACK-AKQWLLCG.tif,BACK
data/NCT-CRC-HE-100K/BACK/BACK-PFPNDPVP.tif,BACK
data/NCT-CRC-HE-100K/BACK/BACK-EECTLPIA.tif,BACK
data/NCT-CRC-HE-100K/BACK/BACK-NMWMRRQM.tif,BACK
data/NCT-CRC-HE-100K/BACK/BACK-EYRQNGPS.tif,BACK
data/NCT-CRC-HE-100K/BACK/BACK-KFVSAAYR.tif,BACK
data/NCT-CRC-HE-100K/BACK/BACK-INELSAEL.tif,BACK
data/NCT-CRC-HE-100K/BACK/BACK-AICKAMWM.tif,BACK
data/NCT-CRC-HE-100K/BACK/BACK-NDHFRRSF.tif,BACK
data/NCT-CRC-HE-100K/BACK/BACK-DMMNLVSS.tif,BACK
data/NCT-CRC-HE-100K/BACK/BACK-IFTDQGHD.tif,BACK
data/NCT-CRC-HE-100K/BACK/BACK-KHDWGDNM.tif,BACK
data/NCT-CRC-HE-100K/BACK/BACK-MQNKYYSR.tif,BACK
data/NCT-CRC-HE-100K/BACK/BACK-AYMCCERG.tif,BACK
data/NCT-CRC-HE-100K/BACK/BACK-IAENKFCS.tif,BACK
data/NCT-CRC-HE-100K/BACK/BACK-CPFEICFT.tif,BACK
data/NCT-CRC-HE-100K/BACK/BACK-PGACYEWQ.tif,BACK
data/NCT-CRC-HE-100K/BACK/BACK-NDMVHFMG.tif,BACK
data/NCT-CRC-HE-100K/BACK/BACK-INESVEQR.tif,BACK
data/NCT-CRC-HE-100K/BACK/BACK-HGVQMNTN.tif,BACK
data/NCT-CRC-HE-100K/BACK/BACK-FLCYHRHL.tif,BACK
data/NCT-CRC-HE-100K/BACK/BACK-LNLKWNFR.tif,BACK
data/NCT-CRC-HE-100K/BACK/BACK-KNMLWLHL.tif,BACK
data/NCT-CRC-HE-100K/BACK/BACK-AQTIAVDF.tif,BACK
data/NCT-CRC-HE-100K/BACK/BACK-LAQGWLWA.tif,BACK
data/NCT-CRC-HE-100K/BACK/BACK-NSIHHFDG.tif,BACK
data/NCT-CRC-HE-100K/BACK/BACK-CWCERGMS.tif,BACK
data/NCT-CRC-HE-100K/BACK/BACK-GDIIWWQC.tif,BACK
data/NCT-CRC-HE-100K/BACK/BACK-LNSAHEFQ.tif,BACK
data/NCT-CRC-HE-100K/BACK/BACK-LFWLKCFN.tif,BACK
data/NCT-CRC-HE-100K/BACK/BACK-MKNHGMKT.tif,BACK
data/NCT-CRC-HE-100K/BACK/BACK-IHYIYNDF.tif,BACK
data/NCT-CRC-HE-100K/BACK/BACK-GCDWNEYQ.tif,BACK
data/NCT-CRC-HE-100K/BACK/BACK-ELAQYWDW.tif,BACK
data/NCT-CRC-HE-100K/BACK/BACK-FIWDGINM.tif,BACK
data/NCT-CRC-HE-100K/BACK/BACK-MFTCPFIP.tif,BACK
data/NCT-CRC-HE-100K/BACK/BACK-HTCSMKKG.tif,BACK
data/NCT-CRC-HE-100K/BACK/BACK-DYWYTRYE.tif,BACK
data/NCT-CRC-HE-100K/BACK/BACK-GRIPMHSE.tif,BACK
data/NCT-CRC-HE-100K/BACK/BACK-NNCTDCWT.tif,BACK
data/NCT-CRC-HE-100K/BACK/BACK-DRDDVNPK.tif,BACK
data/NCT-CRC-HE-100K/BACK/BACK-KPEFFAWH.tif,BACK
data/NCT-CRC-HE-100K/BACK/BACK-CGLMFKTQ.tif,BACK
data/NCT-CRC-HE-100K/BACK/BACK-CGHPRTKH.tif,BACK
data/NCT-CRC-HE-100K/BACK/BACK-KYYGYMTC.tif,BACK
data/NCT-CRC-HE-100K/BACK/BACK-IHQGHSIN.tif,BACK
data/NCT-CRC-HE-100K/BACK/BACK-IQDGDFYD.tif,BACK
data/NCT-CRC-HE-100K/BACK/BACK-MMQAVYCP.tif,BACK
data/NCT-CRC-HE-100K/BACK/BACK-CRHRNYDI.tif,BACK
data/NCT-CRC-HE-100K/BACK/BACK-GCHEHFEN.tif,BACK
data/NCT-CRC-HE-100K/BACK/BACK-LCSYIATD.tif,BACK
data/NCT-CRC-HE-100K/BACK/BACK-FITSIVLM.tif,BACK
data/NCT-CRC-HE-100K/BACK/BACK-DCTGHSHM.tif,BACK
data/NCT-CRC-HE-100K/BACK/BACK-GPFWEDFQ.tif,BACK
data/NCT-CRC-HE-100K/BACK/BACK-DQAREIDQ.tif,BACK
data/NCT-CRC-HE-100K/BACK/BACK-HRFAHHNF.tif,BACK
data/NCT-CRC-HE-100K/BACK/BACK-CSDHWIGF.tif,BACK
data/NCT-CRC-HE-100K/BACK/BACK-DNYSISVG.tif,BACK
data/NCT-CRC-HE-100K/BACK/BACK-CANHSALW.tif,BACK
data/NCT-CRC-HE-100K/BACK/BACK-DNKQKHTK.tif,BACK
data/NCT-CRC-HE-100K/BACK/BACK-NCWEDSGL.tif,BACK
data/NCT-CRC-HE-100K/BACK/BACK-MNQDWSSD.tif,BACK
data/NCT-CRC-HE-100K/BACK/BACK-ESYFHIDK.tif,BACK
data/NCT-CRC-HE-100K/BACK/BACK-ADLFHIPM.tif,BACK
data/NCT-CRC-HE-100K/BACK/BACK-IMYNFYRD.tif,BACK
data/NCT-CRC-HE-100K/BACK/BACK-MNMEDRNV.tif,BACK
data/NCT-CRC-HE-100K/BACK/BACK-NKKMTDMI.tif,BACK
data/NCT-CRC-HE-100K/BACK/BACK-LGAFWIPD.tif,BACK
data/NCT-CRC-HE-100K/BACK/BACK-DAFYICAC.tif,BACK
data/NCT-CRC-HE-100K/BACK/BACK-KWHGFYEK.tif,BACK
data/NCT-CRC-HE-100K/BACK/BACK-MNVGDGIS.tif,BACK
data/NCT-CRC-HE-100K/BACK/BACK-HMCAHFCD.tif,BACK
data/NCT-CRC-HE-100K/BACK/BACK-HKQAVWMK.tif,BACK
data/NCT-CRC-HE-100K/BACK/BACK-CTINLPKN.tif,BACK
data/NCT-CRC-HE-100K/BACK/BACK-ACTIDTRL.tif,BACK
data/NCT-CRC-HE-100K/BACK/BACK-FPKHRHHQ.tif,BACK
data/NCT-CRC-HE-100K/BACK/BACK-FHNLLPYQ.tif,BACK
data/NCT-CRC-HE-100K/BACK/BACK-LIYWMHCH.tif,BACK
data/NCT-CRC-HE-100K/BACK/BACK-GVTYSHMN.tif,BACK
data/NCT-CRC-HE-100K/BACK/BACK-FGWNTEMT.tif,BACK
data/NCT-CRC-HE-100K/BACK/BACK-AEDHWQPP.tif,BACK
data/NCT-CRC-HE-100K/BACK/BACK-LIECNCCS.tif,BACK
data/NCT-CRC-HE-100K/BACK/BACK-HPNMEPYV.tif,BACK
data/NCT-CRC-HE-100K/BACK/BACK-LPNHDTDM.tif,BACK
data/NCT-CRC-HE-100K/BACK/BACK-HKAFCELI.tif,BACK
data/NCT-CRC-HE-100K/BACK/BACK-CRADPGDE.tif,BACK
data/NCT-CRC-HE-100K/BACK/BACK-CKMGNGMK.tif,BACK
data/NCT-CRC-HE-100K/BACK/BACK-GSINAMYW.tif,BACK
data/NCT-CRC-HE-100K/BACK/BACK-MTSSMSSV.tif,BACK
data/NCT-CRC-HE-100K/BACK/BACK-IWMSCGNI.tif,BACK
data/NCT-CRC-HE-100K/BACK/BACK-FHLRTSMN.tif,BACK
data/NCT-CRC-HE-100K/BACK/BACK-HVFNLLDE.tif,BACK
data/NCT-CRC-HE-100K/BACK/BACK-IDFNTRVN.tif,BACK
data/NCT-CRC-HE-100K/BACK/BACK-DRSLKPIH.tif,BACK
data/NCT-CRC-HE-100K/BACK/BACK-FKPLSQNH.tif,BACK
data/NCT-CRC-HE-100K/BACK/BACK-GLNETPQT.tif,BACK
data/NCT-CRC-HE-100K/BACK/BACK-ETIKQTTC.tif,BACK
data/NCT-CRC-HE-100K/BACK/BACK-LCDCIRVS.tif,BACK
data/NCT-CRC-HE-100K/BACK/BACK-HRCLETFM.tif,BACK
data/NCT-CRC-HE-100K/BACK/BACK-GIQHWNDI.tif,BACK
data/NCT-CRC-HE-100K/BACK/BACK-IELLDKCS.tif,BACK
data/NCT-CRC-HE-100K/BACK/BACK-NPKVRMAL.tif,BACK
data/NCT-CRC-HE-100K/BACK/BACK-DKRWGYIL.tif,BACK
data/NCT-CRC-HE-100K/BACK/BACK-DGCAHCNI.tif,BACK
data/NCT-CRC-HE-100K/BACK/BACK-ILMLMLIM.tif,BACK
data/NCT-CRC-HE-100K/BACK/BACK-HPPQAFHY.tif,BACK
data/NCT-CRC-HE-100K/BACK/BACK-LKWCTGST.tif,BACK
data/NCT-CRC-HE-100K/BACK/BACK-KVQIKRNS.tif,BACK
data/NCT-CRC-HE-100K/BACK/BACK-FIKDQDFG.tif,BACK
data/NCT-CRC-HE-100K/BACK/BACK-HYRDTKIW.tif,BACK
data/NCT-CRC-HE-100K/BACK/BACK-PAMIFDEE.tif,BACK
data/NCT-CRC-HE-100K/BACK/BACK-HQVGPRKS.tif,BACK
data/NCT-CRC-HE-100K/BACK/BACK-KDLIVNRY.tif,BACK
data/NCT-CRC-HE-100K/BACK/BACK-GGMHKFKF.tif,BACK
data/NCT-CRC-HE-100K/BACK/BACK-HRDCQWSL.tif,BACK
data/NCT-CRC-HE-100K/BACK/BACK-ILIPCKIY.tif,BACK
data/NCT-CRC-HE-100K/BACK/BACK-GIRVVQTL.tif,BACK
data/NCT-CRC-HE-100K/BACK/BACK-CYQRFWCC.tif,BACK
data/NCT-CRC-HE-100K/BACK/BACK-LAPEHMQC.tif,BACK
data/NCT-CRC-HE-100K/BACK/BACK-GMQWQCVG.tif,BACK
data/NCT-CRC-HE-100K/BACK/BACK-DGMNYDNR.tif,BACK
data/NCT-CRC-HE-100K/BACK/BACK-KKFKYVFS.tif,BACK
data/NCT-CRC-HE-100K/BACK/BACK-HLCCHTRY.tif,BACK
data/NCT-CRC-HE-100K/BACK/BACK-FQEKIWVC.tif,BACK
data/NCT-CRC-HE-100K/BACK/BACK-ENEKILLD.tif,BACK
data/NCT-CRC-HE-100K/BACK/BACK-HIADEGHH.tif,BACK
data/NCT-CRC-HE-100K/BACK/BACK-LKNNSCNE.tif,BACK
data/NCT-CRC-HE-100K/BACK/BACK-DCLSLTES.tif,BACK
data/NCT-CRC-HE-100K/BACK/BACK-IEGVDGLF.tif,BACK
data/NCT-CRC-HE-100K/BACK/BACK-IGARITLG.tif,BACK
data/NCT-CRC-HE-100K/BACK/BACK-KSHGFDRG.tif,BACK
data/NCT-CRC-HE-100K/BACK/BACK-LREQWLTD.tif,BACK
data/NCT-CRC-HE-100K/BACK/BACK-KQWMKMSG.tif,BACK
data/NCT-CRC-HE-100K/BACK/BACK-MQVECRWT.tif,BACK
data/NCT-CRC-HE-100K/BACK/BACK-NRPRYSYY.tif,BACK
data/NCT-CRC-HE-100K/BACK/BACK-FFFLSLHW.tif,BACK
data/NCT-CRC-HE-100K/BACK/BACK-IKQMTLRN.tif,BACK
data/NCT-CRC-HE-100K/BACK/BACK-LLKQMDRQ.tif,BACK
data/NCT-CRC-HE-100K/BACK/BACK-GVSTMNQW.tif,BACK
data/NCT-CRC-HE-100K/BACK/BACK-LENNNEHN.tif,BACK
data/NCT-CRC-HE-100K/BACK/BACK-FKWTMIAR.tif,BACK
data/NCT-CRC-HE-100K/BACK/BACK-LSRIGVHG.tif,BACK
data/NCT-CRC-HE-100K/BACK/BACK-AARCMSDV.tif,BACK
data/NCT-CRC-HE-100K/BACK/BACK-CREGISAS.tif,BACK
data/NCT-CRC-HE-100K/BACK/BACK-KVVILTRA.tif,BACK
data/NCT-CRC-HE-100K/BACK/BACK-GYSGCVEL.tif,BACK
data/NCT-CRC-HE-100K/BACK/BACK-IIAFEYRS.tif,BACK
data/NCT-CRC-HE-100K/BACK/BACK-FHWVTFGG.tif,BACK
data/NCT-CRC-HE-100K/BACK/BACK-KDCHNGPI.tif,BACK
data/NCT-CRC-HE-100K/BACK/BACK-AVHSAETA.tif,BACK
data/NCT-CRC-HE-100K/BACK/BACK-MVLEAVEP.tif,BACK
data/NCT-CRC-HE-100K/BACK/BACK-ARHPPCLS.tif,BACK
data/NCT-CRC-HE-100K/BACK/BACK-INNMLQWS.tif,BACK
data/NCT-CRC-HE-100K/BACK/BACK-CRTASPVL.tif,BACK
data/NCT-CRC-HE-100K/BACK/BACK-GANGCIYP.tif,BACK
data/NCT-CRC-HE-100K/BACK/BACK-ETTKHKLA.tif,BACK
data/NCT-CRC-HE-100K/BACK/BACK-HEDPWWEP.tif,BACK
data/NCT-CRC-HE-100K/BACK/BACK-EKCVCAAC.tif,BACK
data/NCT-CRC-HE-100K/BACK/BACK-DDSTMMQN.tif,BACK
data/NCT-CRC-HE-100K/BACK/BACK-EKYESPAC.tif,BACK
data/NCT-CRC-HE-100K/BACK/BACK-HTALVCYF.tif,BACK
data/NCT-CRC-HE-100K/BACK/BACK-ALTFIYHH.tif,BACK
data/NCT-CRC-HE-100K/BACK/BACK-FLHAMNRQ.tif,BACK
data/NCT-CRC-HE-100K/BACK/BACK-ASLVMTRD.tif,BACK
data/NCT-CRC-HE-100K/BACK/BACK-ADSCMTEK.tif,BACK
data/NCT-CRC-HE-100K/BACK/BACK-MDKNAWTS.tif,BACK
data/NCT-CRC-HE-100K/BACK/BACK-DKVSYGLL.tif,BACK
data/NCT-CRC-HE-100K/BACK/BACK-DEYMVPHQ.tif,BACK
data/NCT-CRC-HE-100K/BACK/BACK-NLMYFPSC.tif,BACK
data/NCT-CRC-HE-100K/BACK/BACK-NLWLQRRT.tif,BACK
data/NCT-CRC-HE-100K/BACK/BACK-ETIPISLM.tif,BACK
data/NCT-CRC-HE-100K/BACK/BACK-CLSIYQDK.tif,BACK
data/NCT-CRC-HE-100K/BACK/BACK-KSRRSGVM.tif,BACK
data/NCT-CRC-HE-100K/BACK/BACK-ESLEVMNC.tif,BACK
data/NCT-CRC-HE-100K/BACK/BACK-AAPMIHGF.tif,BACK
data/NCT-CRC-HE-100K/BACK/BACK-LTNWMESM.tif,BACK
data/NCT-CRC-HE-100K/BACK/BACK-NSVIPCQI.tif,BACK
data/NCT-CRC-HE-100K/BACK/BACK-ISKMLCMR.tif,BACK
data/NCT-CRC-HE-100K/BACK/BACK-CFRQYNWE.tif,BACK
data/NCT-CRC-HE-100K/BACK/BACK-MECIHTDP.tif,BACK
data/NCT-CRC-HE-100K/BACK/BACK-EINPNQNW.tif,BACK
data/NCT-CRC-HE-100K/BACK/BACK-FLMNHRYK.tif,BACK
data/NCT-CRC-HE-100K/BACK/BACK-FHQRLHEL.tif,BACK
data/NCT-CRC-HE-100K/BACK/BACK-ISMLAAMH.tif,BACK
data/NCT-CRC-HE-100K/BACK/BACK-IDMPCKNW.tif,BACK
data/NCT-CRC-HE-100K/BACK/BACK-KWVVKSWI.tif,BACK
data/NCT-CRC-HE-100K/BACK/BACK-AAEQYIPD.tif,BACK
data/NCT-CRC-HE-100K/BACK/BACK-KESHKYSC.tif,BACK
data/NCT-CRC-HE-100K/BACK/BACK-FAQGNYGP.tif,BACK
data/NCT-CRC-HE-100K/BACK/BACK-IDGSDMIV.tif,BACK
data/NCT-CRC-HE-100K/BACK/BACK-ARPQVNRE.tif,BACK
data/NCT-CRC-HE-100K/BACK/BACK-NQQFLMME.tif,BACK
data/NCT-CRC-HE-100K/BACK/BACK-GDQMPESN.tif,BACK
data/NCT-CRC-HE-100K/BACK/BACK-ALVFTSGE.tif,BACK
data/NCT-CRC-HE-100K/BACK/BACK-NAMYVATG.tif,BACK
data/NCT-CRC-HE-100K/BACK/BACK-HLYLKRRV.tif,BACK
data/NCT-CRC-HE-100K/BACK/BACK-HVFFNRCY.tif,BACK
data/NCT-CRC-HE-100K/BACK/BACK-HHRFTEIL.tif,BACK
data/NCT-CRC-HE-100K/BACK/BACK-KMVMNSLH.tif,BACK
data/NCT-CRC-HE-100K/BACK/BACK-PETHGETP.tif,BACK
data/NCT-CRC-HE-100K/BACK/BACK-DMNSDHIF.tif,BACK
data/NCT-CRC-HE-100K/BACK/BACK-NHCAMCGY.tif,BACK
data/NCT-CRC-HE-100K/BACK/BACK-LSLSTGHH.tif,BACK
data/NCT-CRC-HE-100K/BACK/BACK-CRGCCLSL.tif,BACK
data/NCT-CRC-HE-100K/BACK/BACK-FTCQVAFH.tif,BACK
data/NCT-CRC-HE-100K/BACK/BACK-CWWHWDYG.tif,BACK
data/NCT-CRC-HE-100K/BACK/BACK-CYAIRTIA.tif,BACK
data/NCT-CRC-HE-100K/BACK/BACK-GEYGWLLA.tif,BACK
data/NCT-CRC-HE-100K/BACK/BACK-AKAHHAVW.tif,BACK
data/NCT-CRC-HE-100K/BACK/BACK-DQKLLYIC.tif,BACK
data/NCT-CRC-HE-100K/BACK/BACK-NSPEVEGT.tif,BACK
data/NCT-CRC-HE-100K/BACK/BACK-DNEFQLEC.tif,BACK
data/NCT-CRC-HE-100K/BACK/BACK-ICIFDNDC.tif,BACK
data/NCT-CRC-HE-100K/BACK/BACK-EYHDFNWF.tif,BACK
data/NCT-CRC-HE-100K/BACK/BACK-HATADLYF.tif,BACK
data/NCT-CRC-HE-100K/BACK/BACK-IWALSPCE.tif,BACK
data/NCT-CRC-HE-100K/BACK/BACK-LNYNMIIC.tif,BACK
data/NCT-CRC-HE-100K/BACK/BACK-LKWLKVNN.tif,BACK
data/NCT-CRC-HE-100K/BACK/BACK-DGKKLSIG.tif,BACK
data/NCT-CRC-HE-100K/BACK/BACK-MNVMSDNQ.tif,BACK
data/NCT-CRC-HE-100K/BACK/BACK-CYRYFFNA.tif,BACK
data/NCT-CRC-HE-100K/BACK/BACK-KWVRFADL.tif,BACK
data/NCT-CRC-HE-100K/BACK/BACK-DHTIVCQM.tif,BACK
data/NCT-CRC-HE-100K/BACK/BACK-KKTHDGIY.tif,BACK
data/NCT-CRC-HE-100K/BACK/BACK-KVEGWQNH.tif,BACK
data/NCT-CRC-HE-100K/BACK/BACK-EKDLGGDN.tif,BACK
data/NCT-CRC-HE-100K/BACK/BACK-KNHTLESM.tif,BACK
data/NCT-CRC-HE-100K/BACK/BACK-MIIYHHGC.tif,BACK
data/NCT-CRC-HE-100K/BACK/BACK-HIRAGHND.tif,BACK
data/NCT-CRC-HE-100K/BACK/BACK-DKMWTPDM.tif,BACK
data/NCT-CRC-HE-100K/BACK/BACK-ISTVCAHN.tif,BACK
data/NCT-CRC-HE-100K/BACK/BACK-FTWLSKEF.tif,BACK
data/NCT-CRC-HE-100K/BACK/BACK-IASGSSCA.tif,BACK
data/NCT-CRC-HE-100K/BACK/BACK-CKTRQEVP.tif,BACK
data/NCT-CRC-HE-100K/BACK/BACK-LMRPGVKN.tif,BACK
data/NCT-CRC-HE-100K/BACK/BACK-HHDVWPWF.tif,BACK
data/NCT-CRC-HE-100K/BACK/BACK-FLEYSSHI.tif,BACK
data/NCT-CRC-HE-100K/BACK/BACK-KMVIGLFS.tif,BACK
data/NCT-CRC-HE-100K/BACK/BACK-FRSLYHEM.tif,BACK
data/NCT-CRC-HE-100K/BACK/BACK-HNENTQKT.tif,BACK
data/NCT-CRC-HE-100K/BACK/BACK-LAYGPFAR.tif,BACK
data/NCT-CRC-HE-100K/BACK/BACK-IQFRFAYV.tif,BACK
data/NCT-CRC-HE-100K/BACK/BACK-AIWWLYDV.tif,BACK
data/NCT-CRC-HE-100K/BACK/BACK-KKPFCMHT.tif,BACK
data/NCT-CRC-HE-100K/BACK/BACK-ACYIAEPW.tif,BACK
data/NCT-CRC-HE-100K/BACK/BACK-MLFHPQDP.tif,BACK
data/NCT-CRC-HE-100K/BACK/BACK-INEKDWNI.tif,BACK
data/NCT-CRC-HE-100K/BACK/BACK-KKFQGNFM.tif,BACK
data/NCT-CRC-HE-100K/BACK/BACK-FGNWPHKV.tif,BACK
data/NCT-CRC-HE-100K/BACK/BACK-KCKCNRNM.tif,BACK
data/NCT-CRC-HE-100K/BACK/BACK-FPCTTKMM.tif,BACK
data/NCT-CRC-HE-100K/BACK/BACK-FTMNMRGI.tif,BACK
data/NCT-CRC-HE-100K/BACK/BACK-KYRMWPYC.tif,BACK
data/NCT-CRC-HE-100K/BACK/BACK-KWYGYGNH.tif,BACK
data/NCT-CRC-HE-100K/BACK/BACK-DQAGGQIR.tif,BACK
data/NCT-CRC-HE-100K/BACK/BACK-KHCGTPAQ.tif,BACK
data/NCT-CRC-HE-100K/BACK/BACK-GIVNCQHP.tif,BACK
data/NCT-CRC-HE-100K/BACK/BACK-HRKKMYTL.tif,BACK
data/NCT-CRC-HE-100K/BACK/BACK-LEHSNVLK.tif,BACK
data/NCT-CRC-HE-100K/BACK/BACK-NIPDEISD.tif,BACK
data/NCT-CRC-HE-100K/BACK/BACK-DSWKQEAF.tif,BACK
data/NCT-CRC-HE-100K/BACK/BACK-LVRIGHTL.tif,BACK
data/NCT-CRC-HE-100K/BACK/BACK-CPMDNFPV.tif,BACK
data/NCT-CRC-HE-100K/BACK/BACK-ENKGPDRS.tif,BACK
data/NCT-CRC-HE-100K/BACK/BACK-GQPCCQKG.tif,BACK
data/NCT-CRC-HE-100K/BACK/BACK-LSQIVMRD.tif,BACK
data/NCT-CRC-HE-100K/BACK/BACK-DHFALYHE.tif,BACK
data/NCT-CRC-HE-100K/BACK/BACK-CCQMHEKK.tif,BACK
data/NCT-CRC-HE-100K/BACK/BACK-DWGGGSRN.tif,BACK
data/NCT-CRC-HE-100K/BACK/BACK-HKMWIECK.tif,BACK
data/NCT-CRC-HE-100K/BACK/BACK-APTWCSDY.tif,BACK
data/NCT-CRC-HE-100K/BACK/BACK-HGVHYLFR.tif,BACK
data/NCT-CRC-HE-100K/BACK/BACK-NTDSLHPT.tif,BACK
data/NCT-CRC-HE-100K/BACK/BACK-EADFEMSY.tif,BACK
data/NCT-CRC-HE-100K/BACK/BACK-KTMVAEDW.tif,BACK
data/NCT-CRC-HE-100K/DEB/DEB-NDFYTCST.tif,DEB
data/NCT-CRC-HE-100K/DEB/DEB-YGIDINVV.tif,DEB
data/NCT-CRC-HE-100K/DEB/DEB-GGTMPPTD.tif,DEB
data/NCT-CRC-HE-100K/DEB/DEB-NQWGFVWG.tif,DEB
data/NCT-CRC-HE-100K/DEB/DEB-RCWSCAHL.tif,DEB
data/NCT-CRC-HE-100K/DEB/DEB-GKMERPLV.tif,DEB
data/NCT-CRC-HE-100K/DEB/DEB-FSMVWKNF.tif,DEB
data/NCT-CRC-HE-100K/DEB/DEB-NDMKFNSR.tif,DEB
data/NCT-CRC-HE-100K/DEB/DEB-CIQSQRHG.tif,DEB
data/NCT-CRC-HE-100K/DEB/DEB-LPGCWDSC.tif,DEB
data/NCT-CRC-HE-100K/DEB/DEB-YIWNMYHM.tif,DEB
data/NCT-CRC-HE-100K/DEB/DEB-RTWDRCWE.tif,DEB
data/NCT-CRC-HE-100K/DEB/DEB-LGMHYYHK.tif,DEB
data/NCT-CRC-HE-100K/DEB/DEB-GEIRFQYD.tif,DEB
data/NCT-CRC-HE-100K/DEB/DEB-RSQDNRCM.tif,DEB
data/NCT-CRC-HE-100K/DEB/DEB-SLAIRKIW.tif,DEB
data/NCT-CRC-HE-100K/DEB/DEB-TWCNQMPP.tif,DEB
data/NCT-CRC-HE-100K/DEB/DEB-TNDGERCY.tif,DEB
data/NCT-CRC-HE-100K/DEB/DEB-PGRVSSCT.tif,DEB
data/NCT-CRC-HE-100K/DEB/DEB-FHSDHTTV.tif,DEB
data/NCT-CRC-HE-100K/DEB/DEB-WAVCFQMW.tif,DEB
data/NCT-CRC-HE-100K/DEB/DEB-YNGLARCN.tif,DEB
data/NCT-CRC-HE-100K/DEB/DEB-VNNIIFAC.tif,DEB
data/NCT-CRC-HE-100K/DEB/DEB-RAAESPNK.tif,DEB
data/NCT-CRC-HE-100K/DEB/DEB-WVCEHDWL.tif,DEB
data/NCT-CRC-HE-100K/DEB/DEB-TFINLDQH.tif,DEB
data/NCT-CRC-HE-100K/DEB/DEB-HAHTWTIG.tif,DEB
data/NCT-CRC-HE-100K/DEB/DEB-VAAYTRPM.tif,DEB
data/NCT-CRC-HE-100K/DEB/DEB-PLWVSRKY.tif,DEB
data/NCT-CRC-HE-100K/DEB/DEB-AYVMGQPE.tif,DEB
data/NCT-CRC-HE-100K/DEB/DEB-HVCNYVVA.tif,DEB
data/NCT-CRC-HE-100K/DEB/DEB-QTVHLCYQ.tif,DEB
data/NCT-CRC-HE-100K/DEB/DEB-VEGEPWPL.tif,DEB
data/NCT-CRC-HE-100K/DEB/DEB-LAACDWIV.tif,DEB
data/NCT-CRC-HE-100K/DEB/DEB-SSWTDRNY.tif,DEB
data/NCT-CRC-HE-100K/DEB/DEB-GMYNWEKT.tif,DEB
data/NCT-CRC-HE-100K/DEB/DEB-AAFQPLWK.tif,DEB
data/NCT-CRC-HE-100K/DEB/DEB-CGQDNMIN.tif,DEB
data/NCT-CRC-HE-100K/DEB/DEB-CTSQYWVA.tif,DEB
data/NCT-CRC-HE-100K/DEB/DEB-EVIRRGTP.tif,DEB
data/NCT-CRC-HE-100K/DEB/DEB-HVCKDYRQ.tif,DEB
data/NCT-CRC-HE-100K/DEB/DEB-PNGRPRNR.tif,DEB
data/NCT-CRC-HE-100K/DEB/DEB-YEEFWWDA.tif,DEB
data/NCT-CRC-HE-100K/DEB/DEB-VIAQYRDM.tif,DEB
data/NCT-CRC-HE-100K/DEB/DEB-HHAKVSKQ.tif,DEB
data/NCT-CRC-HE-100K/DEB/DEB-WSKTKTVD.tif,DEB
data/NCT-CRC-HE-100K/DEB/DEB-YLAGMYPP.tif,DEB
data/NCT-CRC-HE-100K/DEB/DEB-EEAADPSQ.tif,DEB
data/NCT-CRC-HE-100K/DEB/DEB-RQFMIWGI.tif,DEB
data/NCT-CRC-HE-100K/DEB/DEB-PCIERNLM.tif,DEB
data/NCT-CRC-HE-100K/DEB/DEB-WHMWTPLI.tif,DEB
data/NCT-CRC-HE-100K/DEB/DEB-WCGAQDIK.tif,DEB
data/NCT-CRC-HE-100K/DEB/DEB-KCYWFFCF.tif,DEB
data/NCT-CRC-HE-100K/DEB/DEB-YKNSSPFI.tif,DEB
data/NCT-CRC-HE-100K/DEB/DEB-LNSERYNA.tif,DEB
data/NCT-CRC-HE-100K/DEB/DEB-YLRKQTCN.tif,DEB
data/NCT-CRC-HE-100K/DEB/DEB-GKMMVPQM.tif,DEB
data/NCT-CRC-HE-100K/DEB/DEB-FQCRGMFW.tif,DEB
data/NCT-CRC-HE-100K/DEB/DEB-MNNMMVSD.tif,DEB
data/NCT-CRC-HE-100K/DEB/DEB-STQKIFFY.tif,DEB
data/NCT-CRC-HE-100K/DEB/DEB-MDQNSCVE.tif,DEB
data/NCT-CRC-HE-100K/DEB/DEB-PKEGQAYM.tif,DEB
data/NCT-CRC-HE-100K/DEB/DEB-NDLINVNT.tif,DEB
data/NCT-CRC-HE-100K/DEB/DEB-PKMLQNYS.tif,DEB
data/NCT-CRC-HE-100K/DEB/DEB-WVCPGHLE.tif,DEB
data/NCT-CRC-HE-100K/DEB/DEB-KYYHPNMY.tif,DEB
data/NCT-CRC-HE-100K/DEB/DEB-QGMFVMRG.tif,DEB
data/NCT-CRC-HE-100K/DEB/DEB-DAFCMQPI.tif,DEB
data/NCT-CRC-HE-100K/DEB/DEB-FETLSNPK.tif,DEB
data/NCT-CRC-HE-100K/DEB/DEB-HEVSNKHG.tif,DEB
data/NCT-CRC-HE-100K/DEB/DEB-EFYFRKMH.tif,DEB
data/NCT-CRC-HE-100K/DEB/DEB-FKSYCTQR.tif,DEB
data/NCT-CRC-HE-100K/DEB/DEB-NFPKDFGT.tif,DEB
data/NCT-CRC-HE-100K/DEB/DEB-QEHYTIEH.tif,DEB
data/NCT-CRC-HE-100K/DEB/DEB-SISLLENP.tif,DEB
data/NCT-CRC-HE-100K/DEB/DEB-GWQCNFTR.tif,DEB
data/NCT-CRC-HE-100K/DEB/DEB-MKRMPPWR.tif,DEB
data/NCT-CRC-HE-100K/DEB/DEB-CIGPIMGL.tif,DEB
data/NCT-CRC-HE-100K/DEB/DEB-ANVPLDMG.tif,DEB
data/NCT-CRC-HE-100K/DEB/DEB-NNASNAHR.tif,DEB
data/NCT-CRC-HE-100K/DEB/DEB-GVCVGIEF.tif,DEB
data/NCT-CRC-HE-100K/DEB/DEB-DNPHGHTA.tif,DEB
data/NCT-CRC-HE-100K/DEB/DEB-NRGCSYKC.tif,DEB
data/NCT-CRC-HE-100K/DEB/DEB-TPRWCMFT.tif,DEB
data/NCT-CRC-HE-100K/DEB/DEB-TERGHVQT.tif,DEB
data/NCT-CRC-HE-100K/DEB/DEB-NQVMTCMI.tif,DEB
data/NCT-CRC-HE-100K/DEB/DEB-SIWIFWPL.tif,DEB
data/NCT-CRC-HE-100K/DEB/DEB-GWYRVFKM.tif,DEB
data/NCT-CRC-HE-100K/DEB/DEB-WASTDTAK.tif,DEB
data/NCT-CRC-HE-100K/DEB/DEB-ADHSAIGT.tif,DEB
data/NCT-CRC-HE-100K/DEB/DEB-YACSFYIA.tif,DEB
data/NCT-CRC-HE-100K/DEB/DEB-EWMWAVLN.tif,DEB
data/NCT-CRC-HE-100K/DEB/DEB-SDYKIFIK.tif,DEB
data/NCT-CRC-HE-100K/DEB/DEB-WGICSWGG.tif,DEB
data/NCT-CRC-HE-100K/DEB/DEB-QVQQGVRS.tif,DEB
data/NCT-CRC-HE-100K/DEB/DEB-KRKMISGI.tif,DEB
data/NCT-CRC-HE-100K/DEB/DEB-MSWQDHFR.tif,DEB
data/NCT-CRC-HE-100K/DEB/DEB-SLRDKRID.tif,DEB
data/NCT-CRC-HE-100K/DEB/DEB-SHGNEKMQ.tif,DEB
data/NCT-CRC-HE-100K/DEB/DEB-CYHVTVYC.tif,DEB
data/NCT-CRC-HE-100K/DEB/DEB-DHIVQLNI.tif,DEB
data/NCT-CRC-HE-100K/DEB/DEB-VETYVGEP.tif,DEB
data/NCT-CRC-HE-100K/DEB/DEB-QYRNAPPW.tif,DEB
data/NCT-CRC-HE-100K/DEB/DEB-AKMDCCGH.tif,DEB
data/NCT-CRC-HE-100K/DEB/DEB-GSECAQEQ.tif,DEB
data/NCT-CRC-HE-100K/DEB/DEB-NVYLMYVI.tif,DEB
data/NCT-CRC-HE-100K/DEB/DEB-VNGCDDKC.tif,DEB
data/NCT-CRC-HE-100K/DEB/DEB-MFFQPYQP.tif,DEB
data/NCT-CRC-HE-100K/DEB/DEB-KTPTNLTL.tif,DEB
data/NCT-CRC-HE-100K/DEB/DEB-DLPYQHQI.tif,DEB
data/NCT-CRC-HE-100K/DEB/DEB-APYDDYNF.tif,DEB
data/NCT-CRC-HE-100K/DEB/DEB-HRSHLEEQ.tif,DEB
data/NCT-CRC-HE-100K/DEB/DEB-VLNPFMML.tif,DEB
data/NCT-CRC-HE-100K/DEB/DEB-ATFTSALW.tif,DEB
data/NCT-CRC-HE-100K/DEB/DEB-TQYGGYIN.tif,DEB
data/NCT-CRC-HE-100K/DEB/DEB-RNLCIHPT.tif,DEB
data/NCT-CRC-HE-100K/DEB/DEB-MKNNNYWS.tif,DEB
data/NCT-CRC-HE-100K/DEB/DEB-FIHYGFCF.tif,DEB
data/NCT-CRC-HE-100K/DEB/DEB-QFCPSYKC.tif,DEB
data/NCT-CRC-HE-100K/DEB/DEB-IFWAPKRG.tif,DEB
data/NCT-CRC-HE-100K/DEB/DEB-EEMEPYCP.tif,DEB
data/NCT-CRC-HE-100K/DEB/DEB-TVKRCYQH.tif,DEB
data/NCT-CRC-HE-100K/DEB/DEB-PQNILQHK.tif,DEB
data/NCT-CRC-HE-100K/DEB/DEB-IVRANILH.tif,DEB
data/NCT-CRC-HE-100K/DEB/DEB-HEVDDESN.tif,DEB
data/NCT-CRC-HE-100K/DEB/DEB-MVFPRNTW.tif,DEB
data/NCT-CRC-HE-100K/DEB/DEB-MWEEFCDA.tif,DEB
data/NCT-CRC-HE-100K/DEB/DEB-RIVLSCCE.tif,DEB
data/NCT-CRC-HE-100K/DEB/DEB-LPQHAMYE.tif,DEB
data/NCT-CRC-HE-100K/DEB/DEB-HKHACWCT.tif,DEB
data/NCT-CRC-HE-100K/DEB/DEB-TSIWWGDC.tif,DEB
data/NCT-CRC-HE-100K/DEB/DEB-IKPKIWPA.tif,DEB
data/NCT-CRC-HE-100K/DEB/DEB-DPKFGYCT.tif,DEB
data/NCT-CRC-HE-100K/DEB/DEB-CHCLPAIY.tif,DEB
data/NCT-CRC-HE-100K/DEB/DEB-FKHYSVGT.tif,DEB
data/NCT-CRC-HE-100K/DEB/DEB-KWRMTATL.tif,DEB
data/NCT-CRC-HE-100K/DEB/DEB-VVEYRAIM.tif,DEB
data/NCT-CRC-HE-100K/DEB/DEB-TPAPEDCN.tif,DEB
data/NCT-CRC-HE-100K/DEB/DEB-TAIPAPRC.tif,DEB
data/NCT-CRC-HE-100K/DEB/DEB-QSGSCSVC.tif,DEB
data/NCT-CRC-HE-100K/DEB/DEB-CVKPPRNF.tif,DEB
data/NCT-CRC-HE-100K/DEB/DEB-SANYDNRP.tif,DEB
data/NCT-CRC-HE-100K/DEB/DEB-QNVMHYAV.tif,DEB
data/NCT-CRC-HE-100K/DEB/DEB-PHDNYYLI.tif,DEB
data/NCT-CRC-HE-100K/DEB/DEB-LCCPQHEM.tif,DEB
data/NCT-CRC-HE-100K/DEB/DEB-MYHDIRKG.tif,DEB
data/NCT-CRC-HE-100K/DEB/DEB-AQPFNCYD.tif,DEB
data/NCT-CRC-HE-100K/DEB/DEB-EHVPWVNV.tif,DEB
data/NCT-CRC-HE-100K/DEB/DEB-PGVHIYMF.tif,DEB
data/NCT-CRC-HE-100K/DEB/DEB-VGEIYQTY.tif,DEB
data/NCT-CRC-HE-100K/DEB/DEB-WVQTGRSK.tif,DEB
data/NCT-CRC-HE-100K/DEB/DEB-EVCHMRAA.tif,DEB
data/NCT-CRC-HE-100K/DEB/DEB-FCKNHDRV.tif,DEB
data/NCT-CRC-HE-100K/DEB/DEB-AWRNHAMQ.tif,DEB
data/NCT-CRC-HE-100K/DEB/DEB-EKAHQGIS.tif,DEB
data/NCT-CRC-HE-100K/DEB/DEB-PEQIRSVK.tif,DEB
data/NCT-CRC-HE-100K/DEB/DEB-HYYPWESR.tif,DEB
data/NCT-CRC-HE-100K/DEB/DEB-AYHQQKAY.tif,DEB
data/NCT-CRC-HE-100K/DEB/DEB-VWGTDYHP.tif,DEB
data/NCT-CRC-HE-100K/DEB/DEB-IQWQYKEQ.tif,DEB
data/NCT-CRC-HE-100K/DEB/DEB-IKTQGHLE.tif,DEB
data/NCT-CRC-HE-100K/DEB/DEB-MWKFDNPF.tif,DEB
data/NCT-CRC-HE-100K/DEB/DEB-EHFTLEEL.tif,DEB
data/NCT-CRC-HE-100K/DEB/DEB-LRQAYSGN.tif,DEB
data/NCT-CRC-HE-100K/DEB/DEB-KGILIHQE.tif,DEB
data/NCT-CRC-HE-100K/DEB/DEB-MNYCFLAK.tif,DEB
data/NCT-CRC-HE-100K/DEB/DEB-VMTCKRPW.tif,DEB
data/NCT-CRC-HE-100K/DEB/DEB-WDPKFRHV.tif,DEB
data/NCT-CRC-HE-100K/DEB/DEB-GHRVIRLR.tif,DEB
data/NCT-CRC-HE-100K/DEB/DEB-SKNHWIKF.tif,DEB
data/NCT-CRC-HE-100K/DEB/DEB-SKPGLNHA.tif,DEB
data/NCT-CRC-HE-100K/DEB/DEB-CSCYNCHD.tif,DEB
data/NCT-CRC-HE-100K/DEB/DEB-LPFNTQAN.tif,DEB
data/NCT-CRC-HE-100K/DEB/DEB-RQDVTHRE.tif,DEB
data/NCT-CRC-HE-100K/DEB/DEB-SQTNVHAR.tif,DEB
data/NCT-CRC-HE-100K/DEB/DEB-AIPPLEMH.tif,DEB
data/NCT-CRC-HE-100K/DEB/DEB-FPARDKSP.tif,DEB
data/NCT-CRC-HE-100K/DEB/DEB-RCLSVWSL.tif,DEB
data/NCT-CRC-HE-100K/DEB/DEB-APGQNYFD.tif,DEB
data/NCT-CRC-HE-100K/DEB/DEB-IFRIQLMN.tif,DEB
data/NCT-CRC-HE-100K/DEB/DEB-LIMDFWDD.tif,DEB
data/NCT-CRC-HE-100K/DEB/DEB-EYIRSRRA.tif,DEB
data/NCT-CRC-HE-100K/DEB/DEB-LRVFSMQA.tif,DEB
data/NCT-CRC-HE-100K/DEB/DEB-DVVDNLIE.tif,DEB
data/NCT-CRC-HE-100K/DEB/DEB-VLCFDGLC.tif,DEB
data/NCT-CRC-HE-100K/DEB/DEB-SYDHPEYT.tif,DEB
data/NCT-CRC-HE-100K/DEB/DEB-NVGIEHHK.tif,DEB
data/NCT-CRC-HE-100K/DEB/DEB-DALFSIPV.tif,DEB
data/NCT-CRC-HE-100K/DEB/DEB-ICSNKVTF.tif,DEB
data/NCT-CRC-HE-100K/DEB/DEB-TFGLYPWS.tif,DEB
data/NCT-CRC-HE-100K/DEB/DEB-EANYDSTR.tif,DEB
data/NCT-CRC-HE-100K/DEB/DEB-RTQTWKAF.tif,DEB
data/NCT-CRC-HE-100K/DEB/DEB-DFLQYEAT.tif,DEB
data/NCT-CRC-HE-100K/DEB/DEB-TQATKQRA.tif,DEB
data/NCT-CRC-HE-100K/DEB/DEB-EQIWSKVT.tif,DEB
data/NCT-CRC-HE-100K/DEB/DEB-QSKLQKPT.tif,DEB
data/NCT-CRC-HE-100K/DEB/DEB-CAVCYSRC.tif,DEB
data/NCT-CRC-HE-100K/DEB/DEB-RTKLNNID.tif,DEB
data/NCT-CRC-HE-100K/DEB/DEB-HGRICGVW.tif,DEB
data/NCT-CRC-HE-100K/DEB/DEB-LTSMWPWC.tif,DEB
data/NCT-CRC-HE-100K/DEB/DEB-DTMSYINH.tif,DEB
data/NCT-CRC-HE-100K/DEB/DEB-STTAHFFV.tif,DEB
data/NCT-CRC-HE-100K/DEB/DEB-HDFCLVCT.tif,DEB
data/NCT-CRC-HE-100K/DEB/DEB-GAYCNYHV.tif,DEB
data/NCT-CRC-HE-100K/DEB/DEB-YQSCHGPG.tif,DEB
data/NCT-CRC-HE-100K/DEB/DEB-WVDWYYHP.tif,DEB
data/NCT-CRC-HE-100K/DEB/DEB-HLHVYGDT.tif,DEB
data/NCT-CRC-HE-100K/DEB/DEB-NIFEHHNQ.tif,DEB
data/NCT-CRC-HE-100K/DEB/DEB-GQNMNFRP.tif,DEB
data/NCT-CRC-HE-100K/DEB/DEB-VHFYMPLR.tif,DEB
data/NCT-CRC-HE-100K/DEB/DEB-YVAMLAPG.tif,DEB
data/NCT-CRC-HE-100K/DEB/DEB-PKQMNNAN.tif,DEB
data/NCT-CRC-HE-100K/DEB/DEB-LVLMCPVS.tif,DEB
data/NCT-CRC-HE-100K/DEB/DEB-FMDMNATG.tif,DEB
data/NCT-CRC-HE-100K/DEB/DEB-IPEWTGRN.tif,DEB
data/NCT-CRC-HE-100K/DEB/DEB-LVQMFEEF.tif,DEB
data/NCT-CRC-HE-100K/DEB/DEB-SNPHDAPL.tif,DEB
data/NCT-CRC-HE-100K/DEB/DEB-GQIFLRSP.tif,DEB
data/NCT-CRC-HE-100K/DEB/DEB-HCWGCLQG.tif,DEB
data/NCT-CRC-HE-100K/DEB/DEB-KVTDYMDM.tif,DEB
data/NCT-CRC-HE-100K/DEB/DEB-EQPAMFQH.tif,DEB
data/NCT-CRC-HE-100K/DEB/DEB-ITREDWDA.tif,DEB
data/NCT-CRC-HE-100K/DEB/DEB-SYDEFGHP.tif,DEB
data/NCT-CRC-HE-100K/DEB/DEB-WVQVCQLF.tif,DEB
data/NCT-CRC-HE-100K/DEB/DEB-AAFDSQGR.tif,DEB
data/NCT-CRC-HE-100K/DEB/DEB-DLIYICRN.tif,DEB
data/NCT-CRC-HE-100K/DEB/DEB-WRWKTNKS.tif,DEB
data/NCT-CRC-HE-100K/DEB/DEB-LGNVPMFM.tif,DEB
data/NCT-CRC-HE-100K/DEB/DEB-KRIEFDYN.tif,DEB
data/NCT-CRC-HE-100K/DEB/DEB-LDVKGGIK.tif,DEB
data/NCT-CRC-HE-100K/DEB/DEB-CCFECKWD.tif,DEB
data/NCT-CRC-HE-100K/DEB/DEB-DMCRRYMA.tif,DEB
data/NCT-CRC-HE-100K/DEB/DEB-VKGCQSRN.tif,DEB
data/NCT-CRC-HE-100K/DEB/DEB-AIVSHSDI.tif,DEB
data/NCT-CRC-HE-100K/DEB/DEB-KGPYQNTT.tif,DEB
data/NCT-CRC-HE-100K/DEB/DEB-EGQTWPEE.tif,DEB
data/NCT-CRC-HE-100K/DEB/DEB-FRYGYMAW.tif,DEB
data/NCT-CRC-HE-100K/DEB/DEB-ISRPFVTT.tif,DEB
data/NCT-CRC-HE-100K/DEB/DEB-RNLNVQWM.tif,DEB
data/NCT-CRC-HE-100K/DEB/DEB-SSFSDFDH.tif,DEB
data/NCT-CRC-HE-100K/DEB/DEB-LTFPWHFM.tif,DEB
data/NCT-CRC-HE-100K/DEB/DEB-PRNYCGWE.tif,DEB
data/NCT-CRC-HE-100K/DEB/DEB-DPHHWDCS.tif,DEB
data/NCT-CRC-HE-100K/DEB/DEB-NSPQCRWC.tif,DEB
data/NCT-CRC-HE-100K/DEB/DEB-RGEVSNAA.tif,DEB
data/NCT-CRC-HE-100K/DEB/DEB-SEGVMNQK.tif,DEB
data/NCT-CRC-HE-100K/DEB/DEB-NPQKHIMK.tif,DEB
data/NCT-CRC-HE-100K/DEB/DEB-EMDPTGVR.tif,DEB
data/NCT-CRC-HE-100K/DEB/DEB-DIKLMAFH.tif,DEB
data/NCT-CRC-HE-100K/DEB/DEB-TVKVTKRW.tif,DEB
data/NCT-CRC-HE-100K/DEB/DEB-QDRFFQDG.tif,DEB
data/NCT-CRC-HE-100K/DEB/DEB-LEIYQMIP.tif,DEB
data/NCT-CRC-HE-100K/DEB/DEB-FYLMKPID.tif,DEB
data/NCT-CRC-HE-100K/DEB/DEB-KIVAWQEG.tif,DEB
data/NCT-CRC-HE-100K/DEB/DEB-HTAPEWWK.tif,DEB
data/NCT-CRC-HE-100K/DEB/DEB-VVVMTQQA.tif,DEB
data/NCT-CRC-HE-100K/DEB/DEB-PIMGELGE.tif,DEB
data/NCT-CRC-HE-100K/DEB/DEB-YDSRQASP.tif,DEB
data/NCT-CRC-HE-100K/DEB/DEB-YVGVLFAC.tif,DEB
data/NCT-CRC-HE-100K/DEB/DEB-KDDIGMPT.tif,DEB
data/NCT-CRC-HE-100K/DEB/DEB-AWVRYMWE.tif,DEB
data/NCT-CRC-HE-100K/DEB/DEB-APSQKGAG.tif,DEB
data/NCT-CRC-HE-100K/DEB/DEB-AFLTYGFA.tif,DEB
data/NCT-CRC-HE-100K/DEB/DEB-WEGFDQNH.tif,DEB
data/NCT-CRC-HE-100K/DEB/DEB-IPGIATKP.tif,DEB
data/NCT-CRC-HE-100K/DEB/DEB-DGGDLHIL.tif,DEB
data/NCT-CRC-HE-100K/DEB/DEB-WSPWPHDM.tif,DEB
data/NCT-CRC-HE-100K/DEB/DEB-KVLYRHNG.tif,DEB
data/NCT-CRC-HE-100K/DEB/DEB-KYPQFSNH.tif,DEB
data/NCT-CRC-HE-100K/DEB/DEB-SNSRWGNN.tif,DEB
data/NCT-CRC-HE-100K/DEB/DEB-WMRQNAYA.tif,DEB
data/NCT-CRC-HE-100K/DEB/DEB-KDRCYVHV.tif,DEB
data/NCT-CRC-HE-100K/DEB/DEB-CKNANTWR.tif,DEB
data/NCT-CRC-HE-100K/DEB/DEB-IAHTRPAF.tif,DEB
data/NCT-CRC-HE-100K/DEB/DEB-YQCSYVHV.tif,DEB
data/NCT-CRC-HE-100K/DEB/DEB-RQTTWMYT.tif,DEB
data/NCT-CRC-HE-100K/DEB/DEB-FALVTPGE.tif,DEB
data/NCT-CRC-HE-100K/DEB/DEB-IGQHTCPT.tif,DEB
data/NCT-CRC-HE-100K/DEB/DEB-TYRGWGSN.tif,DEB
data/NCT-CRC-HE-100K/DEB/DEB-CQDMHYTL.tif,DEB
data/NCT-CRC-HE-100K/DEB/DEB-NCHMTKKD.tif,DEB
data/NCT-CRC-HE-100K/DEB/DEB-NVRTVSQN.tif,DEB
data/NCT-CRC-HE-100K/DEB/DEB-IYDHYPCL.tif,DEB
data/NCT-CRC-HE-100K/DEB/DEB-TMWPSLYI.tif,DEB
data/NCT-CRC-HE-100K/DEB/DEB-HHSNWTMS.tif,DEB
data/NCT-CRC-HE-100K/DEB/DEB-IDTILFRD.tif,DEB
data/NCT-CRC-HE-100K/DEB/DEB-KVFWCDFN.tif,DEB
data/NCT-CRC-HE-100K/DEB/DEB-SERIMKPN.tif,DEB
data/NCT-CRC-HE-100K/DEB/DEB-QVQLRLKQ.tif,DEB
data/NCT-CRC-HE-100K/DEB/DEB-PRKSRSNV.tif,DEB
data/NCT-CRC-HE-100K/DEB/DEB-EMFCDNQC.tif,DEB
data/NCT-CRC-HE-100K/DEB/DEB-PAKFTYKF.tif,DEB
data/NCT-CRC-HE-100K/DEB/DEB-MPVAYTGF.tif,DEB
data/NCT-CRC-HE-100K/DEB/DEB-FTYYDWRL.tif,DEB
data/NCT-CRC-HE-100K/DEB/DEB-CLWDYMGG.tif,DEB
data/NCT-CRC-HE-100K/DEB/DEB-HLSFTSYN.tif,DEB
data/NCT-CRC-HE-100K/DEB/DEB-QMMDSLED.tif,DEB
data/NCT-CRC-HE-100K/DEB/DEB-MVVMLQMM.tif,DEB
data/NCT-CRC-HE-100K/DEB/DEB-AWKDLKWE.tif,DEB
data/NCT-CRC-HE-100K/DEB/DEB-HRGQAQPM.tif,DEB
data/NCT-CRC-HE-100K/DEB/DEB-DKDHDISN.tif,DEB
data/NCT-CRC-HE-100K/DEB/DEB-KRGMDGHI.tif,DEB
data/NCT-CRC-HE-100K/DEB/DEB-DVLLDHAA.tif,DEB
data/NCT-CRC-HE-100K/DEB/DEB-GEFYWDWF.tif,DEB
data/NCT-CRC-HE-100K/DEB/DEB-EQTGNDPQ.tif,DEB
data/NCT-CRC-HE-100K/DEB/DEB-PIYEFFYK.tif,DEB
data/NCT-CRC-HE-100K/DEB/DEB-AKLYFRLF.tif,DEB
data/NCT-CRC-HE-100K/DEB/DEB-MGFQYAIE.tif,DEB
data/NCT-CRC-HE-100K/DEB/DEB-RYMPTFAH.tif,DEB
data/NCT-CRC-HE-100K/DEB/DEB-NSIKYNYW.tif,DEB
data/NCT-CRC-HE-100K/DEB/DEB-ENHCCYCV.tif,DEB
data/NCT-CRC-HE-100K/DEB/DEB-HYDGYTYV.tif,DEB
data/NCT-CRC-HE-100K/DEB/DEB-REWSEQKP.tif,DEB
data/NCT-CRC-HE-100K/DEB/DEB-IYQACNCQ.tif,DEB
data/NCT-CRC-HE-100K/DEB/DEB-INVDYGFG.tif,DEB
data/NCT-CRC-HE-100K/DEB/DEB-NMFASWLV.tif,DEB
data/NCT-CRC-HE-100K/DEB/DEB-PFLRFVRE.tif,DEB
data/NCT-CRC-HE-100K/DEB/DEB-QHSEEMDD.tif,DEB
data/NCT-CRC-HE-100K/DEB/DEB-YTDMPVVR.tif,DEB
data/NCT-CRC-HE-100K/DEB/DEB-CRIGHYES.tif,DEB
data/NCT-CRC-HE-100K/DEB/DEB-FQREHCLG.tif,DEB
data/NCT-CRC-HE-100K/DEB/DEB-RWRYILER.tif,DEB
data/NCT-CRC-HE-100K/DEB/DEB-MEASGHNY.tif,DEB
data/NCT-CRC-HE-100K/DEB/DEB-GRHYGRPM.tif,DEB
data/NCT-CRC-HE-100K/DEB/DEB-IALWYTLM.tif,DEB
data/NCT-CRC-HE-100K/DEB/DEB-FHHLWMSW.tif,DEB
data/NCT-CRC-HE-100K/DEB/DEB-HFQVRQNQ.tif,DEB
data/NCT-CRC-HE-100K/DEB/DEB-KMCEWWMR.tif,DEB
data/NCT-CRC-HE-100K/DEB/DEB-FEFESHDV.tif,DEB
data/NCT-CRC-HE-100K/DEB/DEB-GGEKQQGD.tif,DEB
data/NCT-CRC-HE-100K/DEB/DEB-SQMSTYLM.tif,DEB
data/NCT-CRC-HE-100K/DEB/DEB-ICACMYYD.tif,DEB
data/NCT-CRC-HE-100K/DEB/DEB-SLSSCMES.tif,DEB
data/NCT-CRC-HE-100K/DEB/DEB-ASYTDWHG.tif,DEB
data/NCT-CRC-HE-100K/DEB/DEB-GDRQNWGM.tif,DEB
data/NCT-CRC-HE-100K/DEB/DEB-HMNLHFNN.tif,DEB
data/NCT-CRC-HE-100K/DEB/DEB-NVEKKIDQ.tif,DEB
data/NCT-CRC-HE-100K/DEB/DEB-FLKQSVQP.tif,DEB
data/NCT-CRC-HE-100K/DEB/DEB-HVGGPTSD.tif,DEB
data/NCT-CRC-HE-100K/DEB/DEB-SWFLMLVF.tif,DEB
data/NCT-CRC-HE-100K/DEB/DEB-EQTNYLSL.tif,DEB
data/NCT-CRC-HE-100K/DEB/DEB-TMKEDYVK.tif,DEB
data/NCT-CRC-HE-100K/DEB/DEB-YIKVRMLD.tif,DEB
data/NCT-CRC-HE-100K/DEB/DEB-FSSMAPGK.tif,DEB
data/NCT-CRC-HE-100K/DEB/DEB-IAAIEDAD.tif,DEB
data/NCT-CRC-HE-100K/DEB/DEB-RWPVPYHR.tif,DEB
data/NCT-CRC-HE-100K/DEB/DEB-KLEWCYWQ.tif,DEB
data/NCT-CRC-HE-100K/DEB/DEB-ANSHISER.tif,DEB
data/NCT-CRC-HE-100K/DEB/DEB-QCGKLDLI.tif,DEB
data/NCT-CRC-HE-100K/DEB/DEB-GPVRMKYQ.tif,DEB
data/NCT-CRC-HE-100K/DEB/DEB-CTTDSCCY.tif,DEB
data/NCT-CRC-HE-100K/DEB/DEB-NRDNQITK.tif,DEB
data/NCT-CRC-HE-100K/DEB/DEB-FSRIMWAA.tif,DEB
data/NCT-CRC-HE-100K/DEB/DEB-MTGQGCWQ.tif,DEB
data/NCT-CRC-HE-100K/DEB/DEB-RHYGDWYT.tif,DEB
data/NCT-CRC-HE-100K/DEB/DEB-NARPLTFQ.tif,DEB
data/NCT-CRC-HE-100K/DEB/DEB-GYYAIPAF.tif,DEB
data/NCT-CRC-HE-100K/DEB/DEB-MWSKNALD.tif,DEB
data/NCT-CRC-HE-100K/DEB/DEB-SEYFKFAM.tif,DEB
data/NCT-CRC-HE-100K/DEB/DEB-SAAWQIND.tif,DEB
data/NCT-CRC-HE-100K/DEB/DEB-QYVLCMDC.tif,DEB
data/NCT-CRC-HE-100K/DEB/DEB-EAANYWPC.tif,DEB
data/NCT-CRC-HE-100K/DEB/DEB-EPSDECFF.tif,DEB
data/NCT-CRC-HE-100K/DEB/DEB-DMQPWYER.tif,DEB
data/NCT-CRC-HE-100K/DEB/DEB-AHNKQCFD.tif,DEB
data/NCT-CRC-HE-100K/DEB/DEB-DKHSAQEP.tif,DEB
data/NCT-CRC-HE-100K/DEB/DEB-AGVTALVW.tif,DEB
data/NCT-CRC-HE-100K/DEB/DEB-HVEDFPTF.tif,DEB
data/NCT-CRC-HE-100K/DEB/DEB-NGKHQHRQ.tif,DEB
data/NCT-CRC-HE-100K/DEB/DEB-PSLYSECG.tif,DEB
data/NCT-CRC-HE-100K/DEB/DEB-YEDRKLLK.tif,DEB
data/NCT-CRC-HE-100K/DEB/DEB-ISYYPYHT.tif,DEB
data/NCT-CRC-HE-100K/DEB/DEB-NRHHLETR.tif,DEB
data/NCT-CRC-HE-100K/DEB/DEB-LSTCAKSN.tif,DEB
data/NCT-CRC-HE-100K/DEB/DEB-WTAFLQNR.tif,DEB
data/NCT-CRC-HE-100K/DEB/DEB-NGMPFDID.tif,DEB
data/NCT-CRC-HE-100K/DEB/DEB-IFVGRRWG.tif,DEB
data/NCT-CRC-HE-100K/DEB/DEB-DGKHTASC.tif,DEB
data/NCT-CRC-HE-100K/DEB/DEB-FMCELIVT.tif,DEB
data/NCT-CRC-HE-100K/DEB/DEB-TPWKETPM.tif,DEB
data/NCT-CRC-HE-100K/DEB/DEB-HTYHPRHN.tif,DEB
data/NCT-CRC-HE-100K/DEB/DEB-GWNRNNAR.tif,DEB
data/NCT-CRC-HE-100K/DEB/DEB-CHNELFDH.tif,DEB
data/NCT-CRC-HE-100K/DEB/DEB-CNQYMLTA.tif,DEB
data/NCT-CRC-HE-100K/DEB/DEB-RMRCYRKL.tif,DEB
data/NCT-CRC-HE-100K/DEB/DEB-CYYASSVG.tif,DEB
data/NCT-CRC-HE-100K/DEB/DEB-YQIDAILY.tif,DEB
data/NCT-CRC-HE-100K/DEB/DEB-PPYCPSFY.tif,DEB
data/NCT-CRC-HE-100K/DEB/DEB-IAKRAWQV.tif,DEB
data/NCT-CRC-HE-100K/DEB/DEB-PSPQWKPH.tif,DEB
data/NCT-CRC-HE-100K/DEB/DEB-WSSLARTI.tif,DEB
data/NCT-CRC-HE-100K/DEB/DEB-EVLMIMCS.tif,DEB
data/NCT-CRC-HE-100K/DEB/DEB-VCFDEQSH.tif,DEB
data/NCT-CRC-HE-100K/DEB/DEB-VVEDRNWE.tif,DEB
data/NCT-CRC-HE-100K/DEB/DEB-RLQLDCTQ.tif,DEB
data/NCT-CRC-HE-100K/DEB/DEB-KEPYCINY.tif,DEB
data/NCT-CRC-HE-100K/DEB/DEB-AILIPPLL.tif,DEB
data/NCT-CRC-HE-100K/DEB/DEB-VAFFRIKY.tif,DEB
data/NCT-CRC-HE-100K/DEB/DEB-FFIQHNWC.tif,DEB
data/NCT-CRC-HE-100K/DEB/DEB-LWWSNVRA.tif,DEB
data/NCT-CRC-HE-100K/DEB/DEB-WYDWYRAN.tif,DEB
data/NCT-CRC-HE-100K/DEB/DEB-MELQHWYL.tif,DEB
data/NCT-CRC-HE-100K/DEB/DEB-MKIRWSHP.tif,DEB
data/NCT-CRC-HE-100K/DEB/DEB-KKCAYPQM.tif,DEB
data/NCT-CRC-HE-100K/DEB/DEB-RFTFCSHL.tif,DEB
data/NCT-CRC-HE-100K/DEB/DEB-WFNYWVGM.tif,DEB
data/NCT-CRC-HE-100K/DEB/DEB-YNCNWHKQ.tif,DEB
data/NCT-CRC-HE-100K/DEB/DEB-IDTNASMP.tif,DEB
data/NCT-CRC-HE-100K/DEB/DEB-EVCRDLCH.tif,DEB
data/NCT-CRC-HE-100K/DEB/DEB-APNLIQLG.tif,DEB
data/NCT-CRC-HE-100K/DEB/DEB-GPSMWVVV.tif,DEB
data/NCT-CRC-HE-100K/DEB/DEB-VHETTTPY.tif,DEB
data/NCT-CRC-HE-100K/DEB/DEB-NGYMTLAE.tif,DEB
data/NCT-CRC-HE-100K/DEB/DEB-LPLLEGVA.tif,DEB
data/NCT-CRC-HE-100K/DEB/DEB-QKMAHCWK.tif,DEB
data/NCT-CRC-HE-100K/DEB/DEB-KMGSWPLS.tif,DEB
data/NCT-CRC-HE-100K/DEB/DEB-PLLRHWFR.tif,DEB
data/NCT-CRC-HE-100K/DEB/DEB-EYYFVDYI.tif,DEB
data/NCT-CRC-HE-100K/DEB/DEB-QLMVLWYT.tif,DEB
data/NCT-CRC-HE-100K/DEB/DEB-KIMNSARK.tif,DEB
data/NCT-CRC-HE-100K/DEB/DEB-YYAMRGFS.tif,DEB
data/NCT-CRC-HE-100K/DEB/DEB-LIQGIEVF.tif,DEB
data/NCT-CRC-HE-100K/DEB/DEB-LVVWDKLD.tif,DEB
data/NCT-CRC-HE-100K/DEB/DEB-WECEGRCA.tif,DEB
data/NCT-CRC-HE-100K/DEB/DEB-VDYMQAAK.tif,DEB
data/NCT-CRC-HE-100K/DEB/DEB-MTEFKLAT.tif,DEB
data/NCT-CRC-HE-100K/DEB/DEB-TKVNLHAR.tif,DEB
data/NCT-CRC-HE-100K/DEB/DEB-NKLFNYNA.tif,DEB
data/NCT-CRC-HE-100K/DEB/DEB-YSCDFMKY.tif,DEB
data/NCT-CRC-HE-100K/DEB/DEB-RFRLMWVR.tif,DEB
data/NCT-CRC-HE-100K/DEB/DEB-KKINRSNG.tif,DEB
data/NCT-CRC-HE-100K/DEB/DEB-YEKSVIWR.tif,DEB
data/NCT-CRC-HE-100K/DEB/DEB-TAYVWQAT.tif,DEB
data/NCT-CRC-HE-100K/DEB/DEB-HPKAMWCW.tif,DEB
data/NCT-CRC-HE-100K/DEB/DEB-GHIPFDGQ.tif,DEB
data/NCT-CRC-HE-100K/DEB/DEB-PFHTFVQW.tif,DEB
data/NCT-CRC-HE-100K/DEB/DEB-HDAQDHTR.tif,DEB
data/NCT-CRC-HE-100K/DEB/DEB-ILKFWCGY.tif,DEB
data/NCT-CRC-HE-100K/DEB/DEB-RPLWTCWY.tif,DEB
data/NCT-CRC-HE-100K/DEB/DEB-FSLMSHGA.tif,DEB
data/NCT-CRC-HE-100K/DEB/DEB-FAQHCFPW.tif,DEB
data/NCT-CRC-HE-100K/DEB/DEB-TYSHFCWR.tif,DEB
data/NCT-CRC-HE-100K/DEB/DEB-RRGYFWMS.tif,DEB
data/NCT-CRC-HE-100K/DEB/DEB-SEFHPNVF.tif,DEB
data/NCT-CRC-HE-100K/DEB/DEB-RILEKCSW.tif,DEB
data/NCT-CRC-HE-100K/DEB/DEB-WIRCMFIR.tif,DEB
data/NCT-CRC-HE-100K/DEB/DEB-QLTDEFYF.tif,DEB
data/NCT-CRC-HE-100K/DEB/DEB-LQPCLHMP.tif,DEB
data/NCT-CRC-HE-100K/DEB/DEB-IGFLQMFN.tif,DEB
data/NCT-CRC-HE-100K/DEB/DEB-PGNMEVMD.tif,DEB
data/NCT-CRC-HE-100K/DEB/DEB-KMKLGWCG.tif,DEB
data/NCT-CRC-HE-100K/DEB/DEB-PWNYYQKA.tif,DEB
data/NCT-CRC-HE-100K/DEB/DEB-WLCSRLRA.tif,DEB
data/NCT-CRC-HE-100K/DEB/DEB-SAFYASCS.tif,DEB
data/NCT-CRC-HE-100K/DEB/DEB-CMMVLMIH.tif,DEB
data/NCT-CRC-HE-100K/DEB/DEB-GLTYSATV.tif,DEB
data/NCT-CRC-HE-100K/DEB/DEB-IFITGSYN.tif,DEB
data/NCT-CRC-HE-100K/DEB/DEB-QAALDVMS.tif,DEB
data/NCT-CRC-HE-100K/DEB/DEB-YPPTRAVI.tif,DEB
data/NCT-CRC-HE-100K/DEB/DEB-DAYQEPKH.tif,DEB
data/NCT-CRC-HE-100K/DEB/DEB-AMMWITND.tif,DEB
data/NCT-CRC-HE-100K/DEB/DEB-GQMRKNPH.tif,DEB
data/NCT-CRC-HE-100K/DEB/DEB-TYRGWPQK.tif,DEB
data/NCT-CRC-HE-100K/DEB/DEB-EADARAHG.tif,DEB
data/NCT-CRC-HE-100K/DEB/DEB-IFCAEHFP.tif,DEB
data/NCT-CRC-HE-100K/DEB/DEB-AAKIRPEI.tif,DEB
data/NCT-CRC-HE-100K/DEB/DEB-HDDCTERP.tif,DEB
data/NCT-CRC-HE-100K/DEB/DEB-GFMWFCKC.tif,DEB
data/NCT-CRC-HE-100K/DEB/DEB-VNTPFIWG.tif,DEB
data/NCT-CRC-HE-100K/DEB/DEB-FYCEQSIG.tif,DEB
data/NCT-CRC-HE-100K/DEB/DEB-WSQMGKVK.tif,DEB
data/NCT-CRC-HE-100K/DEB/DEB-MFIPWCPS.tif,DEB
data/NCT-CRC-HE-100K/DEB/DEB-VHNSTFIG.tif,DEB
data/NCT-CRC-HE-100K/DEB/DEB-IMYHPDHR.tif,DEB
data/NCT-CRC-HE-100K/DEB/DEB-AFTYIHEF.tif,DEB
data/NCT-CRC-HE-100K/DEB/DEB-YEKLMQPC.tif,DEB
data/NCT-CRC-HE-100K/DEB/DEB-WPQYMETN.tif,DEB
data/NCT-CRC-HE-100K/DEB/DEB-ALLPVAKT.tif,DEB
data/NCT-CRC-HE-100K/DEB/DEB-ANQQFSPE.tif,DEB
data/NCT-CRC-HE-100K/DEB/DEB-VGIYMQAF.tif,DEB
data/NCT-CRC-HE-100K/DEB/DEB-FSMTCEWC.tif,DEB
data/NCT-CRC-HE-100K/DEB/DEB-KSRGPFFN.tif,DEB
data/NCT-CRC-HE-100K/DEB/DEB-HQAGIQKG.tif,DEB
data/NCT-CRC-HE-100K/DEB/DEB-NFAGKNPY.tif,DEB
data/NCT-CRC-HE-100K/DEB/DEB-REVPPHQK.tif,DEB
data/NCT-CRC-HE-100K/DEB/DEB-MGWNCCNE.tif,DEB
data/NCT-CRC-HE-100K/DEB/DEB-MCQSGSEA.tif,DEB
data/NCT-CRC-HE-100K/DEB/DEB-DNQVRYHF.tif,DEB
data/NCT-CRC-HE-100K/DEB/DEB-TMSVRDNV.tif,DEB
data/NCT-CRC-HE-100K/DEB/DEB-PFRKLGSV.tif,DEB
data/NCT-CRC-HE-100K/DEB/DEB-EHCKDTER.tif,DEB
data/NCT-CRC-HE-100K/DEB/DEB-YVTPELQE.tif,DEB
data/NCT-CRC-HE-100K/DEB/DEB-AQYIQMVK.tif,DEB
data/NCT-CRC-HE-100K/DEB/DEB-FWGTDFKN.tif,DEB
data/NCT-CRC-HE-100K/DEB/DEB-AIWFSKDW.tif,DEB
data/NCT-CRC-HE-100K/DEB/DEB-TVQRGERQ.tif,DEB
data/NCT-CRC-HE-100K/DEB/DEB-IRGDQIKS.tif,DEB
data/NCT-CRC-HE-100K/DEB/DEB-MAGTKIQS.tif,DEB
data/NCT-CRC-HE-100K/DEB/DEB-GVTKVARY.tif,DEB
data/NCT-CRC-HE-100K/DEB/DEB-MWDTYIDM.tif,DEB
data/NCT-CRC-HE-100K/DEB/DEB-GNFQPIEV.tif,DEB
data/NCT-CRC-HE-100K/DEB/DEB-LAYFTASG.tif,DEB
data/NCT-CRC-HE-100K/DEB/DEB-GFHDGEEC.tif,DEB
data/NCT-CRC-HE-100K/DEB/DEB-GCMYGTEM.tif,DEB
data/NCT-CRC-HE-100K/DEB/DEB-RDASLRWN.tif,DEB
data/NCT-CRC-HE-100K/DEB/DEB-WQRMCCLD.tif,DEB
data/NCT-CRC-HE-100K/DEB/DEB-TTEFFGGW.tif,DEB
data/NCT-CRC-HE-100K/DEB/DEB-RHYNINSG.tif,DEB
data/NCT-CRC-HE-100K/DEB/DEB-NNSQPAPT.tif,DEB
data/NCT-CRC-HE-100K/DEB/DEB-TQFPNFVG.tif,DEB
data/NCT-CRC-HE-100K/DEB/DEB-VVMMISTK.tif,DEB
data/NCT-CRC-HE-100K/DEB/DEB-HIKRFYYK.tif,DEB
data/NCT-CRC-HE-100K/DEB/DEB-ACNKYFIY.tif,DEB
data/NCT-CRC-HE-100K/DEB/DEB-CPAHLNIM.tif,DEB
data/NCT-CRC-HE-100K/DEB/DEB-PIAVGSVY.tif,DEB
data/NCT-CRC-HE-100K/DEB/DEB-VEQHPQVG.tif,DEB
data/NCT-CRC-HE-100K/DEB/DEB-WIEEKFCD.tif,DEB
data/NCT-CRC-HE-100K/DEB/DEB-WISCVKTM.tif,DEB
data/NCT-CRC-HE-100K/DEB/DEB-WIYRYAKE.tif,DEB
data/NCT-CRC-HE-100K/DEB/DEB-EVYVCADP.tif,DEB
data/NCT-CRC-HE-100K/DEB/DEB-RGEARGRH.tif,DEB
data/NCT-CRC-HE-100K/DEB/DEB-DMIHFRDE.tif,DEB
data/NCT-CRC-HE-100K/DEB/DEB-KSQFPEHH.tif,DEB
data/NCT-CRC-HE-100K/DEB/DEB-LINMIHPI.tif,DEB
data/NCT-CRC-HE-100K/DEB/DEB-WAIHKIRP.tif,DEB
data/NCT-CRC-HE-100K/DEB/DEB-VTVILHCN.tif,DEB
data/NCT-CRC-HE-100K/DEB/DEB-VPHRWFER.tif,DEB
data/NCT-CRC-HE-100K/DEB/DEB-GHMPGREK.tif,DEB
data/NCT-CRC-HE-100K/DEB/DEB-CTKEASNC.tif,DEB
data/NCT-CRC-HE-100K/DEB/DEB-LPINFSCH.tif,DEB
data/NCT-CRC-HE-100K/DEB/DEB-EYNMEWVS.tif,DEB
data/NCT-CRC-HE-100K/DEB/DEB-KYENSNFK.tif,DEB
data/NCT-CRC-HE-100K/DEB/DEB-WQAIFQIK.tif,DEB
data/NCT-CRC-HE-100K/DEB/DEB-ISFLGCPC.tif,DEB
data/NCT-CRC-HE-100K/DEB/DEB-QSTKWQCG.tif,DEB
data/NCT-CRC-HE-100K/DEB/DEB-QQCGNCSL.tif,DEB
data/NCT-CRC-HE-100K/DEB/DEB-VHHVPWQE.tif,DEB
data/NCT-CRC-HE-100K/DEB/DEB-LIDGAWRP.tif,DEB
data/NCT-CRC-HE-100K/DEB/DEB-IPKDIQLH.tif,DEB
data/NCT-CRC-HE-100K/DEB/DEB-WHTCNNCF.tif,DEB
data/NCT-CRC-HE-100K/DEB/DEB-DHDLKYRW.tif,DEB
data/NCT-CRC-HE-100K/DEB/DEB-PYYWCFFF.tif,DEB
data/NCT-CRC-HE-100K/DEB/DEB-FNDMGIYR.tif,DEB
data/NCT-CRC-HE-100K/DEB/DEB-EDHAGGMV.tif,DEB
data/NCT-CRC-HE-100K/DEB/DEB-RNHMLIMA.tif,DEB
data/NCT-CRC-HE-100K/DEB/DEB-IGEQQYEH.tif,DEB
data/NCT-CRC-HE-100K/DEB/DEB-SVQPEAIH.tif,DEB
data/NCT-CRC-HE-100K/DEB/DEB-NMGDPTWS.tif,DEB
data/NCT-CRC-HE-100K/DEB/DEB-VGRGPFCF.tif,DEB
data/NCT-CRC-HE-100K/DEB/DEB-PQTFWYEH.tif,DEB
data/NCT-CRC-HE-100K/DEB/DEB-NYDKCIKW.tif,DEB
data/NCT-CRC-HE-100K/DEB/DEB-YCEVIEHI.tif,DEB
data/NCT-CRC-HE-100K/DEB/DEB-FMTLYKCI.tif,DEB
data/NCT-CRC-HE-100K/DEB/DEB-VGIMLWLI.tif,DEB
data/NCT-CRC-HE-100K/DEB/DEB-NVWIVKYV.tif,DEB
data/NCT-CRC-HE-100K/DEB/DEB-EPMPRQMK.tif,DEB
data/NCT-CRC-HE-100K/DEB/DEB-YMCFSPQT.tif,DEB
data/NCT-CRC-HE-100K/DEB/DEB-WPVHPNLT.tif,DEB
data/NCT-CRC-HE-100K/DEB/DEB-EFNVIKRI.tif,DEB
data/NCT-CRC-HE-100K/DEB/DEB-TPFCSKKQ.tif,DEB
data/NCT-CRC-HE-100K/DEB/DEB-EFCCRGDL.tif,DEB
data/NCT-CRC-HE-100K/DEB/DEB-GFWSHITI.tif,DEB
data/NCT-CRC-HE-100K/DEB/DEB-QQRSALLL.tif,DEB
data/NCT-CRC-HE-100K/DEB/DEB-KHPDFPMC.tif,DEB
data/NCT-CRC-HE-100K/DEB/DEB-YMDIQENW.tif,DEB
data/NCT-CRC-HE-100K/DEB/DEB-DWKCVFMR.tif,DEB
data/NCT-CRC-HE-100K/DEB/DEB-YLAQVSSL.tif,DEB
data/NCT-CRC-HE-100K/DEB/DEB-PCLEKDDT.tif,DEB
data/NCT-CRC-HE-100K/DEB/DEB-IILDELQA.tif,DEB
data/NCT-CRC-HE-100K/DEB/DEB-ITDLFEQL.tif,DEB
data/NCT-CRC-HE-100K/DEB/DEB-EETNCPDR.tif,DEB
data/NCT-CRC-HE-100K/DEB/DEB-WCRYHYCI.tif,DEB
data/NCT-CRC-HE-100K/DEB/DEB-MDHSYSYL.tif,DEB
data/NCT-CRC-HE-100K/DEB/DEB-RLFMLAIF.tif,DEB
data/NCT-CRC-HE-100K/DEB/DEB-SGNKMEHG.tif,DEB
data/NCT-CRC-HE-100K/DEB/DEB-DFEWITAG.tif,DEB
data/NCT-CRC-HE-100K/DEB/DEB-AFLAAICH.tif,DEB
data/NCT-CRC-HE-100K/DEB/DEB-CFPMVRCY.tif,DEB
data/NCT-CRC-HE-100K/DEB/DEB-VGNTIIKE.tif,DEB
data/NCT-CRC-HE-100K/DEB/DEB-AKGRYAEN.tif,DEB
data/NCT-CRC-HE-100K/DEB/DEB-EYQNTTIV.tif,DEB
data/NCT-CRC-HE-100K/DEB/DEB-NPDWLGCP.tif,DEB
data/NCT-CRC-HE-100K/DEB/DEB-MYARHIHQ.tif,DEB
data/NCT-CRC-HE-100K/DEB/DEB-QQDKAFFV.tif,DEB
data/NCT-CRC-HE-100K/DEB/DEB-ASVNRIHC.tif,DEB
data/NCT-CRC-HE-100K/DEB/DEB-KVMYIRII.tif,DEB
data/NCT-CRC-HE-100K/DEB/DEB-VYTPYIMD.tif,DEB
data/NCT-CRC-HE-100K/DEB/DEB-FASCEHRI.tif,DEB
data/NCT-CRC-HE-100K/DEB/DEB-DMGHLSGF.tif,DEB
data/NCT-CRC-HE-100K/DEB/DEB-NEMFGRIY.tif,DEB
data/NCT-CRC-HE-100K/DEB/DEB-WGSEQWHV.tif,DEB
data/NCT-CRC-HE-100K/DEB/DEB-TLFQGPHC.tif,DEB
data/NCT-CRC-HE-100K/DEB/DEB-HHQMARES.tif,DEB
data/NCT-CRC-HE-100K/DEB/DEB-CKQIKAHH.tif,DEB
data/NCT-CRC-HE-100K/DEB/DEB-GWHIARNI.tif,DEB
data/NCT-CRC-HE-100K/DEB/DEB-ATDQCPRH.tif,DEB
data/NCT-CRC-HE-100K/DEB/DEB-VASSENFM.tif,DEB
data/NCT-CRC-HE-100K/DEB/DEB-NIKYWHTY.tif,DEB
data/NCT-CRC-HE-100K/DEB/DEB-ESYTGMFY.tif,DEB
data/NCT-CRC-HE-100K/DEB/DEB-SWKQEKDW.tif,DEB
data/NCT-CRC-HE-100K/DEB/DEB-KKARWGEQ.tif,DEB
data/NCT-CRC-HE-100K/DEB/DEB-NNGYTIQV.tif,DEB
data/NCT-CRC-HE-100K/DEB/DEB-NMHSLECI.tif,DEB
data/NCT-CRC-HE-100K/DEB/DEB-SMVVWHHG.tif,DEB
data/NCT-CRC-HE-100K/DEB/DEB-CPFNNRCF.tif,DEB
data/NCT-CRC-HE-100K/DEB/DEB-PPSDLCEF.tif,DEB
data/NCT-CRC-HE-100K/DEB/DEB-SKTIAPSN.tif,DEB
data/NCT-CRC-HE-100K/DEB/DEB-FEGMWQPP.tif,DEB
data/NCT-CRC-HE-100K/DEB/DEB-SWRKPWQD.tif,DEB
data/NCT-CRC-HE-100K/DEB/DEB-EPVTRIKP.tif,DEB
data/NCT-CRC-HE-100K/DEB/DEB-WGVFTRER.tif,DEB
data/NCT-CRC-HE-100K/DEB/DEB-TRGMSSWN.tif,DEB
data/NCT-CRC-HE-100K/DEB/DEB-FTCDCADF.tif,DEB
data/NCT-CRC-HE-100K/DEB/DEB-DPNMMTCC.tif,DEB
data/NCT-CRC-HE-100K/DEB/DEB-TISVLLMM.tif,DEB
data/NCT-CRC-HE-100K/DEB/DEB-QHFRMQRA.tif,DEB
data/NCT-CRC-HE-100K/DEB/DEB-KDSRCVHF.tif,DEB
data/NCT-CRC-HE-100K/DEB/DEB-INFRGNHV.tif,DEB
data/NCT-CRC-HE-100K/DEB/DEB-IDKANEQF.tif,DEB
data/NCT-CRC-HE-100K/DEB/DEB-GYPYQPWL.tif,DEB
data/NCT-CRC-HE-100K/DEB/DEB-NLPIPVYW.tif,DEB
data/NCT-CRC-HE-100K/DEB/DEB-YLAVRAPR.tif,DEB
data/NCT-CRC-HE-100K/DEB/DEB-WDESHKQM.tif,DEB
data/NCT-CRC-HE-100K/DEB/DEB-CMEYGTSH.tif,DEB
data/NCT-CRC-HE-100K/DEB/DEB-RWHHWYEM.tif,DEB
data/NCT-CRC-HE-100K/DEB/DEB-DCSLFCYC.tif,DEB
data/NCT-CRC-HE-100K/DEB/DEB-AGSKWNRW.tif,DEB
data/NCT-CRC-HE-100K/DEB/DEB-WEPNPMER.tif,DEB
data/NCT-CRC-HE-100K/DEB/DEB-KCEVKQWC.tif,DEB
data/NCT-CRC-HE-100K/DEB/DEB-FKCTTVMS.tif,DEB
data/NCT-CRC-HE-100K/DEB/DEB-FAWMSYKH.tif,DEB
data/NCT-CRC-HE-100K/DEB/DEB-RKDKAKAY.tif,DEB
data/NCT-CRC-HE-100K/DEB/DEB-EVMAWKWA.tif,DEB
data/NCT-CRC-HE-100K/DEB/DEB-EGQKYATG.tif,DEB
data/NCT-CRC-HE-100K/DEB/DEB-LIVMDGCD.tif,DEB
data/NCT-CRC-HE-100K/DEB/DEB-AEQMDIHK.tif,DEB
data/NCT-CRC-HE-100K/DEB/DEB-LDVMDRHD.tif,DEB
data/NCT-CRC-HE-100K/DEB/DEB-FEFLALYI.tif,DEB
data/NCT-CRC-HE-100K/DEB/DEB-LHYIPEWP.tif,DEB
data/NCT-CRC-HE-100K/DEB/DEB-TKQWHWTV.tif,DEB
data/NCT-CRC-HE-100K/DEB/DEB-CTWVRGFK.tif,DEB
data/NCT-CRC-HE-100K/DEB/DEB-DMVMLMNH.tif,DEB
data/NCT-CRC-HE-100K/DEB/DEB-MNSSKFEH.tif,DEB
data/NCT-CRC-HE-100K/DEB/DEB-GTYYNLYK.tif,DEB
data/NCT-CRC-HE-100K/DEB/DEB-IECFTWQK.tif,DEB
data/NCT-CRC-HE-100K/DEB/DEB-PSWCDCPG.tif,DEB
data/NCT-CRC-HE-100K/DEB/DEB-LIPGMVPN.tif,DEB
data/NCT-CRC-HE-100K/DEB/DEB-YKCKYDRK.tif,DEB
data/NCT-CRC-HE-100K/DEB/DEB-QSIRCEQF.tif,DEB
data/NCT-CRC-HE-100K/DEB/DEB-QHQYFCAH.tif,DEB
data/NCT-CRC-HE-100K/DEB/DEB-SGGECEIV.tif,DEB
data/NCT-CRC-HE-100K/DEB/DEB-SAESMMQL.tif,DEB
data/NCT-CRC-HE-100K/DEB/DEB-DMAEKLID.tif,DEB
data/NCT-CRC-HE-100K/DEB/DEB-DIYVYMVI.tif,DEB
data/NCT-CRC-HE-100K/DEB/DEB-PKLHMWND.tif,DEB
data/NCT-CRC-HE-100K/DEB/DEB-NLQLNQYE.tif,DEB
data/NCT-CRC-HE-100K/DEB/DEB-SKRNVSTG.tif,DEB
data/NCT-CRC-HE-100K/DEB/DEB-QPIKTYRT.tif,DEB
data/NCT-CRC-HE-100K/DEB/DEB-SQIEPLTL.tif,DEB
data/NCT-CRC-HE-100K/DEB/DEB-PCLKTKRD.tif,DEB
data/NCT-CRC-HE-100K/DEB/DEB-RSHGIRWP.tif,DEB
data/NCT-CRC-HE-100K/DEB/DEB-DETRLKNE.tif,DEB
data/NCT-CRC-HE-100K/DEB/DEB-HETADGMC.tif,DEB
data/NCT-CRC-HE-100K/DEB/DEB-FDFDHKEK.tif,DEB
data/NCT-CRC-HE-100K/DEB/DEB-NINFKGFC.tif,DEB
data/NCT-CRC-HE-100K/DEB/DEB-RMTIDVQK.tif,DEB
data/NCT-CRC-HE-100K/DEB/DEB-KVPPIFTK.tif,DEB
data/NCT-CRC-HE-100K/DEB/DEB-FFSYHGQE.tif,DEB
data/NCT-CRC-HE-100K/DEB/DEB-DCYFPWTP.tif,DEB
data/NCT-CRC-HE-100K/DEB/DEB-FCWTGAPK.tif,DEB
data/NCT-CRC-HE-100K/DEB/DEB-FKYVITAQ.tif,DEB
data/NCT-CRC-HE-100K/DEB/DEB-CARVSHCH.tif,DEB
data/NCT-CRC-HE-100K/DEB/DEB-WHAGWWIA.tif,DEB
data/NCT-CRC-HE-100K/DEB/DEB-TCHCWPQP.tif,DEB
data/NCT-CRC-HE-100K/DEB/DEB-EHKWTDAT.tif,DEB
data/NCT-CRC-HE-100K/DEB/DEB-WVQSFQKW.tif,DEB
data/NCT-CRC-HE-100K/DEB/DEB-DAQCCRER.tif,DEB
data/NCT-CRC-HE-100K/DEB/DEB-RWSMAQGM.tif,DEB
data/NCT-CRC-HE-100K/DEB/DEB-IMYGRQNQ.tif,DEB
data/NCT-CRC-HE-100K/DEB/DEB-TCHHLHVF.tif,DEB
data/NCT-CRC-HE-100K/DEB/DEB-KNDGTTAH.tif,DEB
data/NCT-CRC-HE-100K/DEB/DEB-LYWYIFGE.tif,DEB
data/NCT-CRC-HE-100K/DEB/DEB-WWFNHFVL.tif,DEB
data/NCT-CRC-HE-100K/DEB/DEB-QMKLANDL.tif,DEB
data/NCT-CRC-HE-100K/DEB/DEB-NKWHDNLL.tif,DEB
data/NCT-CRC-HE-100K/DEB/DEB-TTEYTAQV.tif,DEB
data/NCT-CRC-HE-100K/DEB/DEB-LAWSMPLP.tif,DEB
data/NCT-CRC-HE-100K/DEB/DEB-YALWFCYE.tif,DEB
data/NCT-CRC-HE-100K/DEB/DEB-VRSVNTWW.tif,DEB
data/NCT-CRC-HE-100K/DEB/DEB-QFNNCVVA.tif,DEB
data/NCT-CRC-HE-100K/DEB/DEB-LSSCDVWA.tif,DEB
data/NCT-CRC-HE-100K/DEB/DEB-HMINKGID.tif,DEB
data/NCT-CRC-HE-100K/DEB/DEB-RGCPGFEK.tif,DEB
data/NCT-CRC-HE-100K/DEB/DEB-CDQHISFA.tif,DEB
data/NCT-CRC-HE-100K/DEB/DEB-MWCVGNEN.tif,DEB
data/NCT-CRC-HE-100K/DEB/DEB-MINKFTHG.tif,DEB
data/NCT-CRC-HE-100K/DEB/DEB-LQVEQYHT.tif,DEB
data/NCT-CRC-HE-100K/DEB/DEB-RNDSQQGP.tif,DEB
data/NCT-CRC-HE-100K/DEB/DEB-AFAGADDR.tif,DEB
data/NCT-CRC-HE-100K/DEB/DEB-IAVRMVNT.tif,DEB
data/NCT-CRC-HE-100K/DEB/DEB-THMKEATW.tif,DEB
data/NCT-CRC-HE-100K/DEB/DEB-DGPHVRML.tif,DEB
data/NCT-CRC-HE-100K/DEB/DEB-QLMMVVIH.tif,DEB
data/NCT-CRC-HE-100K/DEB/DEB-EEYRATRG.tif,DEB
data/NCT-CRC-HE-100K/DEB/DEB-MKTRDFGK.tif,DEB
data/NCT-CRC-HE-100K/DEB/DEB-PHHQCCVC.tif,DEB
data/NCT-CRC-HE-100K/DEB/DEB-VPFTRRGY.tif,DEB
data/NCT-CRC-HE-100K/DEB/DEB-HVLAVVLY.tif,DEB
data/NCT-CRC-HE-100K/DEB/DEB-SMPQFWYP.tif,DEB
data/NCT-CRC-HE-100K/DEB/DEB-RSHLQFSV.tif,DEB
data/NCT-CRC-HE-100K/DEB/DEB-RKLRCNQF.tif,DEB
data/NCT-CRC-HE-100K/DEB/DEB-EFELAMQA.tif,DEB
data/NCT-CRC-HE-100K/DEB/DEB-CFDGYMFM.tif,DEB
data/NCT-CRC-HE-100K/DEB/DEB-TFAERIYD.tif,DEB
data/NCT-CRC-HE-100K/DEB/DEB-MESTFEPY.tif,DEB
data/NCT-CRC-HE-100K/DEB/DEB-CERPWDII.tif,DEB
data/NCT-CRC-HE-100K/DEB/DEB-MILPCYPT.tif,DEB
data/NCT-CRC-HE-100K/DEB/DEB-GDCGLIPY.tif,DEB
data/NCT-CRC-HE-100K/DEB/DEB-LQCTEICN.tif,DEB
data/NCT-CRC-HE-100K/DEB/DEB-IPGHKYAW.tif,DEB
data/NCT-CRC-HE-100K/DEB/DEB-QRCYVRKA.tif,DEB
data/NCT-CRC-HE-100K/DEB/DEB-NVVVSQTT.tif,DEB
data/NCT-CRC-HE-100K/DEB/DEB-AANLAGGD.tif,DEB
data/NCT-CRC-HE-100K/DEB/DEB-WITRENHL.tif,DEB
data/NCT-CRC-HE-100K/DEB/DEB-HQAKLHEL.tif,DEB
data/NCT-CRC-HE-100K/DEB/DEB-WNHNHDIN.tif,DEB
data/NCT-CRC-HE-100K/DEB/DEB-WNLQHLFL.tif,DEB
data/NCT-CRC-HE-100K/DEB/DEB-QMMPGASQ.tif,DEB
data/NCT-CRC-HE-100K/DEB/DEB-LRYFMPKA.tif,DEB
data/NCT-CRC-HE-100K/DEB/DEB-YKRHALDC.tif,DEB
data/NCT-CRC-HE-100K/DEB/DEB-FNRFGMYT.tif,DEB
data/NCT-CRC-HE-100K/DEB/DEB-CGRFYMVI.tif,DEB
data/NCT-CRC-HE-100K/DEB/DEB-QPMQEWWG.tif,DEB
data/NCT-CRC-HE-100K/DEB/DEB-RYTTQTEH.tif,DEB
data/NCT-CRC-HE-100K/DEB/DEB-WQWSVAHM.tif,DEB
data/NCT-CRC-HE-100K/DEB/DEB-FRAPPGCP.tif,DEB
data/NCT-CRC-HE-100K/DEB/DEB-MYESIMRG.tif,DEB
data/NCT-CRC-HE-100K/DEB/DEB-YRTPRKLT.tif,DEB
data/NCT-CRC-HE-100K/DEB/DEB-YLFRLAVQ.tif,DEB
data/NCT-CRC-HE-100K/DEB/DEB-TLVFGDAS.tif,DEB
data/NCT-CRC-HE-100K/DEB/DEB-QRIHKEEV.tif,DEB
data/NCT-CRC-HE-100K/DEB/DEB-HADYEFIM.tif,DEB
data/NCT-CRC-HE-100K/DEB/DEB-ATANNVWH.tif,DEB
data/NCT-CRC-HE-100K/DEB/DEB-PVLYVSSY.tif,DEB
data/NCT-CRC-HE-100K/DEB/DEB-VSEWAMGD.tif,DEB
data/NCT-CRC-HE-100K/DEB/DEB-VCCQNYDY.tif,DEB
data/NCT-CRC-HE-100K/DEB/DEB-YCERAVDM.tif,DEB
data/NCT-CRC-HE-100K/DEB/DEB-FYAEMYCN.tif,DEB
data/NCT-CRC-HE-100K/DEB/DEB-VKFIIHAV.tif,DEB
data/NCT-CRC-HE-100K/DEB/DEB-PMDMNGGG.tif,DEB
data/NCT-CRC-HE-100K/DEB/DEB-KWPHFVPK.tif,DEB
data/NCT-CRC-HE-100K/DEB/DEB-TKRQQWAP.tif,DEB
data/NCT-CRC-HE-100K/DEB/DEB-LGKYQGDM.tif,DEB
data/NCT-CRC-HE-100K/DEB/DEB-PERRFVKN.tif,DEB
data/NCT-CRC-HE-100K/DEB/DEB-TDVKVMIC.tif,DEB
data/NCT-CRC-HE-100K/DEB/DEB-VVWYIRYF.tif,DEB
data/NCT-CRC-HE-100K/DEB/DEB-FDIGTGVD.tif,DEB
data/NCT-CRC-HE-100K/DEB/DEB-PEMIPTMI.tif,DEB
data/NCT-CRC-HE-100K/DEB/DEB-NDVDQQSP.tif,DEB
data/NCT-CRC-HE-100K/DEB/DEB-HQSWKRAT.tif,DEB
data/NCT-CRC-HE-100K/DEB/DEB-MLEYRSVG.tif,DEB
data/NCT-CRC-HE-100K/DEB/DEB-KIFILFAL.tif,DEB
data/NCT-CRC-HE-100K/DEB/DEB-HSSCSAGR.tif,DEB
data/NCT-CRC-HE-100K/DEB/DEB-GYMNGHIR.tif,DEB
data/NCT-CRC-HE-100K/DEB/DEB-IEHQNSRT.tif,DEB
data/NCT-CRC-HE-100K/DEB/DEB-HTLCTYWK.tif,DEB
data/NCT-CRC-HE-100K/DEB/DEB-SGTNHHPK.tif,DEB
data/NCT-CRC-HE-100K/DEB/DEB-TQLRPYTV.tif,DEB
data/NCT-CRC-HE-100K/DEB/DEB-MNGQKRKI.tif,DEB
data/NCT-CRC-HE-100K/DEB/DEB-PWIMFNAQ.tif,DEB
data/NCT-CRC-HE-100K/DEB/DEB-HREIPRYT.tif,DEB
data/NCT-CRC-HE-100K/DEB/DEB-VAWTPEMF.tif,DEB
data/NCT-CRC-HE-100K/DEB/DEB-LNLWKFHI.tif,DEB
data/NCT-CRC-HE-100K/DEB/DEB-VSPRESQS.tif,DEB
data/NCT-CRC-HE-100K/DEB/DEB-WAPSMIVK.tif,DEB
data/NCT-CRC-HE-100K/DEB/DEB-FERGMTGC.tif,DEB
data/NCT-CRC-HE-100K/DEB/DEB-LDGAKGCA.tif,DEB
data/NCT-CRC-HE-100K/DEB/DEB-HVHVEWWT.tif,DEB
data/NCT-CRC-HE-100K/DEB/DEB-FDGQCMGQ.tif,DEB
data/NCT-CRC-HE-100K/DEB/DEB-IFENTNNQ.tif,DEB
data/NCT-CRC-HE-100K/DEB/DEB-SPRQISIS.tif,DEB
data/NCT-CRC-HE-100K/DEB/DEB-FWSFWLGC.tif,DEB
data/NCT-CRC-HE-100K/DEB/DEB-SGVIFAAG.tif,DEB
data/NCT-CRC-HE-100K/DEB/DEB-TYGLRAQY.tif,DEB
data/NCT-CRC-HE-100K/DEB/DEB-EGRPSGKD.tif,DEB
data/NCT-CRC-HE-100K/DEB/DEB-PQLNIPRL.tif,DEB
data/NCT-CRC-HE-100K/DEB/DEB-QPFYARYV.tif,DEB
data/NCT-CRC-HE-100K/DEB/DEB-GSPWGNLL.tif,DEB
data/NCT-CRC-HE-100K/DEB/DEB-YPTYCSHH.tif,DEB
data/NCT-CRC-HE-100K/DEB/DEB-GDSRMFIQ.tif,DEB
data/NCT-CRC-HE-100K/DEB/DEB-VCLKQPNA.tif,DEB
data/NCT-CRC-HE-100K/DEB/DEB-MEKALGGR.tif,DEB
data/NCT-CRC-HE-100K/DEB/DEB-VFEAMHHY.tif,DEB
data/NCT-CRC-HE-100K/DEB/DEB-IALFTYPG.tif,DEB
data/NCT-CRC-HE-100K/DEB/DEB-DPGKNSMM.tif,DEB
data/NCT-CRC-HE-100K/DEB/DEB-SIWEAVNA.tif,DEB
data/NCT-CRC-HE-100K/DEB/DEB-RDHCEWFW.tif,DEB
data/NCT-CRC-HE-100K/DEB/DEB-GWSTDIYE.tif,DEB
data/NCT-CRC-HE-100K/DEB/DEB-KHIFGSLE.tif,DEB
data/NCT-CRC-HE-100K/DEB/DEB-NCVRFPIA.tif,DEB
data/NCT-CRC-HE-100K/DEB/DEB-IRVALYQA.tif,DEB
data/NCT-CRC-HE-100K/DEB/DEB-RMYVQVVH.tif,DEB
data/NCT-CRC-HE-100K/DEB/DEB-GQVFTVSQ.tif,DEB
data/NCT-CRC-HE-100K/DEB/DEB-MCDSGWYL.tif,DEB
data/NCT-CRC-HE-100K/DEB/DEB-KWQGSIGT.tif,DEB
data/NCT-CRC-HE-100K/DEB/DEB-ANQWMGMT.tif,DEB
data/NCT-CRC-HE-100K/DEB/DEB-CGMCNGLC.tif,DEB
data/NCT-CRC-HE-100K/DEB/DEB-GKMEVGIA.tif,DEB
data/NCT-CRC-HE-100K/DEB/DEB-GNHGWHLQ.tif,DEB
data/NCT-CRC-HE-100K/DEB/DEB-VEFMRYSK.tif,DEB
data/NCT-CRC-HE-100K/DEB/DEB-FQEWRFPE.tif,DEB
data/NCT-CRC-HE-100K/DEB/DEB-STPNGRWM.tif,DEB
data/NCT-CRC-HE-100K/DEB/DEB-PYWKKKDN.tif,DEB
data/NCT-CRC-HE-100K/DEB/DEB-DKAGHFEW.tif,DEB
data/NCT-CRC-HE-100K/DEB/DEB-ICIIRDHQ.tif,DEB
data/NCT-CRC-HE-100K/DEB/DEB-KDSMQVLG.tif,DEB
data/NCT-CRC-HE-100K/DEB/DEB-YNECNRRP.tif,DEB
data/NCT-CRC-HE-100K/DEB/DEB-QSYSMIDP.tif,DEB
data/NCT-CRC-HE-100K/DEB/DEB-NWDREFKI.tif,DEB
data/NCT-CRC-HE-100K/DEB/DEB-KWASLCKH.tif,DEB
data/NCT-CRC-HE-100K/DEB/DEB-YDVVQQVP.tif,DEB
data/NCT-CRC-HE-100K/DEB/DEB-YWCSYQSY.tif,DEB
data/NCT-CRC-HE-100K/DEB/DEB-YTCHLAMR.tif,DEB
data/NCT-CRC-HE-100K/DEB/DEB-MYFHWFHC.tif,DEB
data/NCT-CRC-HE-100K/DEB/DEB-CPEFVLRA.tif,DEB
data/NCT-CRC-HE-100K/DEB/DEB-EGYAHQGQ.tif,DEB
data/NCT-CRC-HE-100K/DEB/DEB-CRKTPHPE.tif,DEB
data/NCT-CRC-HE-100K/DEB/DEB-LLNGIFKD.tif,DEB
data/NCT-CRC-HE-100K/DEB/DEB-FNELALLP.tif,DEB
data/NCT-CRC-HE-100K/DEB/DEB-IMCKAWRI.tif,DEB
data/NCT-CRC-HE-100K/DEB/DEB-VMGCDKYP.tif,DEB
data/NCT-CRC-HE-100K/DEB/DEB-SVNRAHII.tif,DEB
data/NCT-CRC-HE-100K/DEB/DEB-KRQNRAHC.tif,DEB
data/NCT-CRC-HE-100K/DEB/DEB-SNTFDHSD.tif,DEB
data/NCT-CRC-HE-100K/DEB/DEB-NSQWAHQA.tif,DEB
data/NCT-CRC-HE-100K/DEB/DEB-QQLASFQA.tif,DEB
data/NCT-CRC-HE-100K/DEB/DEB-MQEAWMMW.tif,DEB
data/NCT-CRC-HE-100K/DEB/DEB-HFAICPQM.tif,DEB
data/NCT-CRC-HE-100K/DEB/DEB-YFMMMDER.tif,DEB
data/NCT-CRC-HE-100K/DEB/DEB-DPQSAVDA.tif,DEB
data/NCT-CRC-HE-100K/DEB/DEB-DIILWMHR.tif,DEB
data/NCT-CRC-HE-100K/DEB/DEB-VVTPWRAA.tif,DEB
data/NCT-CRC-HE-100K/DEB/DEB-DQLKAEVD.tif,DEB
data/NCT-CRC-HE-100K/DEB/DEB-RIIPFVTL.tif,DEB
data/NCT-CRC-HE-100K/DEB/DEB-AMCLICND.tif,DEB
data/NCT-CRC-HE-100K/DEB/DEB-WRTMYPQS.tif,DEB
data/NCT-CRC-HE-100K/DEB/DEB-TNCANITL.tif,DEB
data/NCT-CRC-HE-100K/DEB/DEB-RNRHWYMF.tif,DEB
data/NCT-CRC-HE-100K/DEB/DEB-LIEPHMDM.tif,DEB
data/NCT-CRC-HE-100K/DEB/DEB-TYNLEDTA.tif,DEB
data/NCT-CRC-HE-100K/DEB/DEB-DSWNDRDR.tif,DEB
data/NCT-CRC-HE-100K/DEB/DEB-TAGLAVQF.tif,DEB
data/NCT-CRC-HE-100K/DEB/DEB-HPGNTANE.tif,DEB
data/NCT-CRC-HE-100K/DEB/DEB-ANIRFRGH.tif,DEB
data/NCT-CRC-HE-100K/DEB/DEB-CFSFFLSI.tif,DEB
data/NCT-CRC-HE-100K/DEB/DEB-DSRWVPSG.tif,DEB
data/NCT-CRC-HE-100K/DEB/DEB-DQNAGCMV.tif,DEB
data/NCT-CRC-HE-100K/DEB/DEB-TRCRFMGH.tif,DEB
data/NCT-CRC-HE-100K/DEB/DEB-NDTTPASH.tif,DEB
data/NCT-CRC-HE-100K/DEB/DEB-EQNAHTGQ.tif,DEB
data/NCT-CRC-HE-100K/DEB/DEB-TIKAPQKL.tif,DEB
data/NCT-CRC-HE-100K/DEB/DEB-VITTCVLR.tif,DEB
data/NCT-CRC-HE-100K/DEB/DEB-SEAYDMCV.tif,DEB
data/NCT-CRC-HE-100K/DEB/DEB-GNQDWRST.tif,DEB
data/NCT-CRC-HE-100K/DEB/DEB-IVLKDPMD.tif,DEB
data/NCT-CRC-HE-100K/DEB/DEB-KIGTTVDI.tif,DEB
data/NCT-CRC-HE-100K/DEB/DEB-FMMKCMME.tif,DEB
data/NCT-CRC-HE-100K/DEB/DEB-GERPDGIA.tif,DEB
data/NCT-CRC-HE-100K/DEB/DEB-TSKMWCNM.tif,DEB
data/NCT-CRC-HE-100K/DEB/DEB-HIAHMINL.tif,DEB
data/NCT-CRC-HE-100K/DEB/DEB-EWYLDYTY.tif,DEB
data/NCT-CRC-HE-100K/DEB/DEB-ERQARSKG.tif,DEB
data/NCT-CRC-HE-100K/DEB/DEB-IFRKGITT.tif,DEB
data/NCT-CRC-HE-100K/DEB/DEB-RCRPKHEF.tif,DEB
data/NCT-CRC-HE-100K/DEB/DEB-KNRLDGDW.tif,DEB
data/NCT-CRC-HE-100K/DEB/DEB-IQMYSWHW.tif,DEB
data/NCT-CRC-HE-100K/DEB/DEB-GSHSHARM.tif,DEB
data/NCT-CRC-HE-100K/DEB/DEB-DHNCAMNE.tif,DEB
data/NCT-CRC-HE-100K/DEB/DEB-EWLKSCQD.tif,DEB
data/NCT-CRC-HE-100K/DEB/DEB-WVIWWGYC.tif,DEB
data/NCT-CRC-HE-100K/DEB/DEB-NNKLDHIG.tif,DEB
data/NCT-CRC-HE-100K/DEB/DEB-GDVNQWKA.tif,DEB
data/NCT-CRC-HE-100K/DEB/DEB-GPIDTRHD.tif,DEB
data/NCT-CRC-HE-100K/DEB/DEB-TRNASLQH.tif,DEB
data/NCT-CRC-HE-100K/DEB/DEB-ALWTGLRL.tif,DEB
data/NCT-CRC-HE-100K/DEB/DEB-LYEIFMDH.tif,DEB
data/NCT-CRC-HE-100K/DEB/DEB-SHLWSNLP.tif,DEB
data/NCT-CRC-HE-100K/DEB/DEB-QPCYMGSW.tif,DEB
data/NCT-CRC-HE-100K/DEB/DEB-YGQFYWLA.tif,DEB
data/NCT-CRC-HE-100K/DEB/DEB-EPIKSQAY.tif,DEB
data/NCT-CRC-HE-100K/DEB/DEB-IQFNYFMT.tif,DEB
data/NCT-CRC-HE-100K/DEB/DEB-DKGPLGCT.tif,DEB
data/NCT-CRC-HE-100K/DEB/DEB-YVTLDQAK.tif,DEB
data/NCT-CRC-HE-100K/DEB/DEB-VNQWNINF.tif,DEB
data/NCT-CRC-HE-100K/DEB/DEB-YPMNNNIF.tif,DEB
data/NCT-CRC-HE-100K/DEB/DEB-IWHTFDVH.tif,DEB
data/NCT-CRC-HE-100K/DEB/DEB-VASTKKVC.tif,DEB
data/NCT-CRC-HE-100K/DEB/DEB-HFESKDGF.tif,DEB
data/NCT-CRC-HE-100K/DEB/DEB-ADHIVASS.tif,DEB
data/NCT-CRC-HE-100K/DEB/DEB-FDCPAGEC.tif,DEB
data/NCT-CRC-HE-100K/DEB/DEB-TKGEDHCV.tif,DEB
data/NCT-CRC-HE-100K/DEB/DEB-YEYIKHLE.tif,DEB
data/NCT-CRC-HE-100K/DEB/DEB-ACWHYCHR.tif,DEB
data/NCT-CRC-HE-100K/DEB/DEB-NVKWFMTR.tif,DEB
data/NCT-CRC-HE-100K/DEB/DEB-EPWAEAHV.tif,DEB
data/NCT-CRC-HE-100K/DEB/DEB-FEHPDELQ.tif,DEB
data/NCT-CRC-HE-100K/DEB/DEB-QSGPGYPQ.tif,DEB
data/NCT-CRC-HE-100K/DEB/DEB-SHVMCESF.tif,DEB
data/NCT-CRC-HE-100K/DEB/DEB-CFQLDQDW.tif,DEB
data/NCT-CRC-HE-100K/DEB/DEB-RGMLRQCQ.tif,DEB
data/NCT-CRC-HE-100K/DEB/DEB-LAQFQVHK.tif,DEB
data/NCT-CRC-HE-100K/DEB/DEB-HEWPNYYH.tif,DEB
data/NCT-CRC-HE-100K/DEB/DEB-YANCWYVW.tif,DEB
data/NCT-CRC-HE-100K/DEB/DEB-FYRFQSHR.tif,DEB
data/NCT-CRC-HE-100K/DEB/DEB-PWSYYTTC.tif,DEB
data/NCT-CRC-HE-100K/DEB/DEB-KYLDMYKY.tif,DEB
data/NCT-CRC-HE-100K/DEB/DEB-WVPCFFRC.tif,DEB
data/NCT-CRC-HE-100K/DEB/DEB-PMVDFTKT.tif,DEB
data/NCT-CRC-HE-100K/DEB/DEB-HLWDTALF.tif,DEB
data/NCT-CRC-HE-100K/DEB/DEB-WKKGMIVQ.tif,DEB
data/NCT-CRC-HE-100K/DEB/DEB-WDTEAITL.tif,DEB
data/NCT-CRC-HE-100K/DEB/DEB-ISRQIGVK.tif,DEB
data/NCT-CRC-HE-100K/DEB/DEB-YEVVAYCW.tif,DEB
data/NCT-CRC-HE-100K/DEB/DEB-GHHFDGHQ.tif,DEB
data/NCT-CRC-HE-100K/DEB/DEB-DWNHIKWW.tif,DEB
data/NCT-CRC-HE-100K/DEB/DEB-LWEWYQKP.tif,DEB
data/NCT-CRC-HE-100K/DEB/DEB-QVWWYVLQ.tif,DEB
data/NCT-CRC-HE-100K/DEB/DEB-IQYPLQED.tif,DEB
data/NCT-CRC-HE-100K/DEB/DEB-MAERWWRC.tif,DEB
data/NCT-CRC-HE-100K/DEB/DEB-SHWAVISS.tif,DEB
data/NCT-CRC-HE-100K/DEB/DEB-TRIEFMQA.tif,DEB
data/NCT-CRC-HE-100K/DEB/DEB-KAESGERL.tif,DEB
data/NCT-CRC-HE-100K/DEB/DEB-HDTLRQKG.tif,DEB
data/NCT-CRC-HE-100K/DEB/DEB-KCQMDVLR.tif,DEB
data/NCT-CRC-HE-100K/DEB/DEB-SQVRTTSC.tif,DEB
data/NCT-CRC-HE-100K/DEB/DEB-NEPAAWPC.tif,DEB
data/NCT-CRC-HE-100K/DEB/DEB-CYAYEDHQ.tif,DEB
data/NCT-CRC-HE-100K/DEB/DEB-GACSVRVF.tif,DEB
data/NCT-CRC-HE-100K/DEB/DEB-MQKGAEKV.tif,DEB
data/NCT-CRC-HE-100K/DEB/DEB-EGEIQETV.tif,DEB
data/NCT-CRC-HE-100K/DEB/DEB-TSGLIKMF.tif,DEB
data/NCT-CRC-HE-100K/DEB/DEB-WLSATYNS.tif,DEB
data/NCT-CRC-HE-100K/DEB/DEB-DSNYTPGR.tif,DEB
data/NCT-CRC-HE-100K/DEB/DEB-RQYGDVPA.tif,DEB
data/NCT-CRC-HE-100K/DEB/DEB-EYQDHQQF.tif,DEB
data/NCT-CRC-HE-100K/DEB/DEB-QCFQMLCM.tif,DEB
data/NCT-CRC-HE-100K/DEB/DEB-FDIIQDHS.tif,DEB
data/NCT-CRC-HE-100K/DEB/DEB-NYVFHLTS.tif,DEB
data/NCT-CRC-HE-100K/DEB/DEB-IICYWVRG.tif,DEB
data/NCT-CRC-HE-100K/DEB/DEB-SGPGPANF.tif,DEB
data/NCT-CRC-HE-100K/DEB/DEB-GMGWVENE.tif,DEB
data/NCT-CRC-HE-100K/DEB/DEB-GCDHCHLE.tif,DEB
data/NCT-CRC-HE-100K/DEB/DEB-DATTTCEN.tif,DEB
data/NCT-CRC-HE-100K/DEB/DEB-ILIPEDIN.tif,DEB
data/NCT-CRC-HE-100K/DEB/DEB-PLMDWVEF.tif,DEB
data/NCT-CRC-HE-100K/DEB/DEB-LGCPVTEY.tif,DEB
data/NCT-CRC-HE-100K/DEB/DEB-MQRGNTRT.tif,DEB
data/NCT-CRC-HE-100K/DEB/DEB-RNAEGQGE.tif,DEB
data/NCT-CRC-HE-100K/DEB/DEB-CLVNYVCA.tif,DEB
data/NCT-CRC-HE-100K/DEB/DEB-LSAMNYIW.tif,DEB
data/NCT-CRC-HE-100K/DEB/DEB-NDDTCPAW.tif,DEB
data/NCT-CRC-HE-100K/DEB/DEB-SPIPVAIV.tif,DEB
data/NCT-CRC-HE-100K/DEB/DEB-EPDLVCWY.tif,DEB
data/NCT-CRC-HE-100K/DEB/DEB-SIYPIQEA.tif,DEB
data/NCT-CRC-HE-100K/DEB/DEB-TEPIVSEP.tif,DEB
data/NCT-CRC-HE-100K/DEB/DEB-FHQHISWT.tif,DEB
data/NCT-CRC-HE-100K/DEB/DEB-WPMEYHPV.tif,DEB
data/NCT-CRC-HE-100K/DEB/DEB-CAWLVFHF.tif,DEB
data/NCT-CRC-HE-100K/DEB/DEB-KPQKEGNA.tif,DEB
data/NCT-CRC-HE-100K/DEB/DEB-VNCGMVRD.tif,DEB
data/NCT-CRC-HE-100K/DEB/DEB-PNMDAAIP.tif,DEB
data/NCT-CRC-HE-100K/DEB/DEB-RQPRDLVW.tif,DEB
data/NCT-CRC-HE-100K/DEB/DEB-TIGFAYLR.tif,DEB
data/NCT-CRC-HE-100K/DEB/DEB-NTFHIMHN.tif,DEB
data/NCT-CRC-HE-100K/DEB/DEB-GWQTLESF.tif,DEB
data/NCT-CRC-HE-100K/DEB/DEB-QGPQLKSS.tif,DEB
data/NCT-CRC-HE-100K/DEB/DEB-GSANSCLW.tif,DEB
data/NCT-CRC-HE-100K/DEB/DEB-DNQNNIRM.tif,DEB
data/NCT-CRC-HE-100K/DEB/DEB-DTWHSQSL.tif,DEB
data/NCT-CRC-HE-100K/DEB/DEB-SGCKMCCK.tif,DEB
data/NCT-CRC-HE-100K/DEB/DEB-ELKYWFTW.tif,DEB
data/NCT-CRC-HE-100K/DEB/DEB-RISYGSDY.tif,DEB
data/NCT-CRC-HE-100K/DEB/DEB-YDRQYVGY.tif,DEB
data/NCT-CRC-HE-100K/DEB/DEB-QFLENMYP.tif,DEB
data/NCT-CRC-HE-100K/DEB/DEB-FSRMMCRD.tif,DEB
data/NCT-CRC-HE-100K/DEB/DEB-AYLYHEIQ.tif,DEB
data/NCT-CRC-HE-100K/DEB/DEB-GQPRAWDK.tif,DEB
data/NCT-CRC-HE-100K/DEB/DEB-HMQSSYEE.tif,DEB
data/NCT-CRC-HE-100K/DEB/DEB-HSTGWYWP.tif,DEB
data/NCT-CRC-HE-100K/DEB/DEB-DSNYLIKM.tif,DEB
data/NCT-CRC-HE-100K/DEB/DEB-VAGLQHFD.tif,DEB
data/NCT-CRC-HE-100K/DEB/DEB-MRTGPYEP.tif,DEB
data/NCT-CRC-HE-100K/DEB/DEB-NNDMNQED.tif,DEB
data/NCT-CRC-HE-100K/DEB/DEB-DCLPETGN.tif,DEB
data/NCT-CRC-HE-100K/DEB/DEB-GYYSPAMH.tif,DEB
data/NCT-CRC-HE-100K/DEB/DEB-RYPWQLRY.tif,DEB
data/NCT-CRC-HE-100K/DEB/DEB-GPGTYKTS.tif,DEB
data/NCT-CRC-HE-100K/DEB/DEB-HEHARGPV.tif,DEB
data/NCT-CRC-HE-100K/DEB/DEB-QYANGLRW.tif,DEB
data/NCT-CRC-HE-100K/DEB/DEB-DQHKMASY.tif,DEB
data/NCT-CRC-HE-100K/LYM/LYM-GKGGYLNW.tif,LYM
data/NCT-CRC-HE-100K/LYM/LYM-DVLWMTKQ.tif,LYM
data/NCT-CRC-HE-100K/LYM/LYM-RMMWVLAF.tif,LYM
data/NCT-CRC-HE-100K/LYM/LYM-EQLNVEFM.tif,LYM
data/NCT-CRC-HE-100K/LYM/LYM-VAWNRIIM.tif,LYM
data/NCT-CRC-HE-100K/LYM/LYM-GMRNYRAI.tif,LYM
data/NCT-CRC-HE-100K/LYM/LYM-SNHLLWQN.tif,LYM
data/NCT-CRC-HE-100K/LYM/LYM-THKERRYE.tif,LYM
data/NCT-CRC-HE-100K/LYM/LYM-RQSQTNGL.tif,LYM
data/NCT-CRC-HE-100K/LYM/LYM-WAKDKQIH.tif,LYM
data/NCT-CRC-HE-100K/LYM/LYM-VMRLKGCT.tif,LYM
data/NCT-CRC-HE-100K/LYM/LYM-PDEYLYWL.tif,LYM
data/NCT-CRC-HE-100K/LYM/LYM-TYEGAMSG.tif,LYM
data/NCT-CRC-HE-100K/LYM/LYM-NCMEGDWF.tif,LYM
data/NCT-CRC-HE-100K/LYM/LYM-WDAFMKGT.tif,LYM
data/NCT-CRC-HE-100K/LYM/LYM-ILINATNN.tif,LYM
data/NCT-CRC-HE-100K/LYM/LYM-WYYLPCQH.tif,LYM
data/NCT-CRC-HE-100K/LYM/LYM-QHEDAHAS.tif,LYM
data/NCT-CRC-HE-100K/LYM/LYM-WCHACWVK.tif,LYM
data/NCT-CRC-HE-100K/LYM/LYM-VSKWMFFF.tif,LYM
data/NCT-CRC-HE-100K/LYM/LYM-VAFTQGYK.tif,LYM
data/NCT-CRC-HE-100K/LYM/LYM-ATAVGNMP.tif,LYM
data/NCT-CRC-HE-100K/LYM/LYM-LYEGQYLY.tif,LYM
data/NCT-CRC-HE-100K/LYM/LYM-LTDRHFAF.tif,LYM
data/NCT-CRC-HE-100K/LYM/LYM-GVCKGCCG.tif,LYM
data/NCT-CRC-HE-100K/LYM/LYM-YWAMCRPT.tif,LYM
data/NCT-CRC-HE-100K/LYM/LYM-WFHQSFRH.tif,LYM
data/NCT-CRC-HE-100K/LYM/LYM-AYKWKLNG.tif,LYM
data/NCT-CRC-HE-100K/LYM/LYM-GPCGYDLY.tif,LYM
data/NCT-CRC-HE-100K/LYM/LYM-PIPMWQEW.tif,LYM
data/NCT-CRC-HE-100K/LYM/LYM-HDEPVDPH.tif,LYM
data/NCT-CRC-HE-100K/LYM/LYM-RPWSGAGM.tif,LYM
data/NCT-CRC-HE-100K/LYM/LYM-YGDNYPEG.tif,LYM
data/NCT-CRC-HE-100K/LYM/LYM-HAMHEFIW.tif,LYM
data/NCT-CRC-HE-100K/LYM/LYM-AEQVDDGT.tif,LYM
data/NCT-CRC-HE-100K/LYM/LYM-FAMGITVN.tif,LYM
data/NCT-CRC-HE-100K/LYM/LYM-HRMDDEHT.tif,LYM
data/NCT-CRC-HE-100K/LYM/LYM-PTDSSLIK.tif,LYM
data/NCT-CRC-HE-100K/LYM/LYM-QHKCAQVE.tif,LYM
data/NCT-CRC-HE-100K/LYM/LYM-DPRAFTPR.tif,LYM
data/NCT-CRC-HE-100K/LYM/LYM-VCCGIDEW.tif,LYM
data/NCT-CRC-HE-100K/LYM/LYM-IVSKGIRK.tif,LYM
data/NCT-CRC-HE-100K/LYM/LYM-WHTVYQNT.tif,LYM
data/NCT-CRC-HE-100K/LYM/LYM-KGSELHVH.tif,LYM
data/NCT-CRC-HE-100K/LYM/LYM-MYYSLKIS.tif,LYM
data/NCT-CRC-HE-100K/LYM/LYM-LITMSKHN.tif,LYM
data/NCT-CRC-HE-100K/LYM/LYM-WSKFAWPE.tif,LYM
data/NCT-CRC-HE-100K/LYM/LYM-KLYDDLVQ.tif,LYM
data/NCT-CRC-HE-100K/LYM/LYM-WWYQFVDL.tif,LYM
data/NCT-CRC-HE-100K/LYM/LYM-DNIPFKYE.tif,LYM
data/NCT-CRC-HE-100K/LYM/LYM-VHYRFAAI.tif,LYM
data/NCT-CRC-HE-100K/LYM/LYM-EMSTHTVW.tif,LYM
data/NCT-CRC-HE-100K/LYM/LYM-RASFYISF.tif,LYM
data/NCT-CRC-HE-100K/LYM/LYM-MLRDSAGN.tif,LYM
data/NCT-CRC-HE-100K/LYM/LYM-VHANRAIA.tif,LYM
data/NCT-CRC-HE-100K/LYM/LYM-VMYDYGGI.tif,LYM
data/NCT-CRC-HE-100K/LYM/LYM-WLRTSKER.tif,LYM
data/NCT-CRC-HE-100K/LYM/LYM-DNFFSDFS.tif,LYM
data/NCT-CRC-HE-100K/LYM/LYM-HMVNGDMF.tif,LYM
data/NCT-CRC-HE-100K/LYM/LYM-ETFSRQSH.tif,LYM
data/NCT-CRC-HE-100K/LYM/LYM-NLKSCVTA.tif,LYM
data/NCT-CRC-HE-100K/LYM/LYM-HTTHWQTG.tif,LYM
data/NCT-CRC-HE-100K/LYM/LYM-ALTQYFAW.tif,LYM
data/NCT-CRC-HE-100K/LYM/LYM-QSAKDAKL.tif,LYM
data/NCT-CRC-HE-100K/LYM/LYM-KCKNLGEL.tif,LYM
data/NCT-CRC-HE-100K/LYM/LYM-FAVQFEWP.tif,LYM
data/NCT-CRC-HE-100K/LYM/LYM-RPPKFIIF.tif,LYM
data/NCT-CRC-HE-100K/LYM/LYM-VVFDYMLA.tif,LYM
data/NCT-CRC-HE-100K/LYM/LYM-MLKLVCEN.tif,LYM
data/NCT-CRC-HE-100K/LYM/LYM-YDGQDHAT.tif,LYM
data/NCT-CRC-HE-100K/LYM/LYM-FCRREDDD.tif,LYM
data/NCT-CRC-HE-100K/LYM/LYM-EHISVEDS.tif,LYM
data/NCT-CRC-HE-100K/LYM/LYM-RIHRPVYM.tif,LYM
data/NCT-CRC-HE-100K/LYM/LYM-LESMSGHH.tif,LYM
data/NCT-CRC-HE-100K/LYM/LYM-LDTRYCMI.tif,LYM
data/NCT-CRC-HE-100K/LYM/LYM-YHEVAYNT.tif,LYM
data/NCT-CRC-HE-100K/LYM/LYM-DFIIGWQG.tif,LYM
data/NCT-CRC-HE-100K/LYM/LYM-MEVCHHWY.tif,LYM
data/NCT-CRC-HE-100K/LYM/LYM-GKHFRFNG.tif,LYM
data/NCT-CRC-HE-100K/LYM/LYM-GQHISLPP.tif,LYM
data/NCT-CRC-HE-100K/LYM/LYM-KKQIPWYV.tif,LYM
data/NCT-CRC-HE-100K/LYM/LYM-RRRICNCA.tif,LYM
data/NCT-CRC-HE-100K/LYM/LYM-YRHEWNQN.tif,LYM
data/NCT-CRC-HE-100K/LYM/LYM-NWENLGVP.tif,LYM
data/NCT-CRC-HE-100K/LYM/LYM-WIRNSEYS.tif,LYM
data/NCT-CRC-HE-100K/LYM/LYM-MQYHPVQN.tif,LYM
data/NCT-CRC-HE-100K/LYM/LYM-NCKKMKDT.tif,LYM
data/NCT-CRC-HE-100K/LYM/LYM-CAGDTGNG.tif,LYM
data/NCT-CRC-HE-100K/LYM/LYM-FACNKITQ.tif,LYM
data/NCT-CRC-HE-100K/LYM/LYM-PIVEQNVV.tif,LYM
data/NCT-CRC-HE-100K/LYM/LYM-DGFWMNGA.tif,LYM
data/NCT-CRC-HE-100K/LYM/LYM-KFKRAPPH.tif,LYM
data/NCT-CRC-HE-100K/LYM/LYM-VSCNTHFN.tif,LYM
data/NCT-CRC-HE-100K/LYM/LYM-WQNMFRVH.tif,LYM
data/NCT-CRC-HE-100K/LYM/LYM-FILDAMCK.tif,LYM
data/NCT-CRC-HE-100K/LYM/LYM-RWCHVYYE.tif,LYM
data/NCT-CRC-HE-100K/LYM/LYM-GHFDHGNF.tif,LYM
data/NCT-CRC-HE-100K/LYM/LYM-TYYLCAIA.tif,LYM
data/NCT-CRC-HE-100K/LYM/LYM-QVFQVMWV.tif,LYM
data/NCT-CRC-HE-100K/LYM/LYM-LWKNVDIF.tif,LYM
data/NCT-CRC-HE-100K/LYM/LYM-FINYIFCP.tif,LYM
data/NCT-CRC-HE-100K/LYM/LYM-TNPCVCNR.tif,LYM
data/NCT-CRC-HE-100K/LYM/LYM-FEMRIKER.tif,LYM
data/NCT-CRC-HE-100K/LYM/LYM-TFFPPHSE.tif,LYM
data/NCT-CRC-HE-100K/LYM/LYM-PCKEVFCG.tif,LYM
data/NCT-CRC-HE-100K/LYM/LYM-INERDQHQ.tif,LYM
data/NCT-CRC-HE-100K/LYM/LYM-HAHHFMFT.tif,LYM
data/NCT-CRC-HE-100K/LYM/LYM-EHVISLGV.tif,LYM
data/NCT-CRC-HE-100K/LYM/LYM-FLCAMFDQ.tif,LYM
data/NCT-CRC-HE-100K/LYM/LYM-EWKDKGMY.tif,LYM
data/NCT-CRC-HE-100K/LYM/LYM-PKEHTGVF.tif,LYM
data/NCT-CRC-HE-100K/LYM/LYM-SEEYPQRN.tif,LYM
data/NCT-CRC-HE-100K/LYM/LYM-NWDHTAYC.tif,LYM
data/NCT-CRC-HE-100K/LYM/LYM-GCIDILGN.tif,LYM
data/NCT-CRC-HE-100K/LYM/LYM-CCQWVRRR.tif,LYM
data/NCT-CRC-HE-100K/LYM/LYM-KMSTTNQI.tif,LYM
data/NCT-CRC-HE-100K/LYM/LYM-QGIKSQTY.tif,LYM
data/NCT-CRC-HE-100K/LYM/LYM-TFHPIWGV.tif,LYM
data/NCT-CRC-HE-100K/LYM/LYM-DLQMWFTD.tif,LYM
data/NCT-CRC-HE-100K/LYM/LYM-YGHAHGMI.tif,LYM
data/NCT-CRC-HE-100K/LYM/LYM-MINAYETH.tif,LYM
data/NCT-CRC-HE-100K/LYM/LYM-WGWWLCML.tif,LYM
data/NCT-CRC-HE-100K/LYM/LYM-DTVLKGAS.tif,LYM
data/NCT-CRC-HE-100K/LYM/LYM-DWDICDSP.tif,LYM
data/NCT-CRC-HE-100K/LYM/LYM-QYWMVEKH.tif,LYM
data/NCT-CRC-HE-100K/LYM/LYM-IAETAWVT.tif,LYM
data/NCT-CRC-HE-100K/LYM/LYM-RREHNCCY.tif,LYM
data/NCT-CRC-HE-100K/LYM/LYM-CFMFYQPN.tif,LYM
data/NCT-CRC-HE-100K/LYM/LYM-ATPCWFRF.tif,LYM
data/NCT-CRC-HE-100K/LYM/LYM-YHFNPFIS.tif,LYM
data/NCT-CRC-HE-100K/LYM/LYM-TQMPHYEG.tif,LYM
data/NCT-CRC-HE-100K/LYM/LYM-DMCKPPGR.tif,LYM
data/NCT-CRC-HE-100K/LYM/LYM-QDWMDADA.tif,LYM
data/NCT-CRC-HE-100K/LYM/LYM-IKILLLQP.tif,LYM
data/NCT-CRC-HE-100K/LYM/LYM-TNSQGCKS.tif,LYM
data/NCT-CRC-HE-100K/LYM/LYM-IGWICNII.tif,LYM
data/NCT-CRC-HE-100K/LYM/LYM-YWLYIYGR.tif,LYM
data/NCT-CRC-HE-100K/LYM/LYM-SWEIAGEQ.tif,LYM
data/NCT-CRC-HE-100K/LYM/LYM-MPQVPPFY.tif,LYM
data/NCT-CRC-HE-100K/LYM/LYM-FPCPIGNW.tif,LYM
data/NCT-CRC-HE-100K/LYM/LYM-HSCTGWIC.tif,LYM
data/NCT-CRC-HE-100K/LYM/LYM-VPVPQAEA.tif,LYM
data/NCT-CRC-HE-100K/LYM/LYM-ELQEDNHE.tif,LYM
data/NCT-CRC-HE-100K/LYM/LYM-YEHYCWHF.tif,LYM
data/NCT-CRC-HE-100K/LYM/LYM-TLFSCSPC.tif,LYM
data/NCT-CRC-HE-100K/LYM/LYM-RPVKEMCD.tif,LYM
data/NCT-CRC-HE-100K/LYM/LYM-FMIRYKAD.tif,LYM
data/NCT-CRC-HE-100K/LYM/LYM-RCAMNTAC.tif,LYM
data/NCT-CRC-HE-100K/LYM/LYM-WIMHQQFH.tif,LYM
data/NCT-CRC-HE-100K/LYM/LYM-VRLGNGIL.tif,LYM
data/NCT-CRC-HE-100K/LYM/LYM-HWSHHHMK.tif,LYM
data/NCT-CRC-HE-100K/LYM/LYM-AICFCGIK.tif,LYM
data/NCT-CRC-HE-100K/LYM/LYM-HKMPKVWY.tif,LYM
data/NCT-CRC-HE-100K/LYM/LYM-FAPRWLTE.tif,LYM
data/NCT-CRC-HE-100K/LYM/LYM-TYHFQSVL.tif,LYM
data/NCT-CRC-HE-100K/LYM/LYM-YCAMYFDS.tif,LYM
data/NCT-CRC-HE-100K/LYM/LYM-FCDIQTSD.tif,LYM
data/NCT-CRC-HE-100K/LYM/LYM-VYHKHAIW.tif,LYM
data/NCT-CRC-HE-100K/LYM/LYM-FHTSVDNH.tif,LYM
data/NCT-CRC-HE-100K/LYM/LYM-TSAHCKKE.tif,LYM
data/NCT-CRC-HE-100K/LYM/LYM-VMNLFEHQ.tif,LYM
data/NCT-CRC-HE-100K/LYM/LYM-GANYISDF.tif,LYM
data/NCT-CRC-HE-100K/LYM/LYM-CYDDTQPL.tif,LYM
data/NCT-CRC-HE-100K/LYM/LYM-EAISNEHT.tif,LYM
data/NCT-CRC-HE-100K/LYM/LYM-IYMGMYNE.tif,LYM
data/NCT-CRC-HE-100K/LYM/LYM-DRVKYQKP.tif,LYM
data/NCT-CRC-HE-100K/LYM/LYM-IRDVEKCM.tif,LYM
data/NCT-CRC-HE-100K/LYM/LYM-VNPGWEPD.tif,LYM
data/NCT-CRC-HE-100K/LYM/LYM-QEYEEAMK.tif,LYM
data/NCT-CRC-HE-100K/LYM/LYM-THQYPIQV.tif,LYM
data/NCT-CRC-HE-100K/LYM/LYM-IHWFCKML.tif,LYM
data/NCT-CRC-HE-100K/LYM/LYM-TILTELPT.tif,LYM
data/NCT-CRC-HE-100K/LYM/LYM-NSNAPADL.tif,LYM
data/NCT-CRC-HE-100K/LYM/LYM-CESRCVWE.tif,LYM
data/NCT-CRC-HE-100K/LYM/LYM-DEQGGLPN.tif,LYM
data/NCT-CRC-HE-100K/LYM/LYM-EYICLTRG.tif,LYM
data/NCT-CRC-HE-100K/LYM/LYM-PRSWKYVY.tif,LYM
data/NCT-CRC-HE-100K/LYM/LYM-CQNYEWRW.tif,LYM
data/NCT-CRC-HE-100K/LYM/LYM-LTWDTYKN.tif,LYM
data/NCT-CRC-HE-100K/LYM/LYM-LMCSGKWN.tif,LYM
data/NCT-CRC-HE-100K/LYM/LYM-IFIRHEFI.tif,LYM
data/NCT-CRC-HE-100K/LYM/LYM-VYMWKFCK.tif,LYM
data/NCT-CRC-HE-100K/LYM/LYM-NKINRGGI.tif,LYM
data/NCT-CRC-HE-100K/LYM/LYM-MWVQRSVY.tif,LYM
data/NCT-CRC-HE-100K/LYM/LYM-APAFFAPN.tif,LYM
data/NCT-CRC-HE-100K/LYM/LYM-KLIGLMHL.tif,LYM
data/NCT-CRC-HE-100K/LYM/LYM-WKWDKMAE.tif,LYM
data/NCT-CRC-HE-100K/LYM/LYM-HVSAVSYH.tif,LYM
data/NCT-CRC-HE-100K/LYM/LYM-HAPFCIVN.tif,LYM
data/NCT-CRC-HE-100K/LYM/LYM-DNQANWTQ.tif,LYM
data/NCT-CRC-HE-100K/LYM/LYM-TSMDWVTK.tif,LYM
data/NCT-CRC-HE-100K/LYM/LYM-FAWDGGRS.tif,LYM
data/NCT-CRC-HE-100K/LYM/LYM-ICITTCPK.tif,LYM
data/NCT-CRC-HE-100K/LYM/LYM-RSRCRLMC.tif,LYM
data/NCT-CRC-HE-100K/LYM/LYM-HCANCKWD.tif,LYM
data/NCT-CRC-HE-100K/LYM/LYM-PSRARQWR.tif,LYM
data/NCT-CRC-HE-100K/LYM/LYM-LDQINGED.tif,LYM
data/NCT-CRC-HE-100K/LYM/LYM-AGSMCIDN.tif,LYM
data/NCT-CRC-HE-100K/LYM/LYM-IDQIMTNW.tif,LYM
data/NCT-CRC-HE-100K/LYM/LYM-NTEVNYCE.tif,LYM
data/NCT-CRC-HE-100K/LYM/LYM-TIKRLYWI.tif,LYM
data/NCT-CRC-HE-100K/LYM/LYM-RQMCWTQI.tif,LYM
data/NCT-CRC-HE-100K/LYM/LYM-SMDYIHFH.tif,LYM
data/NCT-CRC-HE-100K/LYM/LYM-EQCCWAGM.tif,LYM
data/NCT-CRC-HE-100K/LYM/LYM-LLSEECNV.tif,LYM
data/NCT-CRC-HE-100K/LYM/LYM-TDCRSWAM.tif,LYM
data/NCT-CRC-HE-100K/LYM/LYM-WMNAVGVD.tif,LYM
data/NCT-CRC-HE-100K/LYM/LYM-SCREGRRY.tif,LYM
data/NCT-CRC-HE-100K/LYM/LYM-MVVDLGMD.tif,LYM
data/NCT-CRC-HE-100K/LYM/LYM-GQPAKNEQ.tif,LYM
data/NCT-CRC-HE-100K/LYM/LYM-KMMNNFSC.tif,LYM
data/NCT-CRC-HE-100K/LYM/LYM-DRQWEKEG.tif,LYM
data/NCT-CRC-HE-100K/LYM/LYM-PNAERPLH.tif,LYM
data/NCT-CRC-HE-100K/LYM/LYM-WHVCETQM.tif,LYM
data/NCT-CRC-HE-100K/LYM/LYM-VWVWWIST.tif,LYM
data/NCT-CRC-HE-100K/LYM/LYM-IRFRYFNK.tif,LYM
data/NCT-CRC-HE-100K/LYM/LYM-HRTLKQPR.tif,LYM
data/NCT-CRC-HE-100K/LYM/LYM-WGWMKGVP.tif,LYM
data/NCT-CRC-HE-100K/LYM/LYM-ILGDDECQ.tif,LYM
data/NCT-CRC-HE-100K/LYM/LYM-KSRKCMHP.tif,LYM
data/NCT-CRC-HE-100K/LYM/LYM-DLEHQYSA.tif,LYM
data/NCT-CRC-HE-100K/LYM/LYM-MKFDYQLQ.tif,LYM
data/NCT-CRC-HE-100K/LYM/LYM-FCLQYDMI.tif,LYM
data/NCT-CRC-HE-100K/LYM/LYM-PQYLEIFA.tif,LYM
data/NCT-CRC-HE-100K/LYM/LYM-ARMIHRAG.tif,LYM
data/NCT-CRC-HE-100K/LYM/LYM-MTWHTDRE.tif,LYM
data/NCT-CRC-HE-100K/LYM/LYM-WEQVGDWL.tif,LYM
data/NCT-CRC-HE-100K/LYM/LYM-PPPGGGGK.tif,LYM
data/NCT-CRC-HE-100K/LYM/LYM-CLSGRCLR.tif,LYM
data/NCT-CRC-HE-100K/LYM/LYM-VTEGSECW.tif,LYM
data/NCT-CRC-HE-100K/LYM/LYM-KDRLRIMM.tif,LYM
data/NCT-CRC-HE-100K/LYM/LYM-RLAMKCMN.tif,LYM
data/NCT-CRC-HE-100K/LYM/LYM-VNFSDPHM.tif,LYM
data/NCT-CRC-HE-100K/LYM/LYM-QFCPKRDA.tif,LYM
data/NCT-CRC-HE-100K/LYM/LYM-VGMIAFNG.tif,LYM
data/NCT-CRC-HE-100K/LYM/LYM-TCYFWERI.tif,LYM
data/NCT-CRC-HE-100K/LYM/LYM-RPSVCSLE.tif,LYM
data/NCT-CRC-HE-100K/LYM/LYM-GMFCSKGH.tif,LYM
data/NCT-CRC-HE-100K/LYM/LYM-FMRVKSYP.tif,LYM
data/NCT-CRC-HE-100K/LYM/LYM-AEYTLWTL.tif,LYM
data/NCT-CRC-HE-100K/LYM/LYM-IPHWFIAN.tif,LYM
data/NCT-CRC-HE-100K/LYM/LYM-ECGYFIIS.tif,LYM
data/NCT-CRC-HE-100K/LYM/LYM-MTDNAPAF.tif,LYM
data/NCT-CRC-HE-100K/LYM/LYM-IHGFKFNH.tif,LYM
data/NCT-CRC-HE-100K/LYM/LYM-GPEWEANK.tif,LYM
data/NCT-CRC-HE-100K/LYM/LYM-QRTEAEWE.tif,LYM
data/NCT-CRC-HE-100K/LYM/LYM-QGVDNPKN.tif,LYM
data/NCT-CRC-HE-100K/LYM/LYM-INCCSFLI.tif,LYM
data/NCT-CRC-HE-100K/LYM/LYM-RNRYREIF.tif,LYM
data/NCT-CRC-HE-100K/LYM/LYM-NHMEHGFK.tif,LYM
data/NCT-CRC-HE-100K/LYM/LYM-ERTVDVDT.tif,LYM
data/NCT-CRC-HE-100K/LYM/LYM-VFAEHHKQ.tif,LYM
data/NCT-CRC-HE-100K/LYM/LYM-RCHTGLIN.tif,LYM
data/NCT-CRC-HE-100K/LYM/LYM-IQLNHMPV.tif,LYM
data/NCT-CRC-HE-100K/LYM/LYM-FVRAPDGG.tif,LYM
data/NCT-CRC-HE-100K/LYM/LYM-YPFMPDYY.tif,LYM
data/NCT-CRC-HE-100K/LYM/LYM-AKLEFVEL.tif,LYM
data/NCT-CRC-HE-100K/LYM/LYM-GWCIYRHD.tif,LYM
data/NCT-CRC-HE-100K/LYM/LYM-LPTKIVPE.tif,LYM
data/NCT-CRC-HE-100K/LYM/LYM-ILEIVGPD.tif,LYM
data/NCT-CRC-HE-100K/LYM/LYM-EDPHTHHR.tif,LYM
data/NCT-CRC-HE-100K/LYM/LYM-WNIEMIPR.tif,LYM
data/NCT-CRC-HE-100K/LYM/LYM-AVIHRCYR.tif,LYM
data/NCT-CRC-HE-100K/LYM/LYM-PGIRHMII.tif,LYM
data/NCT-CRC-HE-100K/LYM/LYM-KVQEHHLY.tif,LYM
data/NCT-CRC-HE-100K/LYM/LYM-LFKNKAYQ.tif,LYM
data/NCT-CRC-HE-100K/LYM/LYM-VNGAHWCD.tif,LYM
data/NCT-CRC-HE-100K/LYM/LYM-GKTNQQQT.tif,LYM
data/NCT-CRC-HE-100K/LYM/LYM-LKPQHWQS.tif,LYM
data/NCT-CRC-HE-100K/LYM/LYM-NLYFPGNH.tif,LYM
data/NCT-CRC-HE-100K/LYM/LYM-EPCYTDME.tif,LYM
data/NCT-CRC-HE-100K/LYM/LYM-WCYRHKEK.tif,LYM
data/NCT-CRC-HE-100K/LYM/LYM-EMLFVPYD.tif,LYM
data/NCT-CRC-HE-100K/LYM/LYM-IDNCCHNN.tif,LYM
data/NCT-CRC-HE-100K/LYM/LYM-MDRVSAWP.tif,LYM
data/NCT-CRC-HE-100K/LYM/LYM-QHTNMYQR.tif,LYM
data/NCT-CRC-HE-100K/LYM/LYM-FWQTAETW.tif,LYM
data/NCT-CRC-HE-100K/LYM/LYM-YKNHCMDP.tif,LYM
data/NCT-CRC-HE-100K/LYM/LYM-MAWEFACS.tif,LYM
data/NCT-CRC-HE-100K/LYM/LYM-PAPITCMR.tif,LYM
data/NCT-CRC-HE-100K/LYM/LYM-PGLNFHWV.tif,LYM
data/NCT-CRC-HE-100K/LYM/LYM-NLVMCRMC.tif,LYM
data/NCT-CRC-HE-100K/LYM/LYM-MHICTEMH.tif,LYM
data/NCT-CRC-HE-100K/LYM/LYM-TMSYLQPV.tif,LYM
data/NCT-CRC-HE-100K/LYM/LYM-EAHWMGNA.tif,LYM
data/NCT-CRC-HE-100K/LYM/LYM-DMVEVYVN.tif,LYM
data/NCT-CRC-HE-100K/LYM/LYM-SSESLGED.tif,LYM
data/NCT-CRC-HE-100K/LYM/LYM-PSPDDKNI.tif,LYM
data/NCT-CRC-HE-100K/LYM/LYM-EQSNAIAH.tif,LYM
data/NCT-CRC-HE-100K/LYM/LYM-DSIGNYAH.tif,LYM
data/NCT-CRC-HE-100K/LYM/LYM-RVAITWLL.tif,LYM
data/NCT-CRC-HE-100K/LYM/LYM-YVFWNEVN.tif,LYM
data/NCT-CRC-HE-100K/LYM/LYM-MTVTKTET.tif,LYM
data/NCT-CRC-HE-100K/LYM/LYM-WLYAPFHN.tif,LYM
data/NCT-CRC-HE-100K/LYM/LYM-QNMPLIFP.tif,LYM
data/NCT-CRC-HE-100K/LYM/LYM-HSAWCFNP.tif,LYM
data/NCT-CRC-HE-100K/LYM/LYM-NARDIVPS.tif,LYM
data/NCT-CRC-HE-100K/LYM/LYM-VYKLHVWF.tif,LYM
data/NCT-CRC-HE-100K/LYM/LYM-DSPPQTYD.tif,LYM
data/NCT-CRC-HE-100K/LYM/LYM-NVCDGVKR.tif,LYM
data/NCT-CRC-HE-100K/LYM/LYM-CPYAARGP.tif,LYM
data/NCT-CRC-HE-100K/LYM/LYM-YCGNSYDH.tif,LYM
data/NCT-CRC-HE-100K/LYM/LYM-KLHFTMSD.tif,LYM
data/NCT-CRC-HE-100K/LYM/LYM-TYELTYDN.tif,LYM
data/NCT-CRC-HE-100K/LYM/LYM-FTRMAKKF.tif,LYM
data/NCT-CRC-HE-100K/LYM/LYM-KPQGHWLQ.tif,LYM
data/NCT-CRC-HE-100K/LYM/LYM-IYCVWIHD.tif,LYM
data/NCT-CRC-HE-100K/LYM/LYM-RWDRPLKS.tif,LYM
data/NCT-CRC-HE-100K/LYM/LYM-EMSNDEGV.tif,LYM
data/NCT-CRC-HE-100K/LYM/LYM-SSMCFHRE.tif,LYM
data/NCT-CRC-HE-100K/LYM/LYM-WWCSRPLK.tif,LYM
data/NCT-CRC-HE-100K/LYM/LYM-YDQAKWHN.tif,LYM
data/NCT-CRC-HE-100K/LYM/LYM-LPEASNAM.tif,LYM
data/NCT-CRC-HE-100K/LYM/LYM-AACTNWDR.tif,LYM
data/NCT-CRC-HE-100K/LYM/LYM-FCERHCDG.tif,LYM
data/NCT-CRC-HE-100K/LYM/LYM-AAVEKYMF.tif,LYM
data/NCT-CRC-HE-100K/LYM/LYM-DQKGLEKA.tif,LYM
data/NCT-CRC-HE-100K/LYM/LYM-LPYKESQK.tif,LYM
data/NCT-CRC-HE-100K/LYM/LYM-LPFWQGDQ.tif,LYM
data/NCT-CRC-HE-100K/LYM/LYM-PSFMRWWE.tif,LYM
data/NCT-CRC-HE-100K/LYM/LYM-GPQDALFP.tif,LYM
data/NCT-CRC-HE-100K/LYM/LYM-HWKPWLSK.tif,LYM
data/NCT-CRC-HE-100K/LYM/LYM-MNTHSIAQ.tif,LYM
data/NCT-CRC-HE-100K/LYM/LYM-WWLWNFKL.tif,LYM
data/NCT-CRC-HE-100K/LYM/LYM-TELWHHRW.tif,LYM
data/NCT-CRC-HE-100K/LYM/LYM-QAKKEANR.tif,LYM
data/NCT-CRC-HE-100K/LYM/LYM-ILCPRNCS.tif,LYM
data/NCT-CRC-HE-100K/LYM/LYM-SKYFHMNR.tif,LYM
data/NCT-CRC-HE-100K/LYM/LYM-FVCMCENM.tif,LYM
data/NCT-CRC-HE-100K/LYM/LYM-PQTTPIRV.tif,LYM
data/NCT-CRC-HE-100K/LYM/LYM-NFIMCLSE.tif,LYM
data/NCT-CRC-HE-100K/LYM/LYM-AKCTVAVQ.tif,LYM
data/NCT-CRC-HE-100K/LYM/LYM-DYELAFMT.tif,LYM
data/NCT-CRC-HE-100K/LYM/LYM-ADPSFFFK.tif,LYM
data/NCT-CRC-HE-100K/LYM/LYM-ECKNLHQL.tif,LYM
data/NCT-CRC-HE-100K/LYM/LYM-LKCDTDAA.tif,LYM
data/NCT-CRC-HE-100K/LYM/LYM-KYAQEPMA.tif,LYM
data/NCT-CRC-HE-100K/LYM/LYM-SKIFWSGG.tif,LYM
data/NCT-CRC-HE-100K/LYM/LYM-EGYILFGC.tif,LYM
data/NCT-CRC-HE-100K/LYM/LYM-REGYQYAN.tif,LYM
data/NCT-CRC-HE-100K/LYM/LYM-KPNGHCSH.tif,LYM
data/NCT-CRC-HE-100K/LYM/LYM-DQFELVME.tif,LYM
data/NCT-CRC-HE-100K/LYM/LYM-DWRTMKPC.tif,LYM
data/NCT-CRC-HE-100K/LYM/LYM-VKAYPCYP.tif,LYM
data/NCT-CRC-HE-100K/LYM/LYM-KGCGRHQP.tif,LYM
data/NCT-CRC-HE-100K/LYM/LYM-CSAVIMHF.tif,LYM
data/NCT-CRC-HE-100K/LYM/LYM-IAGYGLKL.tif,LYM
data/NCT-CRC-HE-100K/LYM/LYM-EEQQLNFK.tif,LYM
data/NCT-CRC-HE-100K/LYM/LYM-YHITSINL.tif,LYM
data/NCT-CRC-HE-100K/LYM/LYM-FQDNRVCF.tif,LYM
data/NCT-CRC-HE-100K/LYM/LYM-PMLRKPRI.tif,LYM
data/NCT-CRC-HE-100K/LYM/LYM-FQRQCRKS.tif,LYM
data/NCT-CRC-HE-100K/LYM/LYM-FQSSTVSP.tif,LYM
data/NCT-CRC-HE-100K/LYM/LYM-QDPNRGLF.tif,LYM
data/NCT-CRC-HE-100K/LYM/LYM-IHSDTLLI.tif,LYM
data/NCT-CRC-HE-100K/LYM/LYM-YPKDDHTE.tif,LYM
data/NCT-CRC-HE-100K/LYM/LYM-FRSEVLAI.tif,LYM
data/NCT-CRC-HE-100K/LYM/LYM-PIGHSEIW.tif,LYM
data/NCT-CRC-HE-100K/LYM/LYM-YYLVIWMM.tif,LYM
data/NCT-CRC-HE-100K/LYM/LYM-TEFYNKTM.tif,LYM
data/NCT-CRC-HE-100K/LYM/LYM-ASDQDWLQ.tif,LYM
data/NCT-CRC-HE-100K/LYM/LYM-SVFWIKSL.tif,LYM
data/NCT-CRC-HE-100K/LYM/LYM-MQTPHHLK.tif,LYM
data/NCT-CRC-HE-100K/LYM/LYM-AKWRECRW.tif,LYM
data/NCT-CRC-HE-100K/LYM/LYM-ELWRSLYY.tif,LYM
data/NCT-CRC-HE-100K/LYM/LYM-DVTSMNVS.tif,LYM
data/NCT-CRC-HE-100K/LYM/LYM-KVLKDHDY.tif,LYM
data/NCT-CRC-HE-100K/LYM/LYM-DKNHTPSV.tif,LYM
data/NCT-CRC-HE-100K/LYM/LYM-VSLLSRFN.tif,LYM
data/NCT-CRC-HE-100K/LYM/LYM-MRRRITIP.tif,LYM
data/NCT-CRC-HE-100K/LYM/LYM-GWNRNFYH.tif,LYM
data/NCT-CRC-HE-100K/LYM/LYM-IGSHVNCA.tif,LYM
data/NCT-CRC-HE-100K/LYM/LYM-MSNGYTYS.tif,LYM
data/NCT-CRC-HE-100K/LYM/LYM-HMLMLLAN.tif,LYM
data/NCT-CRC-HE-100K/LYM/LYM-QCGWCTVW.tif,LYM
data/NCT-CRC-HE-100K/LYM/LYM-WFNHFRLQ.tif,LYM
data/NCT-CRC-HE-100K/LYM/LYM-TTIGGYMN.tif,LYM
data/NCT-CRC-HE-100K/LYM/LYM-RGRYRLNM.tif,LYM
data/NCT-CRC-HE-100K/LYM/LYM-STNPKKPT.tif,LYM
data/NCT-CRC-HE-100K/LYM/LYM-MKFMFLNT.tif,LYM
data/NCT-CRC-HE-100K/LYM/LYM-GGELISRP.tif,LYM
data/NCT-CRC-HE-100K/LYM/LYM-NYEYKQKW.tif,LYM
data/NCT-CRC-HE-100K/LYM/LYM-WAYECCFF.tif,LYM
data/NCT-CRC-HE-100K/LYM/LYM-AFSACNEM.tif,LYM
data/NCT-CRC-HE-100K/LYM/LYM-TQGSSCAE.tif,LYM
data/NCT-CRC-HE-100K/LYM/LYM-NTGKMKML.tif,LYM
data/NCT-CRC-HE-100K/LYM/LYM-TYYMFNHE.tif,LYM
data/NCT-CRC-HE-100K/LYM/LYM-HQDCLIRQ.tif,LYM
data/NCT-CRC-HE-100K/LYM/LYM-KCRQDTYS.tif,LYM
data/NCT-CRC-HE-100K/LYM/LYM-LTVDCPER.tif,LYM
data/NCT-CRC-HE-100K/LYM/LYM-RMMHFYTK.tif,LYM
data/NCT-CRC-HE-100K/LYM/LYM-KYQSCGAP.tif,LYM
data/NCT-CRC-HE-100K/LYM/LYM-QIPAMQYE.tif,LYM
data/NCT-CRC-HE-100K/LYM/LYM-VRTFVHRR.tif,LYM
data/NCT-CRC-HE-100K/LYM/LYM-QESVVFCT.tif,LYM
data/NCT-CRC-HE-100K/LYM/LYM-IFAEEAEN.tif,LYM
data/NCT-CRC-HE-100K/LYM/LYM-LSMMCLWL.tif,LYM
data/NCT-CRC-HE-100K/LYM/LYM-ITEARSQM.tif,LYM
data/NCT-CRC-HE-100K/LYM/LYM-FPSNKTTM.tif,LYM
data/NCT-CRC-HE-100K/LYM/LYM-GGDVHHRC.tif,LYM
data/NCT-CRC-HE-100K/LYM/LYM-HHIKVDSY.tif,LYM
data/NCT-CRC-HE-100K/LYM/LYM-QATKSYNL.tif,LYM
data/NCT-CRC-HE-100K/LYM/LYM-LFWPYEYN.tif,LYM
data/NCT-CRC-HE-100K/LYM/LYM-WECQGGKA.tif,LYM
data/NCT-CRC-HE-100K/LYM/LYM-APSHRVGG.tif,LYM
data/NCT-CRC-HE-100K/LYM/LYM-MMQMFAFH.tif,LYM
data/NCT-CRC-HE-100K/LYM/LYM-QKLRVFSV.tif,LYM
data/NCT-CRC-HE-100K/LYM/LYM-VNFAQLFL.tif,LYM
data/NCT-CRC-HE-100K/LYM/LYM-YWNHQMDK.tif,LYM
data/NCT-CRC-HE-100K/LYM/LYM-KEMKQWLE.tif,LYM
data/NCT-CRC-HE-100K/LYM/LYM-YCKCNPPC.tif,LYM
data/NCT-CRC-HE-100K/LYM/LYM-ICAHLGRW.tif,LYM
data/NCT-CRC-HE-100K/LYM/LYM-ANHSHTEI.tif,LYM
data/NCT-CRC-HE-100K/LYM/LYM-DWNEAMFD.tif,LYM
data/NCT-CRC-HE-100K/LYM/LYM-PYGWKSLL.tif,LYM
data/NCT-CRC-HE-100K/LYM/LYM-GDSHKLWP.tif,LYM
data/NCT-CRC-HE-100K/LYM/LYM-GPCIIECC.tif,LYM
data/NCT-CRC-HE-100K/LYM/LYM-MWAAWFSE.tif,LYM
data/NCT-CRC-HE-100K/LYM/LYM-YTRSWHAL.tif,LYM
data/NCT-CRC-HE-100K/LYM/LYM-TYRANEEW.tif,LYM
data/NCT-CRC-HE-100K/LYM/LYM-LLQMQFSL.tif,LYM
data/NCT-CRC-HE-100K/LYM/LYM-SPHLPVVH.tif,LYM
data/NCT-CRC-HE-100K/LYM/LYM-ERWQPFIW.tif,LYM
data/NCT-CRC-HE-100K/LYM/LYM-AWMRECHY.tif,LYM
data/NCT-CRC-HE-100K/LYM/LYM-QWQIMIAI.tif,LYM
data/NCT-CRC-HE-100K/LYM/LYM-NNRYLVSW.tif,LYM
data/NCT-CRC-HE-100K/LYM/LYM-QEPMFFIR.tif,LYM
data/NCT-CRC-HE-100K/LYM/LYM-MKDSMLWK.tif,LYM
data/NCT-CRC-HE-100K/LYM/LYM-AHNKASTS.tif,LYM
data/NCT-CRC-HE-100K/LYM/LYM-GNWVPWMV.tif,LYM
data/NCT-CRC-HE-100K/LYM/LYM-TCCDPKFR.tif,LYM
data/NCT-CRC-HE-100K/LYM/LYM-GTCLPRHY.tif,LYM
data/NCT-CRC-HE-100K/LYM/LYM-CYFIHNFQ.tif,LYM
data/NCT-CRC-HE-100K/LYM/LYM-QVWEGFYY.tif,LYM
data/NCT-CRC-HE-100K/LYM/LYM-ERDFQNVI.tif,LYM
data/NCT-CRC-HE-100K/LYM/LYM-WPRTAFGI.tif,LYM
data/NCT-CRC-HE-100K/LYM/LYM-DMVDINCR.tif,LYM
data/NCT-CRC-HE-100K/LYM/LYM-RQKRWYDL.tif,LYM
data/NCT-CRC-HE-100K/LYM/LYM-YNWFEHQQ.tif,LYM
data/NCT-CRC-HE-100K/LYM/LYM-WYNHNKGM.tif,LYM
data/NCT-CRC-HE-100K/LYM/LYM-SQQFWEAH.tif,LYM
data/NCT-CRC-HE-100K/LYM/LYM-NHSQLMLP.tif,LYM
data/NCT-CRC-HE-100K/LYM/LYM-VHLHPLKR.tif,LYM
data/NCT-CRC-HE-100K/LYM/LYM-IYFRMQIA.tif,LYM
data/NCT-CRC-HE-100K/LYM/LYM-GWDRNYHI.tif,LYM
data/NCT-CRC-HE-100K/LYM/LYM-DHGQHMNF.tif,LYM
data/NCT-CRC-HE-100K/LYM/LYM-PAVPAMCC.tif,LYM
data/NCT-CRC-HE-100K/LYM/LYM-APKDIDGF.tif,LYM
data/NCT-CRC-HE-100K/LYM/LYM-SKGLQHWR.tif,LYM
data/NCT-CRC-HE-100K/LYM/LYM-QMEDLLEN.tif,LYM
data/NCT-CRC-HE-100K/LYM/LYM-LRSFPSHP.tif,LYM
data/NCT-CRC-HE-100K/LYM/LYM-ACRDYAGN.tif,LYM
data/NCT-CRC-HE-100K/LYM/LYM-GPCHKGDG.tif,LYM
data/NCT-CRC-HE-100K/LYM/LYM-VKCHNHAR.tif,LYM
data/NCT-CRC-HE-100K/LYM/LYM-KKNQWIFI.tif,LYM
data/NCT-CRC-HE-100K/LYM/LYM-NRVVGSEN.tif,LYM
data/NCT-CRC-HE-100K/LYM/LYM-PQKGPWFE.tif,LYM
data/NCT-CRC-HE-100K/LYM/LYM-YYATDMVW.tif,LYM
data/NCT-CRC-HE-100K/LYM/LYM-RMSQWRCQ.tif,LYM
data/NCT-CRC-HE-100K/LYM/LYM-YVPGYNIE.tif,LYM
data/NCT-CRC-HE-100K/LYM/LYM-KCVCSYRK.tif,LYM
data/NCT-CRC-HE-100K/LYM/LYM-CVCAEPVS.tif,LYM
data/NCT-CRC-HE-100K/LYM/LYM-CDCIRCTS.tif,LYM
data/NCT-CRC-HE-100K/LYM/LYM-DLYVHAPF.tif,LYM
data/NCT-CRC-HE-100K/LYM/LYM-LTMHASTF.tif,LYM
data/NCT-CRC-HE-100K/LYM/LYM-MQYKGHDC.tif,LYM
data/NCT-CRC-HE-100K/LYM/LYM-NNEFTQVG.tif,LYM
data/NCT-CRC-HE-100K/LYM/LYM-MRPGGYGH.tif,LYM
data/NCT-CRC-HE-100K/LYM/LYM-WFNGCCDD.tif,LYM
data/NCT-CRC-HE-100K/LYM/LYM-YQESGWHL.tif,LYM
data/NCT-CRC-HE-100K/LYM/LYM-WCKKDTRK.tif,LYM
data/NCT-CRC-HE-100K/LYM/LYM-HPDDVCNT.tif,LYM
data/NCT-CRC-HE-100K/LYM/LYM-KCQGACLW.tif,LYM
data/NCT-CRC-HE-100K/LYM/LYM-QRSGARAQ.tif,LYM
data/NCT-CRC-HE-100K/LYM/LYM-NFLVQQCM.tif,LYM
data/NCT-CRC-HE-100K/LYM/LYM-SQMERGSG.tif,LYM
data/NCT-CRC-HE-100K/LYM/LYM-AALKPLVP.tif,LYM
data/NCT-CRC-HE-100K/LYM/LYM-VRIKPATW.tif,LYM
data/NCT-CRC-HE-100K/LYM/LYM-PFVANCQH.tif,LYM
data/NCT-CRC-HE-100K/LYM/LYM-VWQSLYFT.tif,LYM
data/NCT-CRC-HE-100K/LYM/LYM-KGAGGEQV.tif,LYM
data/NCT-CRC-HE-100K/LYM/LYM-YAFSQFKY.tif,LYM
data/NCT-CRC-HE-100K/LYM/LYM-QSEWRVWL.tif,LYM
data/NCT-CRC-HE-100K/LYM/LYM-FHQERMWG.tif,LYM
data/NCT-CRC-HE-100K/LYM/LYM-NEQAYIVT.tif,LYM
data/NCT-CRC-HE-100K/LYM/LYM-YAWLGNLP.tif,LYM
data/NCT-CRC-HE-100K/LYM/LYM-PDEKPICF.tif,LYM
data/NCT-CRC-HE-100K/LYM/LYM-NCLWKESY.tif,LYM
data/NCT-CRC-HE-100K/LYM/LYM-TPCMYFVI.tif,LYM
data/NCT-CRC-HE-100K/LYM/LYM-TYEATLEP.tif,LYM
data/NCT-CRC-HE-100K/LYM/LYM-KPWQRFMK.tif,LYM
data/NCT-CRC-HE-100K/LYM/LYM-QFTHSLWM.tif,LYM
data/NCT-CRC-HE-100K/LYM/LYM-SMDWHYLA.tif,LYM
data/NCT-CRC-HE-100K/LYM/LYM-MLEHVVWM.tif,LYM
data/NCT-CRC-HE-100K/LYM/LYM-KRDVVWWG.tif,LYM
data/NCT-CRC-HE-100K/LYM/LYM-NRSWYKHC.tif,LYM
data/NCT-CRC-HE-100K/LYM/LYM-TNRWRMRH.tif,LYM
data/NCT-CRC-HE-100K/LYM/LYM-WGMIVPEY.tif,LYM
data/NCT-CRC-HE-100K/LYM/LYM-FTFWHRGN.tif,LYM
data/NCT-CRC-HE-100K/LYM/LYM-LTSGCIIA.tif,LYM
data/NCT-CRC-HE-100K/LYM/LYM-CCHLQFPR.tif,LYM
data/NCT-CRC-HE-100K/LYM/LYM-NWPICSVL.tif,LYM
data/NCT-CRC-HE-100K/LYM/LYM-PHTWGAFA.tif,LYM
data/NCT-CRC-HE-100K/LYM/LYM-KVSYAAMF.tif,LYM
data/NCT-CRC-HE-100K/LYM/LYM-CVRLPDWT.tif,LYM
data/NCT-CRC-HE-100K/LYM/LYM-YFTDNYFT.tif,LYM
data/NCT-CRC-HE-100K/LYM/LYM-HKSFVAGL.tif,LYM
data/NCT-CRC-HE-100K/LYM/LYM-LLKCSQQS.tif,LYM
data/NCT-CRC-HE-100K/LYM/LYM-HNMPNRNM.tif,LYM
data/NCT-CRC-HE-100K/LYM/LYM-MPYDKVDM.tif,LYM
data/NCT-CRC-HE-100K/LYM/LYM-AQDKIYLY.tif,LYM
data/NCT-CRC-HE-100K/LYM/LYM-VPPIMTPQ.tif,LYM
data/NCT-CRC-HE-100K/LYM/LYM-LPTARDML.tif,LYM
data/NCT-CRC-HE-100K/LYM/LYM-FIVMWAQW.tif,LYM
data/NCT-CRC-HE-100K/LYM/LYM-GEHWSSYM.tif,LYM
data/NCT-CRC-HE-100K/LYM/LYM-RCFWDTHE.tif,LYM
data/NCT-CRC-HE-100K/LYM/LYM-CYVGVHRM.tif,LYM
data/NCT-CRC-HE-100K/LYM/LYM-DVLLTKTS.tif,LYM
data/NCT-CRC-HE-100K/LYM/LYM-GALQPLLY.tif,LYM
data/NCT-CRC-HE-100K/LYM/LYM-VAYLGRCN.tif,LYM
data/NCT-CRC-HE-100K/LYM/LYM-AVQRQHIH.tif,LYM
data/NCT-CRC-HE-100K/LYM/LYM-HMCQHPTM.tif,LYM
data/NCT-CRC-HE-100K/LYM/LYM-GCFIWDCY.tif,LYM
data/NCT-CRC-HE-100K/LYM/LYM-AGKYPANW.tif,LYM
data/NCT-CRC-HE-100K/LYM/LYM-WLSGYWQC.tif,LYM
data/NCT-CRC-HE-100K/LYM/LYM-RRARHCHI.tif,LYM
data/NCT-CRC-HE-100K/LYM/LYM-YEKGGHVR.tif,LYM
data/NCT-CRC-HE-100K/LYM/LYM-PGVTSDWN.tif,LYM
data/NCT-CRC-HE-100K/LYM/LYM-YCCYLALD.tif,LYM
data/NCT-CRC-HE-100K/LYM/LYM-PDEAYTHI.tif,LYM
data/NCT-CRC-HE-100K/LYM/LYM-GCIGWFYE.tif,LYM
data/NCT-CRC-HE-100K/LYM/LYM-KGLCMRWA.tif,LYM
data/NCT-CRC-HE-100K/LYM/LYM-NDNLHCCP.tif,LYM
data/NCT-CRC-HE-100K/LYM/LYM-PILIYWAA.tif,LYM
data/NCT-CRC-HE-100K/LYM/LYM-KWGHLQSP.tif,LYM
data/NCT-CRC-HE-100K/LYM/LYM-SAYIVHGH.tif,LYM
data/NCT-CRC-HE-100K/LYM/LYM-CCMHLAWW.tif,LYM
data/NCT-CRC-HE-100K/LYM/LYM-FMAESEHF.tif,LYM
data/NCT-CRC-HE-100K/LYM/LYM-QMWDQITR.tif,LYM
data/NCT-CRC-HE-100K/LYM/LYM-FLCSSSNN.tif,LYM
data/NCT-CRC-HE-100K/LYM/LYM-EAYAPAPN.tif,LYM
data/NCT-CRC-HE-100K/LYM/LYM-WQMQNFMP.tif,LYM
data/NCT-CRC-HE-100K/LYM/LYM-EHTIARQD.tif,LYM
data/NCT-CRC-HE-100K/LYM/LYM-QKAWGNTF.tif,LYM
data/NCT-CRC-HE-100K/LYM/LYM-KCHCLFCW.tif,LYM
data/NCT-CRC-HE-100K/LYM/LYM-KRWEDNDC.tif,LYM
data/NCT-CRC-HE-100K/LYM/LYM-KPVGHWWT.tif,LYM
data/NCT-CRC-HE-100K/LYM/LYM-MYGADDDF.tif,LYM
data/NCT-CRC-HE-100K/LYM/LYM-AVTVNNKF.tif,LYM
data/NCT-CRC-HE-100K/LYM/LYM-TNTASTME.tif,LYM
data/NCT-CRC-HE-100K/LYM/LYM-IPQAGIAS.tif,LYM
data/NCT-CRC-HE-100K/LYM/LYM-LLQQCQTT.tif,LYM
data/NCT-CRC-HE-100K/LYM/LYM-QALGYWYR.tif,LYM
data/NCT-CRC-HE-100K/LYM/LYM-CYCDAAMC.tif,LYM
data/NCT-CRC-HE-100K/LYM/LYM-CRHIQSAF.tif,LYM
data/NCT-CRC-HE-100K/LYM/LYM-WIQQDFGH.tif,LYM
data/NCT-CRC-HE-100K/LYM/LYM-KITWCLRH.tif,LYM
data/NCT-CRC-HE-100K/LYM/LYM-HGCMEQQG.tif,LYM
data/NCT-CRC-HE-100K/LYM/LYM-PTSGDHEI.tif,LYM
data/NCT-CRC-HE-100K/LYM/LYM-VVLDVWHN.tif,LYM
data/NCT-CRC-HE-100K/LYM/LYM-KVFAPNLT.tif,LYM
data/NCT-CRC-HE-100K/LYM/LYM-SMHMIDSC.tif,LYM
data/NCT-CRC-HE-100K/LYM/LYM-GVCCCADM.tif,LYM
data/NCT-CRC-HE-100K/LYM/LYM-MQLGANLS.tif,LYM
data/NCT-CRC-HE-100K/LYM/LYM-CYEVYSAF.tif,LYM
data/NCT-CRC-HE-100K/LYM/LYM-NWFTKAED.tif,LYM
data/NCT-CRC-HE-100K/LYM/LYM-CEDNHKRA.tif,LYM
data/NCT-CRC-HE-100K/LYM/LYM-CFLSIMVQ.tif,LYM
data/NCT-CRC-HE-100K/LYM/LYM-DPRIDLNN.tif,LYM
data/NCT-CRC-HE-100K/LYM/LYM-MKSGQSWW.tif,LYM
data/NCT-CRC-HE-100K/LYM/LYM-AESGQDWR.tif,LYM
data/NCT-CRC-HE-100K/LYM/LYM-KKHEFSVM.tif,LYM
data/NCT-CRC-HE-100K/LYM/LYM-KVAMDWIG.tif,LYM
data/NCT-CRC-HE-100K/LYM/LYM-CQGWMFSN.tif,LYM
data/NCT-CRC-HE-100K/LYM/LYM-AASPCFRA.tif,LYM
data/NCT-CRC-HE-100K/LYM/LYM-AWNHLKMV.tif,LYM
data/NCT-CRC-HE-100K/LYM/LYM-VPMFLETQ.tif,LYM
data/NCT-CRC-HE-100K/LYM/LYM-CFQSGKDD.tif,LYM
data/NCT-CRC-HE-100K/LYM/LYM-FIRQFRYP.tif,LYM
data/NCT-CRC-HE-100K/LYM/LYM-TTEHFFSS.tif,LYM
data/NCT-CRC-HE-100K/LYM/LYM-FSPYATFP.tif,LYM
data/NCT-CRC-HE-100K/LYM/LYM-QGAAVWIN.tif,LYM
data/NCT-CRC-HE-100K/LYM/LYM-WHYTVQIS.tif,LYM
data/NCT-CRC-HE-100K/LYM/LYM-DISSWNTG.tif,LYM
data/NCT-CRC-HE-100K/LYM/LYM-TNQCSWHG.tif,LYM
data/NCT-CRC-HE-100K/LYM/LYM-EWIRSCEG.tif,LYM
data/NCT-CRC-HE-100K/LYM/LYM-AMWFYEAW.tif,LYM
data/NCT-CRC-HE-100K/LYM/LYM-ESRNMIMA.tif,LYM
data/NCT-CRC-HE-100K/LYM/LYM-DWKALNSG.tif,LYM
data/NCT-CRC-HE-100K/LYM/LYM-DGDSRGPL.tif,LYM
data/NCT-CRC-HE-100K/LYM/LYM-CVMLCQIN.tif,LYM
data/NCT-CRC-HE-100K/LYM/LYM-VECAESIL.tif,LYM
data/NCT-CRC-HE-100K/LYM/LYM-WQMSYELG.tif,LYM
data/NCT-CRC-HE-100K/LYM/LYM-EHITQRMA.tif,LYM
data/NCT-CRC-HE-100K/LYM/LYM-GRHGEPPR.tif,LYM
data/NCT-CRC-HE-100K/LYM/LYM-DVSMGQHY.tif,LYM
data/NCT-CRC-HE-100K/LYM/LYM-QSWEIRWG.tif,LYM
data/NCT-CRC-HE-100K/LYM/LYM-PEGQECSK.tif,LYM
data/NCT-CRC-HE-100K/LYM/LYM-DIFGNMWQ.tif,LYM
data/NCT-CRC-HE-100K/LYM/LYM-EHAMDPKE.tif,LYM
data/NCT-CRC-HE-100K/LYM/LYM-PNIHMPTL.tif,LYM
data/NCT-CRC-HE-100K/LYM/LYM-REPDGKQS.tif,LYM
data/NCT-CRC-HE-100K/LYM/LYM-FRSQQMWF.tif,LYM
data/NCT-CRC-HE-100K/LYM/LYM-SGMISYRL.tif,LYM
data/NCT-CRC-HE-100K/LYM/LYM-EVRDFNPC.tif,LYM
data/NCT-CRC-HE-100K/LYM/LYM-MMRYHGFV.tif,LYM
data/NCT-CRC-HE-100K/LYM/LYM-NVFKPDHK.tif,LYM
data/NCT-CRC-HE-100K/LYM/LYM-RLPTRSFM.tif,LYM
data/NCT-CRC-HE-100K/LYM/LYM-EQKWGVTP.tif,LYM
data/NCT-CRC-HE-100K/LYM/LYM-DIHQSEHS.tif,LYM
data/NCT-CRC-HE-100K/LYM/LYM-VQQRTEID.tif,LYM
data/NCT-CRC-HE-100K/LYM/LYM-RHRIEIQG.tif,LYM
data/NCT-CRC-HE-100K/LYM/LYM-CAADDDAS.tif,LYM
data/NCT-CRC-HE-100K/LYM/LYM-SQCITGVL.tif,LYM
data/NCT-CRC-HE-100K/LYM/LYM-ICNHFDQC.tif,LYM
data/NCT-CRC-HE-100K/LYM/LYM-DRFQNVVM.tif,LYM
data/NCT-CRC-HE-100K/LYM/LYM-MQQKRCFL.tif,LYM
data/NCT-CRC-HE-100K/LYM/LYM-MMMSADLE.tif,LYM
data/NCT-CRC-HE-100K/LYM/LYM-RYMQEEMH.tif,LYM
data/NCT-CRC-HE-100K/LYM/LYM-LGDNYNMN.tif,LYM
data/NCT-CRC-HE-100K/LYM/LYM-SVRYGMKM.tif,LYM
data/NCT-CRC-HE-100K/LYM/LYM-YSNDNTIY.tif,LYM
data/NCT-CRC-HE-100K/LYM/LYM-TESGMMFQ.tif,LYM
data/NCT-CRC-HE-100K/LYM/LYM-SLNSNVFG.tif,LYM
data/NCT-CRC-HE-100K/LYM/LYM-NAEHEGAS.tif,LYM
data/NCT-CRC-HE-100K/LYM/LYM-KSVPHAFT.tif,LYM
data/NCT-CRC-HE-100K/LYM/LYM-HVVLITDD.tif,LYM
data/NCT-CRC-HE-100K/LYM/LYM-TAEWLYIM.tif,LYM
data/NCT-CRC-HE-100K/LYM/LYM-YNVQNIYL.tif,LYM
data/NCT-CRC-HE-100K/LYM/LYM-DPRWWGGF.tif,LYM
data/NCT-CRC-HE-100K/LYM/LYM-FGWDKPRC.tif,LYM
data/NCT-CRC-HE-100K/LYM/LYM-VCLWTEIM.tif,LYM
data/NCT-CRC-HE-100K/LYM/LYM-NHVYNWIS.tif,LYM
data/NCT-CRC-HE-100K/LYM/LYM-MHEYQACP.tif,LYM
data/NCT-CRC-HE-100K/LYM/LYM-KCWDRGTG.tif,LYM
data/NCT-CRC-HE-100K/LYM/LYM-MAHPWNEK.tif,LYM
data/NCT-CRC-HE-100K/LYM/LYM-RHDPWQRS.tif,LYM
data/NCT-CRC-HE-100K/LYM/LYM-MNMEHGRL.tif,LYM
data/NCT-CRC-HE-100K/LYM/LYM-ANHMVIWS.tif,LYM
data/NCT-CRC-HE-100K/LYM/LYM-AFHEMFNG.tif,LYM
data/NCT-CRC-HE-100K/LYM/LYM-AASSVHPP.tif,LYM
data/NCT-CRC-HE-100K/LYM/LYM-FAGFDIGS.tif,LYM
data/NCT-CRC-HE-100K/LYM/LYM-IHQSLRGG.tif,LYM
data/NCT-CRC-HE-100K/LYM/LYM-YFPRKVCD.tif,LYM
data/NCT-CRC-HE-100K/LYM/LYM-YNLWKIQE.tif,LYM
data/NCT-CRC-HE-100K/LYM/LYM-GWYASQID.tif,LYM
data/NCT-CRC-HE-100K/LYM/LYM-WKNAYKCA.tif,LYM
data/NCT-CRC-HE-100K/LYM/LYM-ETRIVSQT.tif,LYM
data/NCT-CRC-HE-100K/LYM/LYM-GGDEMGNF.tif,LYM
data/NCT-CRC-HE-100K/LYM/LYM-QVHVLSEQ.tif,LYM
data/NCT-CRC-HE-100K/LYM/LYM-QQWRIIEN.tif,LYM
data/NCT-CRC-HE-100K/LYM/LYM-WVCAWHIY.tif,LYM
data/NCT-CRC-HE-100K/LYM/LYM-ENIFKPTK.tif,LYM
data/NCT-CRC-HE-100K/LYM/LYM-IVMCGVEV.tif,LYM
data/NCT-CRC-HE-100K/LYM/LYM-IKRKRLYR.tif,LYM
data/NCT-CRC-HE-100K/LYM/LYM-EWCLGRKT.tif,LYM
data/NCT-CRC-HE-100K/LYM/LYM-CEFSTKWV.tif,LYM
data/NCT-CRC-HE-100K/LYM/LYM-FVVCNSLK.tif,LYM
data/NCT-CRC-HE-100K/LYM/LYM-WMVPKIGD.tif,LYM
data/NCT-CRC-HE-100K/LYM/LYM-LYKQFMIW.tif,LYM
data/NCT-CRC-HE-100K/LYM/LYM-LFSTTFIC.tif,LYM
data/NCT-CRC-HE-100K/LYM/LYM-GQGVYHTY.tif,LYM
data/NCT-CRC-HE-100K/LYM/LYM-VVAPKIQR.tif,LYM
data/NCT-CRC-HE-100K/LYM/LYM-DRRLAGAV.tif,LYM
data/NCT-CRC-HE-100K/LYM/LYM-REQLHTQI.tif,LYM
data/NCT-CRC-HE-100K/LYM/LYM-RAEPVFFV.tif,LYM
data/NCT-CRC-HE-100K/LYM/LYM-FCGRTLEG.tif,LYM
data/NCT-CRC-HE-100K/LYM/LYM-VTVCPKLS.tif,LYM
data/NCT-CRC-HE-100K/LYM/LYM-IECNPWPR.tif,LYM
data/NCT-CRC-HE-100K/LYM/LYM-LEKAPLIE.tif,LYM
data/NCT-CRC-HE-100K/LYM/LYM-GIIYQFNH.tif,LYM
data/NCT-CRC-HE-100K/LYM/LYM-VWIPTMFM.tif,LYM
data/NCT-CRC-HE-100K/LYM/LYM-VKQFNITK.tif,LYM
data/NCT-CRC-HE-100K/LYM/LYM-YMAGYIII.tif,LYM
data/NCT-CRC-HE-100K/LYM/LYM-HWNINVKN.tif,LYM
data/NCT-CRC-HE-100K/LYM/LYM-MAEIYHGC.tif,LYM
data/NCT-CRC-HE-100K/LYM/LYM-NETKIYKN.tif,LYM
data/NCT-CRC-HE-100K/LYM/LYM-DYDCSDNY.tif,LYM
data/NCT-CRC-HE-100K/LYM/LYM-IVHWNGCQ.tif,LYM
data/NCT-CRC-HE-100K/LYM/LYM-MVQLVWMC.tif,LYM
data/NCT-CRC-HE-100K/LYM/LYM-SSCTPASH.tif,LYM
data/NCT-CRC-HE-100K/LYM/LYM-MDIPCTQD.tif,LYM
data/NCT-CRC-HE-100K/LYM/LYM-VYTREVYV.tif,LYM
data/NCT-CRC-HE-100K/LYM/LYM-LLSIFVSG.tif,LYM
data/NCT-CRC-HE-100K/LYM/LYM-HNSEICVF.tif,LYM
data/NCT-CRC-HE-100K/LYM/LYM-NCCNTPTH.tif,LYM
data/NCT-CRC-HE-100K/LYM/LYM-AWWRDDEF.tif,LYM
data/NCT-CRC-HE-100K/LYM/LYM-NTISKAQT.tif,LYM
data/NCT-CRC-HE-100K/LYM/LYM-SERQRSVM.tif,LYM
data/NCT-CRC-HE-100K/LYM/LYM-IRMHDWPS.tif,LYM
data/NCT-CRC-HE-100K/LYM/LYM-FLYKAFGD.tif,LYM
data/NCT-CRC-HE-100K/LYM/LYM-ILGYFTTF.tif,LYM
data/NCT-CRC-HE-100K/LYM/LYM-CIGHACYC.tif,LYM
data/NCT-CRC-HE-100K/LYM/LYM-IPYNPIGN.tif,LYM
data/NCT-CRC-HE-100K/LYM/LYM-DHTQFACI.tif,LYM
data/NCT-CRC-HE-100K/LYM/LYM-LNEDAFVQ.tif,LYM
data/NCT-CRC-HE-100K/LYM/LYM-WHRKTCYA.tif,LYM
data/NCT-CRC-HE-100K/LYM/LYM-NQKGVTHN.tif,LYM
data/NCT-CRC-HE-100K/LYM/LYM-AFDGHPTN.tif,LYM
data/NCT-CRC-HE-100K/LYM/LYM-YDYVWADN.tif,LYM
data/NCT-CRC-HE-100K/LYM/LYM-IPGSSNYV.tif,LYM
data/NCT-CRC-HE-100K/LYM/LYM-HKPSECTV.tif,LYM
data/NCT-CRC-HE-100K/LYM/LYM-WMLRMWPK.tif,LYM
data/NCT-CRC-HE-100K/LYM/LYM-GCGQWTST.tif,LYM
data/NCT-CRC-HE-100K/LYM/LYM-IFCMWYNI.tif,LYM
data/NCT-CRC-HE-100K/LYM/LYM-MKVWQLPF.tif,LYM
data/NCT-CRC-HE-100K/LYM/LYM-RTHDTDNM.tif,LYM
data/NCT-CRC-HE-100K/LYM/LYM-VVQGLYTP.tif,LYM
data/NCT-CRC-HE-100K/LYM/LYM-EGCIENEI.tif,LYM
data/NCT-CRC-HE-100K/LYM/LYM-FTVNFRDW.tif,LYM
data/NCT-CRC-HE-100K/LYM/LYM-GPWYNFGN.tif,LYM
data/NCT-CRC-HE-100K/LYM/LYM-TAVETAFT.tif,LYM
data/NCT-CRC-HE-100K/LYM/LYM-VGALIANQ.tif,LYM
data/NCT-CRC-HE-100K/LYM/LYM-TSRHWCQT.tif,LYM
data/NCT-CRC-HE-100K/LYM/LYM-DEEKVNQH.tif,LYM
data/NCT-CRC-HE-100K/LYM/LYM-NKPLTQMP.tif,LYM
data/NCT-CRC-HE-100K/LYM/LYM-KDNEQMSE.tif,LYM
data/NCT-CRC-HE-100K/LYM/LYM-YPALNVQF.tif,LYM
data/NCT-CRC-HE-100K/LYM/LYM-YEADRWQH.tif,LYM
data/NCT-CRC-HE-100K/LYM/LYM-IHWPKKVN.tif,LYM
data/NCT-CRC-HE-100K/LYM/LYM-ADWSPWDR.tif,LYM
data/NCT-CRC-HE-100K/LYM/LYM-ATPAFGPE.tif,LYM
data/NCT-CRC-HE-100K/LYM/LYM-VDQMREHQ.tif,LYM
data/NCT-CRC-HE-100K/LYM/LYM-FLPVHAWG.tif,LYM
data/NCT-CRC-HE-100K/LYM/LYM-LIYKHPMH.tif,LYM
data/NCT-CRC-HE-100K/LYM/LYM-NHPWDNQM.tif,LYM
data/NCT-CRC-HE-100K/LYM/LYM-HQGSNYGV.tif,LYM
data/NCT-CRC-HE-100K/LYM/LYM-TMHYHANA.tif,LYM
data/NCT-CRC-HE-100K/LYM/LYM-SMMWWIYM.tif,LYM
data/NCT-CRC-HE-100K/LYM/LYM-GPGLHNLP.tif,LYM
data/NCT-CRC-HE-100K/LYM/LYM-AVKRPKKY.tif,LYM
data/NCT-CRC-HE-100K/LYM/LYM-WELNCAAE.tif,LYM
data/NCT-CRC-HE-100K/LYM/LYM-SILNGCER.tif,LYM
data/NCT-CRC-HE-100K/LYM/LYM-GIHQNIVH.tif,LYM
data/NCT-CRC-HE-100K/LYM/LYM-PTEQMDEQ.tif,LYM
data/NCT-CRC-HE-100K/LYM/LYM-SLRMFKTP.tif,LYM
data/NCT-CRC-HE-100K/LYM/LYM-WNRSEAMA.tif,LYM
data/NCT-CRC-HE-100K/LYM/LYM-PQTKTWYC.tif,LYM
data/NCT-CRC-HE-100K/LYM/LYM-TSQTQSGF.tif,LYM
data/NCT-CRC-HE-100K/LYM/LYM-VLNYMTHG.tif,LYM
data/NCT-CRC-HE-100K/LYM/LYM-LNDNNEQF.tif,LYM
data/NCT-CRC-HE-100K/LYM/LYM-MHPIVGHS.tif,LYM
data/NCT-CRC-HE-100K/LYM/LYM-EIEKWQHF.tif,LYM
data/NCT-CRC-HE-100K/LYM/LYM-ALCLRYNL.tif,LYM
data/NCT-CRC-HE-100K/LYM/LYM-NRVMVIAP.tif,LYM
data/NCT-CRC-HE-100K/LYM/LYM-MGWDRDSA.tif,LYM
data/NCT-CRC-HE-100K/LYM/LYM-GFYIMSMD.tif,LYM
data/NCT-CRC-HE-100K/LYM/LYM-QNKCFVSL.tif,LYM
data/NCT-CRC-HE-100K/LYM/LYM-HLNMWTIE.tif,LYM
data/NCT-CRC-HE-100K/LYM/LYM-YFIKSQRY.tif,LYM
data/NCT-CRC-HE-100K/LYM/LYM-VYEGNTLC.tif,LYM
data/NCT-CRC-HE-100K/LYM/LYM-VTEDRRGI.tif,LYM
data/NCT-CRC-HE-100K/LYM/LYM-MTECTYLS.tif,LYM
data/NCT-CRC-HE-100K/LYM/LYM-TWVSWWTV.tif,LYM
data/NCT-CRC-HE-100K/LYM/LYM-AKCEMIIW.tif,LYM
data/NCT-CRC-HE-100K/LYM/LYM-WVDWPMKW.tif,LYM
data/NCT-CRC-HE-100K/LYM/LYM-GHLVHFVM.tif,LYM
data/NCT-CRC-HE-100K/LYM/LYM-VIDCRYQR.tif,LYM
data/NCT-CRC-HE-100K/LYM/LYM-QYYMLGCE.tif,LYM
data/NCT-CRC-HE-100K/LYM/LYM-NNNDFIST.tif,LYM
data/NCT-CRC-HE-100K/LYM/LYM-NADNLQDE.tif,LYM
data/NCT-CRC-HE-100K/LYM/LYM-FNNIIIYD.tif,LYM
data/NCT-CRC-HE-100K/LYM/LYM-FHMQAIIM.tif,LYM
data/NCT-CRC-HE-100K/LYM/LYM-YEHFSPYL.tif,LYM
data/NCT-CRC-HE-100K/LYM/LYM-PCFSMLIE.tif,LYM
data/NCT-CRC-HE-100K/LYM/LYM-MRQGYYST.tif,LYM
data/NCT-CRC-HE-100K/LYM/LYM-PMPQRACR.tif,LYM
data/NCT-CRC-HE-100K/LYM/LYM-HCVVENMM.tif,LYM
data/NCT-CRC-HE-100K/LYM/LYM-IETNTDNP.tif,LYM
data/NCT-CRC-HE-100K/LYM/LYM-CTLGHQPR.tif,LYM
data/NCT-CRC-HE-100K/LYM/LYM-YVLLWTAA.tif,LYM
data/NCT-CRC-HE-100K/LYM/LYM-FLLWDEFK.tif,LYM
data/NCT-CRC-HE-100K/LYM/LYM-TCVLLEWH.tif,LYM
data/NCT-CRC-HE-100K/LYM/LYM-ACICLMVW.tif,LYM
data/NCT-CRC-HE-100K/LYM/LYM-KNWRNEDQ.tif,LYM
data/NCT-CRC-HE-100K/LYM/LYM-GFFENTFW.tif,LYM
data/NCT-CRC-HE-100K/LYM/LYM-DTWRYETY.tif,LYM
data/NCT-CRC-HE-100K/LYM/LYM-FHRSVQND.tif,LYM
data/NCT-CRC-HE-100K/LYM/LYM-IDPRHEHG.tif,LYM
data/NCT-CRC-HE-100K/LYM/LYM-GACPHYFD.tif,LYM
data/NCT-CRC-HE-100K/LYM/LYM-NECKILVS.tif,LYM
data/NCT-CRC-HE-100K/LYM/LYM-IGSYHAEI.tif,LYM
data/NCT-CRC-HE-100K/LYM/LYM-RRWENSWK.tif,LYM
data/NCT-CRC-HE-100K/LYM/LYM-WFMTLEAL.tif,LYM
data/NCT-CRC-HE-100K/LYM/LYM-NTMGCNLH.tif,LYM
data/NCT-CRC-HE-100K/LYM/LYM-LDYFTCEA.tif,LYM
data/NCT-CRC-HE-100K/LYM/LYM-SFNWHKPD.tif,LYM
data/NCT-CRC-HE-100K/LYM/LYM-NWKTMFWI.tif,LYM
data/NCT-CRC-HE-100K/LYM/LYM-QVYMRRHG.tif,LYM
data/NCT-CRC-HE-100K/LYM/LYM-QCTEQFYE.tif,LYM
data/NCT-CRC-HE-100K/LYM/LYM-EKNINMPP.tif,LYM
data/NCT-CRC-HE-100K/LYM/LYM-IDTTTRCM.tif,LYM
data/NCT-CRC-HE-100K/LYM/LYM-VCPDLGDQ.tif,LYM
data/NCT-CRC-HE-100K/LYM/LYM-LAIRNEWA.tif,LYM
data/NCT-CRC-HE-100K/LYM/LYM-IGYYLGVQ.tif,LYM
data/NCT-CRC-HE-100K/LYM/LYM-IERPPCKE.tif,LYM
data/NCT-CRC-HE-100K/LYM/LYM-KDKKTVDQ.tif,LYM
data/NCT-CRC-HE-100K/LYM/LYM-MPEPVPIF.tif,LYM
data/NCT-CRC-HE-100K/LYM/LYM-VEKAAGWT.tif,LYM
data/NCT-CRC-HE-100K/LYM/LYM-APSLNQWY.tif,LYM
data/NCT-CRC-HE-100K/LYM/LYM-RDNRGFAM.tif,LYM
data/NCT-CRC-HE-100K/LYM/LYM-WGFNYSLK.tif,LYM
data/NCT-CRC-HE-100K/LYM/LYM-RMSNLARP.tif,LYM
data/NCT-CRC-HE-100K/LYM/LYM-RFDSMCEA.tif,LYM
data/NCT-CRC-HE-100K/LYM/LYM-GSFLGFPP.tif,LYM
data/NCT-CRC-HE-100K/LYM/LYM-NVEKENCS.tif,LYM
data/NCT-CRC-HE-100K/LYM/LYM-ITCFFANS.tif,LYM
data/NCT-CRC-HE-100K/LYM/LYM-WMRNHFGF.tif,LYM
data/NCT-CRC-HE-100K/LYM/LYM-NIRKQAGI.tif,LYM
data/NCT-CRC-HE-100K/LYM/LYM-CAVITWVE.tif,LYM
data/NCT-CRC-HE-100K/LYM/LYM-ANNAENTY.tif,LYM
data/NCT-CRC-HE-100K/LYM/LYM-NPDSMWWM.tif,LYM
data/NCT-CRC-HE-100K/LYM/LYM-SRHACATS.tif,LYM
data/NCT-CRC-HE-100K/LYM/LYM-DLVLHPPT.tif,LYM
data/NCT-CRC-HE-100K/LYM/LYM-IWTRNVRH.tif,LYM
data/NCT-CRC-HE-100K/LYM/LYM-ARACYGRL.tif,LYM
data/NCT-CRC-HE-100K/LYM/LYM-ATFTRRWQ.tif,LYM
data/NCT-CRC-HE-100K/LYM/LYM-QYKADLTY.tif,LYM
data/NCT-CRC-HE-100K/LYM/LYM-MWQVRPQL.tif,LYM
data/NCT-CRC-HE-100K/LYM/LYM-SCTYPGEG.tif,LYM
data/NCT-CRC-HE-100K/LYM/LYM-LWHNHSQK.tif,LYM
data/NCT-CRC-HE-100K/LYM/LYM-SMTRRVLL.tif,LYM
data/NCT-CRC-HE-100K/LYM/LYM-QHIKKHPL.tif,LYM
data/NCT-CRC-HE-100K/LYM/LYM-RTHILSKR.tif,LYM
data/NCT-CRC-HE-100K/LYM/LYM-PMRPFVMR.tif,LYM
data/NCT-CRC-HE-100K/LYM/LYM-SRIPAMNF.tif,LYM
data/NCT-CRC-HE-100K/LYM/LYM-YWVAGQVP.tif,LYM
data/NCT-CRC-HE-100K/LYM/LYM-QKSMILLQ.tif,LYM
data/NCT-CRC-HE-100K/LYM/LYM-TIITTIKS.tif,LYM
data/NCT-CRC-HE-100K/LYM/LYM-GFKHNELK.tif,LYM
data/NCT-CRC-HE-100K/LYM/LYM-TPKCSSRM.tif,LYM
data/NCT-CRC-HE-100K/LYM/LYM-AQRVHASR.tif,LYM
data/NCT-CRC-HE-100K/LYM/LYM-VDVHIFGV.tif,LYM
data/NCT-CRC-HE-100K/LYM/LYM-MCRLTQII.tif,LYM
data/NCT-CRC-HE-100K/LYM/LYM-GYPITLNI.tif,LYM
data/NCT-CRC-HE-100K/LYM/LYM-KTLCHNQF.tif,LYM
data/NCT-CRC-HE-100K/LYM/LYM-PCTVAPDD.tif,LYM
data/NCT-CRC-HE-100K/LYM/LYM-CWEQWWIV.tif,LYM
data/NCT-CRC-HE-100K/LYM/LYM-HFVCEITV.tif,LYM
data/NCT-CRC-HE-100K/LYM/LYM-DTAQHMKG.tif,LYM
data/NCT-CRC-HE-100K/LYM/LYM-FQLAFKQL.tif,LYM
data/NCT-CRC-HE-100K/LYM/LYM-VDITQTEE.tif,LYM
data/NCT-CRC-HE-100K/LYM/LYM-PSTCVSMC.tif,LYM
data/NCT-CRC-HE-100K/LYM/LYM-EPTIAHDQ.tif,LYM
data/NCT-CRC-HE-100K/LYM/LYM-LAPAADIW.tif,LYM
data/NCT-CRC-HE-100K/LYM/LYM-PIIIWNMC.tif,LYM
data/NCT-CRC-HE-100K/LYM/LYM-YPRTEIVQ.tif,LYM
data/NCT-CRC-HE-100K/LYM/LYM-FICCYSNK.tif,LYM
data/NCT-CRC-HE-100K/LYM/LYM-QVAQMEWA.tif,LYM
data/NCT-CRC-HE-100K/LYM/LYM-IEPRKIKT.tif,LYM
data/NCT-CRC-HE-100K/LYM/LYM-QWMEVPCY.tif,LYM
data/NCT-CRC-HE-100K/LYM/LYM-LQWHDVLI.tif,LYM
data/NCT-CRC-HE-100K/LYM/LYM-RVAWAWVL.tif,LYM
data/NCT-CRC-HE-100K/LYM/LYM-HICEPKDQ.tif,LYM
data/NCT-CRC-HE-100K/LYM/LYM-CGWFLPLS.tif,LYM
data/NCT-CRC-HE-100K/LYM/LYM-MFMAKWWY.tif,LYM
data/NCT-CRC-HE-100K/LYM/LYM-RLFYDAVS.tif,LYM
data/NCT-CRC-HE-100K/LYM/LYM-IMIKQCYD.tif,LYM
data/NCT-CRC-HE-100K/LYM/LYM-NCANANMN.tif,LYM
data/NCT-CRC-HE-100K/LYM/LYM-SDPCCVSP.tif,LYM
data/NCT-CRC-HE-100K/LYM/LYM-TTREQGNP.tif,LYM
data/NCT-CRC-HE-100K/LYM/LYM-DSIQPITI.tif,LYM
data/NCT-CRC-HE-100K/LYM/LYM-EQHIENPR.tif,LYM
data/NCT-CRC-HE-100K/LYM/LYM-RGKWTQFF.tif,LYM
data/NCT-CRC-HE-100K/LYM/LYM-EWMWWQCL.tif,LYM
data/NCT-CRC-HE-100K/LYM/LYM-FCQKPGQQ.tif,LYM
data/NCT-CRC-HE-100K/LYM/LYM-CTVMTIAH.tif,LYM
data/NCT-CRC-HE-100K/LYM/LYM-LQFKQCCQ.tif,LYM
data/NCT-CRC-HE-100K/LYM/LYM-GMEKKIVL.tif,LYM
data/NCT-CRC-HE-100K/LYM/LYM-CGPIGLDE.tif,LYM
data/NCT-CRC-HE-100K/LYM/LYM-ASATHMVF.tif,LYM
data/NCT-CRC-HE-100K/LYM/LYM-QVIHCYSP.tif,LYM
data/NCT-CRC-HE-100K/LYM/LYM-DGQQYAQG.tif,LYM
data/NCT-CRC-HE-100K/LYM/LYM-TFNHNYHM.tif,LYM
data/NCT-CRC-HE-100K/LYM/LYM-RTDQFADV.tif,LYM
data/NCT-CRC-HE-100K/LYM/LYM-CKWINAMK.tif,LYM
data/NCT-CRC-HE-100K/LYM/LYM-QEIILWDI.tif,LYM
data/NCT-CRC-HE-100K/LYM/LYM-SWIQGNPV.tif,LYM
data/NCT-CRC-HE-100K/LYM/LYM-ESWNNWVC.tif,LYM
data/NCT-CRC-HE-100K/LYM/LYM-IIFCKKMW.tif,LYM
data/NCT-CRC-HE-100K/LYM/LYM-DIMYAQRN.tif,LYM
data/NCT-CRC-HE-100K/LYM/LYM-KQGSRDNE.tif,LYM
data/NCT-CRC-HE-100K/LYM/LYM-MDGLDVCM.tif,LYM
data/NCT-CRC-HE-100K/LYM/LYM-EQNCGTRM.tif,LYM
data/NCT-CRC-HE-100K/LYM/LYM-QFAHEMVH.tif,LYM
data/NCT-CRC-HE-100K/LYM/LYM-MLVAEGRI.tif,LYM
data/NCT-CRC-HE-100K/LYM/LYM-LKFWVEYH.tif,LYM
data/NCT-CRC-HE-100K/LYM/LYM-DWAKNQRW.tif,LYM
data/NCT-CRC-HE-100K/LYM/LYM-VPHVQIPN.tif,LYM
data/NCT-CRC-HE-100K/LYM/LYM-EEAQAPFL.tif,LYM
data/NCT-CRC-HE-100K/LYM/LYM-KSSSYKPI.tif,LYM
data/NCT-CRC-HE-100K/LYM/LYM-WNFPSNPM.tif,LYM
data/NCT-CRC-HE-100K/LYM/LYM-KTQYVESC.tif,LYM
data/NCT-CRC-HE-100K/LYM/LYM-TKSFEPLW.tif,LYM
data/NCT-CRC-HE-100K/LYM/LYM-MHQGLTRK.tif,LYM
data/NCT-CRC-HE-100K/LYM/LYM-GCSSDFLA.tif,LYM
data/NCT-CRC-HE-100K/LYM/LYM-AESNKMLW.tif,LYM
data/NCT-CRC-HE-100K/LYM/LYM-WNDECNDI.tif,LYM
data/NCT-CRC-HE-100K/LYM/LYM-QKVQDDPD.tif,LYM
data/NCT-CRC-HE-100K/LYM/LYM-NHQEECCV.tif,LYM
data/NCT-CRC-HE-100K/LYM/LYM-VVAQVDTL.tif,LYM
data/NCT-CRC-HE-100K/LYM/LYM-HCMTFFDM.tif,LYM
data/NCT-CRC-HE-100K/LYM/LYM-DPQITMFP.tif,LYM
data/NCT-CRC-HE-100K/LYM/LYM-NRAMCPTY.tif,LYM
data/NCT-CRC-HE-100K/LYM/LYM-QSPVWFPG.tif,LYM
data/NCT-CRC-HE-100K/LYM/LYM-PDIWMESF.tif,LYM
data/NCT-CRC-HE-100K/LYM/LYM-WWKIDEVM.tif,LYM
data/NCT-CRC-HE-100K/LYM/LYM-MQAHQSDP.tif,LYM
data/NCT-CRC-HE-100K/LYM/LYM-PCHPMHFN.tif,LYM
data/NCT-CRC-HE-100K/LYM/LYM-GTYCNLNA.tif,LYM
data/NCT-CRC-HE-100K/LYM/LYM-NWICCRIF.tif,LYM
data/NCT-CRC-HE-100K/LYM/LYM-VRLGYPDF.tif,LYM
data/NCT-CRC-HE-100K/LYM/LYM-GKPFKRWC.tif,LYM
data/NCT-CRC-HE-100K/LYM/LYM-IPYFEGRS.tif,LYM
data/NCT-CRC-HE-100K/LYM/LYM-DCRAHCEM.tif,LYM
data/NCT-CRC-HE-100K/LYM/LYM-QDMIHGKP.tif,LYM
data/NCT-CRC-HE-100K/LYM/LYM-LEYCWRFL.tif,LYM
data/NCT-CRC-HE-100K/LYM/LYM-MGPPLCQA.tif,LYM
data/NCT-CRC-HE-100K/LYM/LYM-KHLGIQPQ.tif,LYM
data/NCT-CRC-HE-100K/LYM/LYM-PQYFHSVS.tif,LYM
data/NCT-CRC-HE-100K/LYM/LYM-LSDPQEQV.tif,LYM
data/NCT-CRC-HE-100K/LYM/LYM-IAKWPENP.tif,LYM
data/NCT-CRC-HE-100K/LYM/LYM-FNYGCWLC.tif,LYM
data/NCT-CRC-HE-100K/LYM/LYM-QAHTDRYM.tif,LYM
data/NCT-CRC-HE-100K/LYM/LYM-YYNKAIEC.tif,LYM
data/NCT-CRC-HE-100K/LYM/LYM-LQEQYVWS.tif,LYM
data/NCT-CRC-HE-100K/LYM/LYM-HFTKCVLA.tif,LYM
data/NCT-CRC-HE-100K/LYM/LYM-RCGYILDR.tif,LYM
data/NCT-CRC-HE-100K/LYM/LYM-DSRLSINL.tif,LYM
data/NCT-CRC-HE-100K/LYM/LYM-SEMFSTPH.tif,LYM
data/NCT-CRC-HE-100K/LYM/LYM-TPCPTENY.tif,LYM
data/NCT-CRC-HE-100K/LYM/LYM-VCFELLSG.tif,LYM
data/NCT-CRC-HE-100K/LYM/LYM-LCSMARMD.tif,LYM
data/NCT-CRC-HE-100K/LYM/LYM-FYCNEKYT.tif,LYM
data/NCT-CRC-HE-100K/LYM/LYM-DMSLGSQE.tif,LYM
data/NCT-CRC-HE-100K/LYM/LYM-WQLGWDPA.tif,LYM
data/NCT-CRC-HE-100K/LYM/LYM-LATIMKMM.tif,LYM
data/NCT-CRC-HE-100K/LYM/LYM-FPLKGQIT.tif,LYM
data/NCT-CRC-HE-100K/LYM/LYM-ITCQAQGY.tif,LYM
data/NCT-CRC-HE-100K/LYM/LYM-MDAFGGLR.tif,LYM
data/NCT-CRC-HE-100K/LYM/LYM-WRHHSMQS.tif,LYM
data/NCT-CRC-HE-100K/LYM/LYM-EHSNKAQK.tif,LYM
data/NCT-CRC-HE-100K/LYM/LYM-EFHTAQPE.tif,LYM
data/NCT-CRC-HE-100K/LYM/LYM-MQWLNRSP.tif,LYM
data/NCT-CRC-HE-100K/LYM/LYM-LFDMEGQA.tif,LYM
data/NCT-CRC-HE-100K/LYM/LYM-LIDEWNNH.tif,LYM
data/NCT-CRC-HE-100K/LYM/LYM-KVILPFTN.tif,LYM
data/NCT-CRC-HE-100K/LYM/LYM-LMIGPKPL.tif,LYM
data/NCT-CRC-HE-100K/LYM/LYM-GIEKQTSY.tif,LYM
data/NCT-CRC-HE-100K/LYM/LYM-WNVLFIWH.tif,LYM
data/NCT-CRC-HE-100K/LYM/LYM-WIDVYILH.tif,LYM
data/NCT-CRC-HE-100K/LYM/LYM-KQGINTMS.tif,LYM
data/NCT-CRC-HE-100K/LYM/LYM-WARYRCMA.tif,LYM
data/NCT-CRC-HE-100K/LYM/LYM-FTCDHDER.tif,LYM
data/NCT-CRC-HE-100K/LYM/LYM-SSIFARSI.tif,LYM
data/NCT-CRC-HE-100K/LYM/LYM-FLTFDIVR.tif,LYM
data/NCT-CRC-HE-100K/LYM/LYM-QKWPRQQR.tif,LYM
data/NCT-CRC-HE-100K/LYM/LYM-HVCRALSF.tif,LYM
data/NCT-CRC-HE-100K/LYM/LYM-DHSISHPD.tif,LYM
data/NCT-CRC-HE-100K/LYM/LYM-RTGGKKMQ.tif,LYM
data/NCT-CRC-HE-100K/LYM/LYM-IKERMPRW.tif,LYM
data/NCT-CRC-HE-100K/LYM/LYM-YYTHVDQP.tif,LYM
data/NCT-CRC-HE-100K/LYM/LYM-EAKFDRQM.tif,LYM
data/NCT-CRC-HE-100K/LYM/LYM-CLGTFHKE.tif,LYM
data/NCT-CRC-HE-100K/LYM/LYM-DNQKKRVC.tif,LYM
data/NCT-CRC-HE-100K/LYM/LYM-MYCSPAQN.tif,LYM
data/NCT-CRC-HE-100K/LYM/LYM-QCRIITKW.tif,LYM
data/NCT-CRC-HE-100K/LYM/LYM-QRPRFLDY.tif,LYM
data/NCT-CRC-HE-100K/LYM/LYM-WRRMVQLL.tif,LYM
data/NCT-CRC-HE-100K/LYM/LYM-EYESTSVM.tif,LYM
data/NCT-CRC-HE-100K/LYM/LYM-EYCVLIEW.tif,LYM
data/NCT-CRC-HE-100K/LYM/LYM-CQEKMQYK.tif,LYM
data/NCT-CRC-HE-100K/LYM/LYM-EFWENWTW.tif,LYM
data/NCT-CRC-HE-100K/LYM/LYM-FGDGIMNW.tif,LYM
data/NCT-CRC-HE-100K/LYM/LYM-VTRVKEYT.tif,LYM
data/NCT-CRC-HE-100K/LYM/LYM-EKISMTIY.tif,LYM
data/NCT-CRC-HE-100K/LYM/LYM-NHLRHKWF.tif,LYM
data/NCT-CRC-HE-100K/LYM/LYM-DQWMKADM.tif,LYM
data/NCT-CRC-HE-100K/LYM/LYM-KAPPILHK.tif,LYM
data/NCT-CRC-HE-100K/LYM/LYM-DKDRTWGH.tif,LYM
data/NCT-CRC-HE-100K/LYM/LYM-THIIHEFY.tif,LYM
data/NCT-CRC-HE-100K/LYM/LYM-TKWSSPRV.tif,LYM
data/NCT-CRC-HE-100K/LYM/LYM-HECWRAYR.tif,LYM
data/NCT-CRC-HE-100K/LYM/LYM-KQCQRGEF.tif,LYM
data/NCT-CRC-HE-100K/LYM/LYM-NGSQINAG.tif,LYM
data/NCT-CRC-HE-100K/LYM/LYM-FVRYHNKV.tif,LYM
data/NCT-CRC-HE-100K/LYM/LYM-SATSCCHN.tif,LYM
data/NCT-CRC-HE-100K/LYM/LYM-PSGMNGDE.tif,LYM
data/NCT-CRC-HE-100K/LYM/LYM-YWLWQCIL.tif,LYM
data/NCT-CRC-HE-100K/LYM/LYM-VQQWPHPT.tif,LYM
data/NCT-CRC-HE-100K/LYM/LYM-FYFGGAIM.tif,LYM
data/NCT-CRC-HE-100K/LYM/LYM-WGQNCWGE.tif,LYM
data/NCT-CRC-HE-100K/LYM/LYM-NHEFKHLQ.tif,LYM
data/NCT-CRC-HE-100K/LYM/LYM-IKSIFTYK.tif,LYM
data/NCT-CRC-HE-100K/LYM/LYM-GANKMNGC.tif,LYM
data/NCT-CRC-HE-100K/LYM/LYM-FNNYVNAG.tif,LYM
data/NCT-CRC-HE-100K/LYM/LYM-HAFWTQNW.tif,LYM
data/NCT-CRC-HE-100K/LYM/LYM-VYPKRLWK.tif,LYM
data/NCT-CRC-HE-100K/LYM/LYM-RRARAYGY.tif,LYM
data/NCT-CRC-HE-100K/LYM/LYM-MDTQTAPY.tif,LYM
data/NCT-CRC-HE-100K/MUC/MUC-TWITCAYD.tif,MUC
data/NCT-CRC-HE-100K/MUC/MUC-EKHHCFAC.tif,MUC
data/NCT-CRC-HE-100K/MUC/MUC-PFHACELK.tif,MUC
data/NCT-CRC-HE-100K/MUC/MUC-YCKYAHVN.tif,MUC
data/NCT-CRC-HE-100K/MUC/MUC-SQVVSKWN.tif,MUC
data/NCT-CRC-HE-100K/MUC/MUC-NEFSVTPW.tif,MUC
data/NCT-CRC-HE-100K/MUC/MUC-VAINFFYM.tif,MUC
data/NCT-CRC-HE-100K/MUC/MUC-DEKLALKP.tif,MUC
data/NCT-CRC-HE-100K/MUC/MUC-GFIPWIND.tif,MUC
data/NCT-CRC-HE-100K/MUC/MUC-PWPGVYTD.tif,MUC
data/NCT-CRC-HE-100K/MUC/MUC-HLNWRQYV.tif,MUC
data/NCT-CRC-HE-100K/MUC/MUC-WMIGSPLH.tif,MUC
data/NCT-CRC-HE-100K/MUC/MUC-KHQCQDMG.tif,MUC
data/NCT-CRC-HE-100K/MUC/MUC-KMHTHQNG.tif,MUC
data/NCT-CRC-HE-100K/MUC/MUC-DLYASHPS.tif,MUC
data/NCT-CRC-HE-100K/MUC/MUC-FPVWHFGR.tif,MUC
data/NCT-CRC-HE-100K/MUC/MUC-TGRMLTAN.tif,MUC
data/NCT-CRC-HE-100K/MUC/MUC-TCPGIMAP.tif,MUC
data/NCT-CRC-HE-100K/MUC/MUC-ERSFAVHY.tif,MUC
data/NCT-CRC-HE-100K/MUC/MUC-QHIEDSQG.tif,MUC
data/NCT-CRC-HE-100K/MUC/MUC-KGLDGRYI.tif,MUC
data/NCT-CRC-HE-100K/MUC/MUC-FLIKMVQQ.tif,MUC
data/NCT-CRC-HE-100K/MUC/MUC-NVCQQIDH.tif,MUC
data/NCT-CRC-HE-100K/MUC/MUC-FYWSVCNS.tif,MUC
data/NCT-CRC-HE-100K/MUC/MUC-IHGSFYTW.tif,MUC
data/NCT-CRC-HE-100K/MUC/MUC-KRLSWVSG.tif,MUC
data/NCT-CRC-HE-100K/MUC/MUC-NNTWKAWI.tif,MUC
data/NCT-CRC-HE-100K/MUC/MUC-WIRWTSWK.tif,MUC
data/NCT-CRC-HE-100K/MUC/MUC-PQRVPEFC.tif,MUC
data/NCT-CRC-HE-100K/MUC/MUC-VTAWAAIC.tif,MUC
data/NCT-CRC-HE-100K/MUC/MUC-WQMYNVIA.tif,MUC
data/NCT-CRC-HE-100K/MUC/MUC-LWPALKFP.tif,MUC
data/NCT-CRC-HE-100K/MUC/MUC-MYARHMDQ.tif,MUC
data/NCT-CRC-HE-100K/MUC/MUC-APYGRAYE.tif,MUC
data/NCT-CRC-HE-100K/MUC/MUC-HPWAVGAD.tif,MUC
data/NCT-CRC-HE-100K/MUC/MUC-LYSTLVAQ.tif,MUC
data/NCT-CRC-HE-100K/MUC/MUC-IEQWMARA.tif,MUC
data/NCT-CRC-HE-100K/MUC/MUC-WMSFIPGA.tif,MUC
data/NCT-CRC-HE-100K/MUC/MUC-FDDAMVCL.tif,MUC
data/NCT-CRC-HE-100K/MUC/MUC-NMDFGATK.tif,MUC
data/NCT-CRC-HE-100K/MUC/MUC-TGMFWVFP.tif,MUC
data/NCT-CRC-HE-100K/MUC/MUC-HKSDHNAW.tif,MUC
data/NCT-CRC-HE-100K/MUC/MUC-FCTIRNCW.tif,MUC
data/NCT-CRC-HE-100K/MUC/MUC-CTETKHRL.tif,MUC
data/NCT-CRC-HE-100K/MUC/MUC-TWDWWVDL.tif,MUC
data/NCT-CRC-HE-100K/MUC/MUC-YMWKCNFP.tif,MUC
data/NCT-CRC-HE-100K/MUC/MUC-YLTGTHYC.tif,MUC
data/NCT-CRC-HE-100K/MUC/MUC-QVYGPLAS.tif,MUC
data/NCT-CRC-HE-100K/MUC/MUC-SMPTLVCN.tif,MUC
data/NCT-CRC-HE-100K/MUC/MUC-NQLLWLMC.tif,MUC
data/NCT-CRC-HE-100K/MUC/MUC-PLDWGEVA.tif,MUC
data/NCT-CRC-HE-100K/MUC/MUC-KICLLQAH.tif,MUC
data/NCT-CRC-HE-100K/MUC/MUC-PELSFIMI.tif,MUC
data/NCT-CRC-HE-100K/MUC/MUC-WHIHGYPY.tif,MUC
data/NCT-CRC-HE-100K/MUC/MUC-GIVPHHED.tif,MUC
data/NCT-CRC-HE-100K/MUC/MUC-YFFNHKAH.tif,MUC
data/NCT-CRC-HE-100K/MUC/MUC-AWLAEWGF.tif,MUC
data/NCT-CRC-HE-100K/MUC/MUC-VTQPDCVY.tif,MUC
data/NCT-CRC-HE-100K/MUC/MUC-GFEYQHMV.tif,MUC
data/NCT-CRC-HE-100K/MUC/MUC-AAVNSYQL.tif,MUC
data/NCT-CRC-HE-100K/MUC/MUC-EEEYQQQI.tif,MUC
data/NCT-CRC-HE-100K/MUC/MUC-AQDMTFES.tif,MUC
data/NCT-CRC-HE-100K/MUC/MUC-GEILLWHS.tif,MUC
data/NCT-CRC-HE-100K/MUC/MUC-FCPCMKSC.tif,MUC
data/NCT-CRC-HE-100K/MUC/MUC-DDFTAYFL.tif,MUC
data/NCT-CRC-HE-100K/MUC/MUC-NTGHPEQI.tif,MUC
data/NCT-CRC-HE-100K/MUC/MUC-NMEENNEG.tif,MUC
data/NCT-CRC-HE-100K/MUC/MUC-IDHMQIIE.tif,MUC
data/NCT-CRC-HE-100K/MUC/MUC-DKIDRADQ.tif,MUC
data/NCT-CRC-HE-100K/MUC/MUC-CSVQVRCQ.tif,MUC
data/NCT-CRC-HE-100K/MUC/MUC-KLEICECY.tif,MUC
data/NCT-CRC-HE-100K/MUC/MUC-HNFGRGQW.tif,MUC
data/NCT-CRC-HE-100K/MUC/MUC-QGVETNIR.tif,MUC
data/NCT-CRC-HE-100K/MUC/MUC-RDYDMRVY.tif,MUC
data/NCT-CRC-HE-100K/MUC/MUC-QPQGKHYV.tif,MUC
data/NCT-CRC-HE-100K/MUC/MUC-SMCADGPE.tif,MUC
data/NCT-CRC-HE-100K/MUC/MUC-IQQEVHIG.tif,MUC
data/NCT-CRC-HE-100K/MUC/MUC-RMKLDWRT.tif,MUC
data/NCT-CRC-HE-100K/MUC/MUC-CKWMWSTI.tif,MUC
data/NCT-CRC-HE-100K/MUC/MUC-KFAWMWNA.tif,MUC
data/NCT-CRC-HE-100K/MUC/MUC-AFTYGWME.tif,MUC
data/NCT-CRC-HE-100K/MUC/MUC-TMLHQINK.tif,MUC
data/NCT-CRC-HE-100K/MUC/MUC-AIGGYGHM.tif,MUC
data/NCT-CRC-HE-100K/MUC/MUC-SHYTVYKM.tif,MUC
data/NCT-CRC-HE-100K/MUC/MUC-GQHPDVRQ.tif,MUC
data/NCT-CRC-HE-100K/MUC/MUC-IIIYHYSC.tif,MUC
data/NCT-CRC-HE-100K/MUC/MUC-DKVAWTLP.tif,MUC
data/NCT-CRC-HE-100K/MUC/MUC-FTACSCMN.tif,MUC
data/NCT-CRC-HE-100K/MUC/MUC-NPPASGIN.tif,MUC
data/NCT-CRC-HE-100K/MUC/MUC-MIARPWGT.tif,MUC
data/NCT-CRC-HE-100K/MUC/MUC-MWCNCDGA.tif,MUC
data/NCT-CRC-HE-100K/MUC/MUC-TSRHDEVR.tif,MUC
data/NCT-CRC-HE-100K/MUC/MUC-PPPAMVET.tif,MUC
data/NCT-CRC-HE-100K/MUC/MUC-YIAENVFH.tif,MUC
data/NCT-CRC-HE-100K/MUC/MUC-SGWPMMCP.tif,MUC
data/NCT-CRC-HE-100K/MUC/MUC-WFARWSMD.tif,MUC
data/NCT-CRC-HE-100K/MUC/MUC-PDRPRPGW.tif,MUC
data/NCT-CRC-HE-100K/MUC/MUC-LSNNSATH.tif,MUC
data/NCT-CRC-HE-100K/MUC/MUC-YCLDHTWP.tif,MUC
data/NCT-CRC-HE-100K/MUC/MUC-NFRPSNDH.tif,MUC
data/NCT-CRC-HE-100K/MUC/MUC-TKQWMLHT.tif,MUC
data/NCT-CRC-HE-100K/MUC/MUC-YQTCSTTG.tif,MUC
data/NCT-CRC-HE-100K/MUC/MUC-PFIKIDDS.tif,MUC
data/NCT-CRC-HE-100K/MUC/MUC-RSTTGHFY.tif,MUC
data/NCT-CRC-HE-100K/MUC/MUC-PHSDYPFN.tif,MUC
data/NCT-CRC-HE-100K/MUC/MUC-RVTYMPPR.tif,MUC
data/NCT-CRC-HE-100K/MUC/MUC-MHRQFPMI.tif,MUC
data/NCT-CRC-HE-100K/MUC/MUC-AMELFKHT.tif,MUC
data/NCT-CRC-HE-100K/MUC/MUC-ITWQNPWM.tif,MUC
data/NCT-CRC-HE-100K/MUC/MUC-VGTQFFLF.tif,MUC
data/NCT-CRC-HE-100K/MUC/MUC-NATFHCQY.tif,MUC
data/NCT-CRC-HE-100K/MUC/MUC-RVLAICVE.tif,MUC
data/NCT-CRC-HE-100K/MUC/MUC-SVHWYHRG.tif,MUC
data/NCT-CRC-HE-100K/MUC/MUC-FTLAMMGD.tif,MUC
data/NCT-CRC-HE-100K/MUC/MUC-HPEHNIIQ.tif,MUC
data/NCT-CRC-HE-100K/MUC/MUC-VQLHIQYM.tif,MUC
data/NCT-CRC-HE-100K/MUC/MUC-HYVFYGGL.tif,MUC
data/NCT-CRC-HE-100K/MUC/MUC-HHRVVRKW.tif,MUC
data/NCT-CRC-HE-100K/MUC/MUC-ICRYTDIM.tif,MUC
data/NCT-CRC-HE-100K/MUC/MUC-DWVCTMWW.tif,MUC
data/NCT-CRC-HE-100K/MUC/MUC-LYAGSWEH.tif,MUC
data/NCT-CRC-HE-100K/MUC/MUC-WPCQIPDI.tif,MUC
data/NCT-CRC-HE-100K/MUC/MUC-WRQWTKIV.tif,MUC
data/NCT-CRC-HE-100K/MUC/MUC-HCLFCFFR.tif,MUC
data/NCT-CRC-HE-100K/MUC/MUC-HSYQQNAC.tif,MUC
data/NCT-CRC-HE-100K/MUC/MUC-VYNRTCYQ.tif,MUC
data/NCT-CRC-HE-100K/MUC/MUC-FLNWFGSA.tif,MUC
data/NCT-CRC-HE-100K/MUC/MUC-VTEITCPL.tif,MUC
data/NCT-CRC-HE-100K/MUC/MUC-LDECGWWV.tif,MUC
data/NCT-CRC-HE-100K/MUC/MUC-TCMHIFNI.tif,MUC
data/NCT-CRC-HE-100K/MUC/MUC-HSGKNDKN.tif,MUC
data/NCT-CRC-HE-100K/MUC/MUC-FGYFKCPN.tif,MUC
data/NCT-CRC-HE-100K/MUC/MUC-DCTSAFLF.tif,MUC
data/NCT-CRC-HE-100K/MUC/MUC-YCFRDKCG.tif,MUC
data/NCT-CRC-HE-100K/MUC/MUC-CKDECGKP.tif,MUC
data/NCT-CRC-HE-100K/MUC/MUC-EIRRILDE.tif,MUC
data/NCT-CRC-HE-100K/MUC/MUC-ENIGAWEH.tif,MUC
data/NCT-CRC-HE-100K/MUC/MUC-GDKEWWYM.tif,MUC
data/NCT-CRC-HE-100K/MUC/MUC-GLGTPSHS.tif,MUC
data/NCT-CRC-HE-100K/MUC/MUC-IQQVPRGV.tif,MUC
data/NCT-CRC-HE-100K/MUC/MUC-QGEFYLNY.tif,MUC
data/NCT-CRC-HE-100K/MUC/MUC-QMYHVMVP.tif,MUC
data/NCT-CRC-HE-100K/MUC/MUC-ESAHKIFQ.tif,MUC
data/NCT-CRC-HE-100K/MUC/MUC-EPFYAHSE.tif,MUC
data/NCT-CRC-HE-100K/MUC/MUC-QWKVISMV.tif,MUC
data/NCT-CRC-HE-100K/MUC/MUC-WCTDRPWG.tif,MUC
data/NCT-CRC-HE-100K/MUC/MUC-PIAVQWFV.tif,MUC
data/NCT-CRC-HE-100K/MUC/MUC-YGVSEFRY.tif,MUC
data/NCT-CRC-HE-100K/MUC/MUC-IKRIRFMR.tif,MUC
data/NCT-CRC-HE-100K/MUC/MUC-KFTMASAW.tif,MUC
data/NCT-CRC-HE-100K/MUC/MUC-TLCGAPPW.tif,MUC
data/NCT-CRC-HE-100K/MUC/MUC-MNGTEAKA.tif,MUC
data/NCT-CRC-HE-100K/MUC/MUC-EPCEEEWC.tif,MUC
data/NCT-CRC-HE-100K/MUC/MUC-GFQKREQW.tif,MUC
data/NCT-CRC-HE-100K/MUC/MUC-SLSNACKK.tif,MUC
data/NCT-CRC-HE-100K/MUC/MUC-EPDTIPHR.tif,MUC
data/NCT-CRC-HE-100K/MUC/MUC-HWLPLPCD.tif,MUC
data/NCT-CRC-HE-100K/MUC/MUC-FTYLFMVQ.tif,MUC
data/NCT-CRC-HE-100K/MUC/MUC-HNMMSRYD.tif,MUC
data/NCT-CRC-HE-100K/MUC/MUC-LSHEDHCY.tif,MUC
data/NCT-CRC-HE-100K/MUC/MUC-MEFFYDAY.tif,MUC
data/NCT-CRC-HE-100K/MUC/MUC-NWTHKKHI.tif,MUC
data/NCT-CRC-HE-100K/MUC/MUC-HGSSLIMD.tif,MUC
data/NCT-CRC-HE-100K/MUC/MUC-TMGSIHTQ.tif,MUC
data/NCT-CRC-HE-100K/MUC/MUC-PIMHNQMA.tif,MUC
data/NCT-CRC-HE-100K/MUC/MUC-ESCRMIRA.tif,MUC
data/NCT-CRC-HE-100K/MUC/MUC-EIYKGTTD.tif,MUC
data/NCT-CRC-HE-100K/MUC/MUC-RPWHQWVI.tif,MUC
data/NCT-CRC-HE-100K/MUC/MUC-AIVGYWLF.tif,MUC
data/NCT-CRC-HE-100K/MUC/MUC-DIVGRCAL.tif,MUC
data/NCT-CRC-HE-100K/MUC/MUC-HWPGQRWW.tif,MUC
data/NCT-CRC-HE-100K/MUC/MUC-TDQIHMDE.tif,MUC
data/NCT-CRC-HE-100K/MUC/MUC-LDERQCGR.tif,MUC
data/NCT-CRC-HE-100K/MUC/MUC-PEMVYQFH.tif,MUC
data/NCT-CRC-HE-100K/MUC/MUC-STIGVEVY.tif,MUC
data/NCT-CRC-HE-100K/MUC/MUC-FNSINAVE.tif,MUC
data/NCT-CRC-HE-100K/MUC/MUC-PCRRDYWW.tif,MUC
data/NCT-CRC-HE-100K/MUC/MUC-DMHMISYW.tif,MUC
data/NCT-CRC-HE-100K/MUC/MUC-VTPSMKDW.tif,MUC
data/NCT-CRC-HE-100K/MUC/MUC-WGQFSEFM.tif,MUC
data/NCT-CRC-HE-100K/MUC/MUC-MYMRPWKC.tif,MUC
data/NCT-CRC-HE-100K/MUC/MUC-LAKDELAH.tif,MUC
data/NCT-CRC-HE-100K/MUC/MUC-RENYITCN.tif,MUC
data/NCT-CRC-HE-100K/MUC/MUC-DGNQVCPT.tif,MUC
data/NCT-CRC-HE-100K/MUC/MUC-PSHCAIDE.tif,MUC
data/NCT-CRC-HE-100K/MUC/MUC-PEVAWAPP.tif,MUC
data/NCT-CRC-HE-100K/MUC/MUC-HGQPLNKH.tif,MUC
data/NCT-CRC-HE-100K/MUC/MUC-EIRIRRAM.tif,MUC
data/NCT-CRC-HE-100K/MUC/MUC-MEPTFSYG.tif,MUC
data/NCT-CRC-HE-100K/MUC/MUC-VADLEDPT.tif,MUC
data/NCT-CRC-HE-100K/MUC/MUC-AFFDSIND.tif,MUC
data/NCT-CRC-HE-100K/MUC/MUC-GWLHASDK.tif,MUC
data/NCT-CRC-HE-100K/MUC/MUC-GGIGMLAP.tif,MUC
data/NCT-CRC-HE-100K/MUC/MUC-PKYMTDFS.tif,MUC
data/NCT-CRC-HE-100K/MUC/MUC-TVHGEQDQ.tif,MUC
data/NCT-CRC-HE-100K/MUC/MUC-DNTNMTNS.tif,MUC
data/NCT-CRC-HE-100K/MUC/MUC-RKDYDTCW.tif,MUC
data/NCT-CRC-HE-100K/MUC/MUC-LYWSMKLV.tif,MUC
data/NCT-CRC-HE-100K/MUC/MUC-VICCIPQH.tif,MUC
data/NCT-CRC-HE-100K/MUC/MUC-MKYRSKVD.tif,MUC
data/NCT-CRC-HE-100K/MUC/MUC-CAIGCDAS.tif,MUC
data/NCT-CRC-HE-100K/MUC/MUC-RWLEYHKF.tif,MUC
data/NCT-CRC-HE-100K/MUC/MUC-ATNMQWTI.tif,MUC
data/NCT-CRC-HE-100K/MUC/MUC-TWGECHWW.tif,MUC
data/NCT-CRC-HE-100K/MUC/MUC-FECYLKVY.tif,MUC
data/NCT-CRC-HE-100K/MUC/MUC-FWIYCKHH.tif,MUC
data/NCT-CRC-HE-100K/MUC/MUC-NDASYKAP.tif,MUC
data/NCT-CRC-HE-100K/MUC/MUC-PDRHKAKL.tif,MUC
data/NCT-CRC-HE-100K/MUC/MUC-NACEETDQ.tif,MUC
data/NCT-CRC-HE-100K/MUC/MUC-GRNYFTTK.tif,MUC
data/NCT-CRC-HE-100K/MUC/MUC-WDNGEVHE.tif,MUC
data/NCT-CRC-HE-100K/MUC/MUC-TLSADKNN.tif,MUC
data/NCT-CRC-HE-100K/MUC/MUC-AFNGTVKE.tif,MUC
data/NCT-CRC-HE-100K/MUC/MUC-NWTCTAPI.tif,MUC
data/NCT-CRC-HE-100K/MUC/MUC-GRHGADGN.tif,MUC
data/NCT-CRC-HE-100K/MUC/MUC-SHGYCHDM.tif,MUC
data/NCT-CRC-HE-100K/MUC/MUC-AWQYKDAI.tif,MUC
data/NCT-CRC-HE-100K/MUC/MUC-NAQEFSEG.tif,MUC
data/NCT-CRC-HE-100K/MUC/MUC-HNSIMQGY.tif,MUC
data/NCT-CRC-HE-100K/MUC/MUC-GSMFRSQA.tif,MUC
data/NCT-CRC-HE-100K/MUC/MUC-DYDLFQIP.tif,MUC
data/NCT-CRC-HE-100K/MUC/MUC-SNLDVYHD.tif,MUC
data/NCT-CRC-HE-100K/MUC/MUC-WWIVTQIR.tif,MUC
data/NCT-CRC-HE-100K/MUC/MUC-TTFANNNM.tif,MUC
data/NCT-CRC-HE-100K/MUC/MUC-GEPCKMCD.tif,MUC
data/NCT-CRC-HE-100K/MUC/MUC-SMQPNYFV.tif,MUC
data/NCT-CRC-HE-100K/MUC/MUC-PMIITRNT.tif,MUC
data/NCT-CRC-HE-100K/MUC/MUC-FWTEWFYF.tif,MUC
data/NCT-CRC-HE-100K/MUC/MUC-QGRQECFV.tif,MUC
data/NCT-CRC-HE-100K/MUC/MUC-HGHRIYVH.tif,MUC
data/NCT-CRC-HE-100K/MUC/MUC-EDEKRLAQ.tif,MUC
data/NCT-CRC-HE-100K/MUC/MUC-EMGLFFDG.tif,MUC
data/NCT-CRC-HE-100K/MUC/MUC-KWKGLTIK.tif,MUC
data/NCT-CRC-HE-100K/MUC/MUC-FEMNINLT.tif,MUC
data/NCT-CRC-HE-100K/MUC/MUC-IKCMQRAK.tif,MUC
data/NCT-CRC-HE-100K/MUC/MUC-VQYVHFWK.tif,MUC
data/NCT-CRC-HE-100K/MUC/MUC-IAQHSYQH.tif,MUC
data/NCT-CRC-HE-100K/MUC/MUC-AYHNHTSA.tif,MUC
data/NCT-CRC-HE-100K/MUC/MUC-QWDMHGQF.tif,MUC
data/NCT-CRC-HE-100K/MUC/MUC-PDSARQLK.tif,MUC
data/NCT-CRC-HE-100K/MUC/MUC-LREWSDER.tif,MUC
data/NCT-CRC-HE-100K/MUC/MUC-QDQHWNMQ.tif,MUC
data/NCT-CRC-HE-100K/MUC/MUC-LGIYEIWD.tif,MUC
data/NCT-CRC-HE-100K/MUC/MUC-TKFRVVTK.tif,MUC
data/NCT-CRC-HE-100K/MUC/MUC-YEYAICKL.tif,MUC
data/NCT-CRC-HE-100K/MUC/MUC-CKDVNKQS.tif,MUC
data/NCT-CRC-HE-100K/MUC/MUC-NLWRKIGN.tif,MUC
data/NCT-CRC-HE-100K/MUC/MUC-TMHYCTAM.tif,MUC
data/NCT-CRC-HE-100K/MUC/MUC-TCAFEVWF.tif,MUC
data/NCT-CRC-HE-100K/MUC/MUC-KEVRDSMV.tif,MUC
data/NCT-CRC-HE-100K/MUC/MUC-VNFKMPYS.tif,MUC
data/NCT-CRC-HE-100K/MUC/MUC-AMHYLDHL.tif,MUC
data/NCT-CRC-HE-100K/MUC/MUC-YGNPKGTD.tif,MUC
data/NCT-CRC-HE-100K/MUC/MUC-RPNVCNDT.tif,MUC
data/NCT-CRC-HE-100K/MUC/MUC-PKHREPGY.tif,MUC
data/NCT-CRC-HE-100K/MUC/MUC-IVDTAELG.tif,MUC
data/NCT-CRC-HE-100K/MUC/MUC-PWLTGELM.tif,MUC
data/NCT-CRC-HE-100K/MUC/MUC-MVDHWQLQ.tif,MUC
data/NCT-CRC-HE-100K/MUC/MUC-HAVLPEGG.tif,MUC
data/NCT-CRC-HE-100K/MUC/MUC-HMTKQFFF.tif,MUC
data/NCT-CRC-HE-100K/MUC/MUC-MIKQCVRT.tif,MUC
data/NCT-CRC-HE-100K/MUC/MUC-IHIYNHHH.tif,MUC
data/NCT-CRC-HE-100K/MUC/MUC-FIWELDQG.tif,MUC
data/NCT-CRC-HE-100K/MUC/MUC-QASHTTGI.tif,MUC
data/NCT-CRC-HE-100K/MUC/MUC-QYLMRDEE.tif,MUC
data/NCT-CRC-HE-100K/MUC/MUC-GQQRLDEE.tif,MUC
data/NCT-CRC-HE-100K/MUC/MUC-NDSMFDFF.tif,MUC
data/NCT-CRC-HE-100K/MUC/MUC-LIPLWPKM.tif,MUC
data/NCT-CRC-HE-100K/MUC/MUC-HFNEDDFE.tif,MUC
data/NCT-CRC-HE-100K/MUC/MUC-RYNEYPRH.tif,MUC
data/NCT-CRC-HE-100K/MUC/MUC-DWQYFCVG.tif,MUC
data/NCT-CRC-HE-100K/MUC/MUC-HTNDVPPP.tif,MUC
data/NCT-CRC-HE-100K/MUC/MUC-RKWWSNKC.tif,MUC
data/NCT-CRC-HE-100K/MUC/MUC-SFSANDHN.tif,MUC
data/NCT-CRC-HE-100K/MUC/MUC-DYDPNKQH.tif,MUC
data/NCT-CRC-HE-100K/MUC/MUC-DWHGHFSN.tif,MUC
data/NCT-CRC-HE-100K/MUC/MUC-LEMGKRWR.tif,MUC
data/NCT-CRC-HE-100K/MUC/MUC-YRMHGTPK.tif,MUC
data/NCT-CRC-HE-100K/MUC/MUC-DNQRSPAV.tif,MUC
data/NCT-CRC-HE-100K/MUC/MUC-IVWYGLFR.tif,MUC
data/NCT-CRC-HE-100K/MUC/MUC-NWHKRFHP.tif,MUC
data/NCT-CRC-HE-100K/MUC/MUC-TTACKRWY.tif,MUC
data/NCT-CRC-HE-100K/MUC/MUC-EQPDPGDK.tif,MUC
data/NCT-CRC-HE-100K/MUC/MUC-HHCAESSL.tif,MUC
data/NCT-CRC-HE-100K/MUC/MUC-GWEVVMKN.tif,MUC
data/NCT-CRC-HE-100K/MUC/MUC-CTCRMDEE.tif,MUC
data/NCT-CRC-HE-100K/MUC/MUC-TFMNSVDN.tif,MUC
data/NCT-CRC-HE-100K/MUC/MUC-LNETGCQD.tif,MUC
data/NCT-CRC-HE-100K/MUC/MUC-ITQMYCQQ.tif,MUC
data/NCT-CRC-HE-100K/MUC/MUC-YRYSHAVL.tif,MUC
data/NCT-CRC-HE-100K/MUC/MUC-DHPNPCEL.tif,MUC
data/NCT-CRC-HE-100K/MUC/MUC-WGWMETYH.tif,MUC
data/NCT-CRC-HE-100K/MUC/MUC-DSNTHHLS.tif,MUC
data/NCT-CRC-HE-100K/MUC/MUC-ANQVWRAD.tif,MUC
data/NCT-CRC-HE-100K/MUC/MUC-CTKELHNC.tif,MUC
data/NCT-CRC-HE-100K/MUC/MUC-HWGKEFLY.tif,MUC
data/NCT-CRC-HE-100K/MUC/MUC-HICICFQI.tif,MUC
data/NCT-CRC-HE-100K/MUC/MUC-WGFAVQCT.tif,MUC
data/NCT-CRC-HE-100K/MUC/MUC-IHGEFAIA.tif,MUC
data/NCT-CRC-HE-100K/MUC/MUC-YGCNHNSF.tif,MUC
data/NCT-CRC-HE-100K/MUC/MUC-MRMSFMLK.tif,MUC
data/NCT-CRC-HE-100K/MUC/MUC-EGWPWSWL.tif,MUC
data/NCT-CRC-HE-100K/MUC/MUC-GNHFFGMQ.tif,MUC
data/NCT-CRC-HE-100K/MUC/MUC-QTDRPASE.tif,MUC
data/NCT-CRC-HE-100K/MUC/MUC-AANEGTAN.tif,MUC
data/NCT-CRC-HE-100K/MUC/MUC-PHDNINFL.tif,MUC
data/NCT-CRC-HE-100K/MUC/MUC-NKTSLSTP.tif,MUC
data/NCT-CRC-HE-100K/MUC/MUC-NFIWYAET.tif,MUC
data/NCT-CRC-HE-100K/MUC/MUC-AKHVEDMM.tif,MUC
data/NCT-CRC-HE-100K/MUC/MUC-SGHYPKSW.tif,MUC
data/NCT-CRC-HE-100K/MUC/MUC-QCVWRPEN.tif,MUC
data/NCT-CRC-HE-100K/MUC/MUC-DRDCWWKW.tif,MUC
data/NCT-CRC-HE-100K/MUC/MUC-PDHDPQVM.tif,MUC
data/NCT-CRC-HE-100K/MUC/MUC-MHNQIWNF.tif,MUC
data/NCT-CRC-HE-100K/MUC/MUC-PTGQLKWG.tif,MUC
data/NCT-CRC-HE-100K/MUC/MUC-ESKAPKWV.tif,MUC
data/NCT-CRC-HE-100K/MUC/MUC-NCVATSEG.tif,MUC
data/NCT-CRC-HE-100K/MUC/MUC-GMQEIQIQ.tif,MUC
data/NCT-CRC-HE-100K/MUC/MUC-QAQCAQVS.tif,MUC
data/NCT-CRC-HE-100K/MUC/MUC-AMGICVRR.tif,MUC
data/NCT-CRC-HE-100K/MUC/MUC-RSHWPGAY.tif,MUC
data/NCT-CRC-HE-100K/MUC/MUC-AGNNHQYM.tif,MUC
data/NCT-CRC-HE-100K/MUC/MUC-SYSMGLIM.tif,MUC
data/NCT-CRC-HE-100K/MUC/MUC-KPICDVYY.tif,MUC
data/NCT-CRC-HE-100K/MUC/MUC-SWTNPITV.tif,MUC
data/NCT-CRC-HE-100K/MUC/MUC-VFKKMHKP.tif,MUC
data/NCT-CRC-HE-100K/MUC/MUC-MVIPKDKK.tif,MUC
data/NCT-CRC-HE-100K/MUC/MUC-ADSYCHVL.tif,MUC
data/NCT-CRC-HE-100K/MUC/MUC-HLQFFHNT.tif,MUC
data/NCT-CRC-HE-100K/MUC/MUC-TVIIQREL.tif,MUC
data/NCT-CRC-HE-100K/MUC/MUC-YTENDFQM.tif,MUC
data/NCT-CRC-HE-100K/MUC/MUC-DNSINSLM.tif,MUC
data/NCT-CRC-HE-100K/MUC/MUC-ALSKMKKS.tif,MUC
data/NCT-CRC-HE-100K/MUC/MUC-CPIWVSND.tif,MUC
data/NCT-CRC-HE-100K/MUC/MUC-EKHSQEDE.tif,MUC
data/NCT-CRC-HE-100K/MUC/MUC-FRLYFLYS.tif,MUC
data/NCT-CRC-HE-100K/MUC/MUC-RNDLACKF.tif,MUC
data/NCT-CRC-HE-100K/MUC/MUC-HLNAIQCK.tif,MUC
data/NCT-CRC-HE-100K/MUC/MUC-KCIVGYPA.tif,MUC
data/NCT-CRC-HE-100K/MUC/MUC-FAMRHHCC.tif,MUC
data/NCT-CRC-HE-100K/MUC/MUC-CAVEGVET.tif,MUC
data/NCT-CRC-HE-100K/MUC/MUC-CMEIQQSF.tif,MUC
data/NCT-CRC-HE-100K/MUC/MUC-RPFCAMMC.tif,MUC
data/NCT-CRC-HE-100K/MUC/MUC-RYFVPVCC.tif,MUC
data/NCT-CRC-HE-100K/MUC/MUC-MKVTCWEH.tif,MUC
data/NCT-CRC-HE-100K/MUC/MUC-HIAFCYYS.tif,MUC
data/NCT-CRC-HE-100K/MUC/MUC-RCADICVR.tif,MUC
data/NCT-CRC-HE-100K/MUC/MUC-AWPIREKL.tif,MUC
data/NCT-CRC-HE-100K/MUC/MUC-NRMVLLEV.tif,MUC
data/NCT-CRC-HE-100K/MUC/MUC-SMQDFLNT.tif,MUC
data/NCT-CRC-HE-100K/MUC/MUC-YEKFVMIE.tif,MUC
data/NCT-CRC-HE-100K/MUC/MUC-IIHLQRIK.tif,MUC
data/NCT-CRC-HE-100K/MUC/MUC-WYYDEIQP.tif,MUC
data/NCT-CRC-HE-100K/MUC/MUC-QEGRFDNC.tif,MUC
data/NCT-CRC-HE-100K/MUC/MUC-LCCDLSSP.tif,MUC
data/NCT-CRC-HE-100K/MUC/MUC-CEHQETIN.tif,MUC
data/NCT-CRC-HE-100K/MUC/MUC-SIIHFKSA.tif,MUC
data/NCT-CRC-HE-100K/MUC/MUC-WGDSIKRR.tif,MUC
data/NCT-CRC-HE-100K/MUC/MUC-WYCEMLKE.tif,MUC
data/NCT-CRC-HE-100K/MUC/MUC-CSRLSDGD.tif,MUC
data/NCT-CRC-HE-100K/MUC/MUC-IHQMRYHN.tif,MUC
data/NCT-CRC-HE-100K/MUC/MUC-PLIPHMIT.tif,MUC
data/NCT-CRC-HE-100K/MUC/MUC-TYRKRHWC.tif,MUC
data/NCT-CRC-HE-100K/MUC/MUC-HSKFVMAM.tif,MUC
data/NCT-CRC-HE-100K/MUC/MUC-IFNDCKNP.tif,MUC
data/NCT-CRC-HE-100K/MUC/MUC-ISQYSERM.tif,MUC
data/NCT-CRC-HE-100K/MUC/MUC-CHETDRTT.tif,MUC
data/NCT-CRC-HE-100K/MUC/MUC-IHSLEEGT.tif,MUC
data/NCT-CRC-HE-100K/MUC/MUC-FKFDQWLN.tif,MUC
data/NCT-CRC-HE-100K/MUC/MUC-MVFANREC.tif,MUC
data/NCT-CRC-HE-100K/MUC/MUC-NVWPALKI.tif,MUC
data/NCT-CRC-HE-100K/MUC/MUC-PDVSKAEY.tif,MUC
data/NCT-CRC-HE-100K/MUC/MUC-NGCDPHYT.tif,MUC
data/NCT-CRC-HE-100K/MUC/MUC-GIEAGDDA.tif,MUC
data/NCT-CRC-HE-100K/MUC/MUC-HQGLSFKN.tif,MUC
data/NCT-CRC-HE-100K/MUC/MUC-SIGIMAKT.tif,MUC
data/NCT-CRC-HE-100K/MUC/MUC-MEHGAMDN.tif,MUC
data/NCT-CRC-HE-100K/MUC/MUC-DDKGNTYQ.tif,MUC
data/NCT-CRC-HE-100K/MUC/MUC-RDPHLGRK.tif,MUC
data/NCT-CRC-HE-100K/MUC/MUC-FDILLHVM.tif,MUC
data/NCT-CRC-HE-100K/MUC/MUC-WKRSDEPW.tif,MUC
data/NCT-CRC-HE-100K/MUC/MUC-HAPNCRVD.tif,MUC
data/NCT-CRC-HE-100K/MUC/MUC-RAQVHVPQ.tif,MUC
data/NCT-CRC-HE-100K/MUC/MUC-KEHFWRWG.tif,MUC
data/NCT-CRC-HE-100K/MUC/MUC-SELLRIVN.tif,MUC
data/NCT-CRC-HE-100K/MUC/MUC-RHKQFNAP.tif,MUC
data/NCT-CRC-HE-100K/MUC/MUC-FSNKQMEC.tif,MUC
data/NCT-CRC-HE-100K/MUC/MUC-TIWYYLWD.tif,MUC
data/NCT-CRC-HE-100K/MUC/MUC-QKELMAYK.tif,MUC
data/NCT-CRC-HE-100K/MUC/MUC-CRLGRGGV.tif,MUC
data/NCT-CRC-HE-100K/MUC/MUC-YKCNFRMD.tif,MUC
data/NCT-CRC-HE-100K/MUC/MUC-KKAITPQG.tif,MUC
data/NCT-CRC-HE-100K/MUC/MUC-IVWMYTPH.tif,MUC
data/NCT-CRC-HE-100K/MUC/MUC-WYDCIGPG.tif,MUC
data/NCT-CRC-HE-100K/MUC/MUC-RRWHKAWC.tif,MUC
data/NCT-CRC-HE-100K/MUC/MUC-WAKEWFRD.tif,MUC
data/NCT-CRC-HE-100K/MUC/MUC-KGEEISLV.tif,MUC
data/NCT-CRC-HE-100K/MUC/MUC-DYDIMIQN.tif,MUC
data/NCT-CRC-HE-100K/MUC/MUC-YWEKYNHN.tif,MUC
data/NCT-CRC-HE-100K/MUC/MUC-FDTQFFPM.tif,MUC
data/NCT-CRC-HE-100K/MUC/MUC-GQCHMPMW.tif,MUC
data/NCT-CRC-HE-100K/MUC/MUC-HDHCKRCD.tif,MUC
data/NCT-CRC-HE-100K/MUC/MUC-NFETKYVQ.tif,MUC
data/NCT-CRC-HE-100K/MUC/MUC-AYTEREKP.tif,MUC
data/NCT-CRC-HE-100K/MUC/MUC-NRYIYWAH.tif,MUC
data/NCT-CRC-HE-100K/MUC/MUC-FFNMVRTL.tif,MUC
data/NCT-CRC-HE-100K/MUC/MUC-FVNTFTNH.tif,MUC
data/NCT-CRC-HE-100K/MUC/MUC-YLRQDLGA.tif,MUC
data/NCT-CRC-HE-100K/MUC/MUC-HPSSRVKS.tif,MUC
data/NCT-CRC-HE-100K/MUC/MUC-SIYTGKCQ.tif,MUC
data/NCT-CRC-HE-100K/MUC/MUC-LKHDDGGN.tif,MUC
data/NCT-CRC-HE-100K/MUC/MUC-ALLCMYPQ.tif,MUC
data/NCT-CRC-HE-100K/MUC/MUC-QNEAHIFS.tif,MUC
data/NCT-CRC-HE-100K/MUC/MUC-GDQMNYWD.tif,MUC
data/NCT-CRC-HE-100K/MUC/MUC-CPYCMYTT.tif,MUC
data/NCT-CRC-HE-100K/MUC/MUC-YAMDVSQP.tif,MUC
data/NCT-CRC-HE-100K/MUC/MUC-IWFIWWYY.tif,MUC
data/NCT-CRC-HE-100K/MUC/MUC-TLSESSLH.tif,MUC
data/NCT-CRC-HE-100K/MUC/MUC-LWQGASEP.tif,MUC
data/NCT-CRC-HE-100K/MUC/MUC-SKGLSYKF.tif,MUC
data/NCT-CRC-HE-100K/MUC/MUC-DHEYPDSR.tif,MUC
data/NCT-CRC-HE-100K/MUC/MUC-LDVPWGYF.tif,MUC
data/NCT-CRC-HE-100K/MUC/MUC-LSPHMEYH.tif,MUC
data/NCT-CRC-HE-100K/MUC/MUC-ICVSAAGR.tif,MUC
data/NCT-CRC-HE-100K/MUC/MUC-PKMYRWGV.tif,MUC
data/NCT-CRC-HE-100K/MUC/MUC-EWVMVYYF.tif,MUC
data/NCT-CRC-HE-100K/MUC/MUC-LTQWTCAN.tif,MUC
data/NCT-CRC-HE-100K/MUC/MUC-WFVRVSYH.tif,MUC
data/NCT-CRC-HE-100K/MUC/MUC-QSKMASLK.tif,MUC
data/NCT-CRC-HE-100K/MUC/MUC-MVIDEYKG.tif,MUC
data/NCT-CRC-HE-100K/MUC/MUC-DGASWTYV.tif,MUC
data/NCT-CRC-HE-100K/MUC/MUC-LRRENAAV.tif,MUC
data/NCT-CRC-HE-100K/MUC/MUC-FATNNDHT.tif,MUC
data/NCT-CRC-HE-100K/MUC/MUC-QGGPFGQP.tif,MUC
data/NCT-CRC-HE-100K/MUC/MUC-MLSYKQIS.tif,MUC
data/NCT-CRC-HE-100K/MUC/MUC-IEADSWSG.tif,MUC
data/NCT-CRC-HE-100K/MUC/MUC-PNCMAYSM.tif,MUC
data/NCT-CRC-HE-100K/MUC/MUC-KNPFMQVF.tif,MUC
data/NCT-CRC-HE-100K/MUC/MUC-KVRRRKPK.tif,MUC
data/NCT-CRC-HE-100K/MUC/MUC-HWETSYRI.tif,MUC
data/NCT-CRC-HE-100K/MUC/MUC-QYRSPGNE.tif,MUC
data/NCT-CRC-HE-100K/MUC/MUC-FLSWWWYK.tif,MUC
data/NCT-CRC-HE-100K/MUC/MUC-YRFLSTYS.tif,MUC
data/NCT-CRC-HE-100K/MUC/MUC-LFQAEEFL.tif,MUC
data/NCT-CRC-HE-100K/MUC/MUC-HGPRVEPL.tif,MUC
data/NCT-CRC-HE-100K/MUC/MUC-PTNFIQGQ.tif,MUC
data/NCT-CRC-HE-100K/MUC/MUC-RLHITGED.tif,MUC
data/NCT-CRC-HE-100K/MUC/MUC-AWTPLSYV.tif,MUC
data/NCT-CRC-HE-100K/MUC/MUC-YQIPMCAL.tif,MUC
data/NCT-CRC-HE-100K/MUC/MUC-YRCIMKFF.tif,MUC
data/NCT-CRC-HE-100K/MUC/MUC-TCGDKKMS.tif,MUC
data/NCT-CRC-HE-100K/MUC/MUC-FCPENIHF.tif,MUC
data/NCT-CRC-HE-100K/MUC/MUC-LHECYIVN.tif,MUC
data/NCT-CRC-HE-100K/MUC/MUC-WVWFIMWA.tif,MUC
data/NCT-CRC-HE-100K/MUC/MUC-NDERLMFI.tif,MUC
data/NCT-CRC-HE-100K/MUC/MUC-EFTGGEQW.tif,MUC
data/NCT-CRC-HE-100K/MUC/MUC-EWPFTYCT.tif,MUC
data/NCT-CRC-HE-100K/MUC/MUC-WMQDKITW.tif,MUC
data/NCT-CRC-HE-100K/MUC/MUC-SNWWRVWK.tif,MUC
data/NCT-CRC-HE-100K/MUC/MUC-QCGAYPLQ.tif,MUC
data/NCT-CRC-HE-100K/MUC/MUC-HPPDTAIW.tif,MUC
data/NCT-CRC-HE-100K/MUC/MUC-GLNTATRN.tif,MUC
data/NCT-CRC-HE-100K/MUC/MUC-FLWVLAGV.tif,MUC
data/NCT-CRC-HE-100K/MUC/MUC-MNIVHISG.tif,MUC
data/NCT-CRC-HE-100K/MUC/MUC-MWATNTTP.tif,MUC
data/NCT-CRC-HE-100K/MUC/MUC-WAHHHECG.tif,MUC
data/NCT-CRC-HE-100K/MUC/MUC-MVYYNWHR.tif,MUC
data/NCT-CRC-HE-100K/MUC/MUC-LCNEDYDM.tif,MUC
data/NCT-CRC-HE-100K/MUC/MUC-YVDLYMVP.tif,MUC
data/NCT-CRC-HE-100K/MUC/MUC-KVHANVSI.tif,MUC
data/NCT-CRC-HE-100K/MUC/MUC-VQQGPEFR.tif,MUC
data/NCT-CRC-HE-100K/MUC/MUC-ICNYFSSK.tif,MUC
data/NCT-CRC-HE-100K/MUC/MUC-QFGGRNQW.tif,MUC
data/NCT-CRC-HE-100K/MUC/MUC-SSPEAKPM.tif,MUC
data/NCT-CRC-HE-100K/MUC/MUC-LVFCISNL.tif,MUC
data/NCT-CRC-HE-100K/MUC/MUC-PCKLKHTY.tif,MUC
data/NCT-CRC-HE-100K/MUC/MUC-EVPNWWYT.tif,MUC
data/NCT-CRC-HE-100K/MUC/MUC-GFSQTDLI.tif,MUC
data/NCT-CRC-HE-100K/MUC/MUC-VERAMGVA.tif,MUC
data/NCT-CRC-HE-100K/MUC/MUC-QACEWKAV.tif,MUC
data/NCT-CRC-HE-100K/MUC/MUC-WRYCWDNE.tif,MUC
data/NCT-CRC-HE-100K/MUC/MUC-FTIHSQHN.tif,MUC
data/NCT-CRC-HE-100K/MUC/MUC-VDFAHFGI.tif,MUC
data/NCT-CRC-HE-100K/MUC/MUC-RSMRGQCQ.tif,MUC
data/NCT-CRC-HE-100K/MUC/MUC-VVARHERT.tif,MUC
data/NCT-CRC-HE-100K/MUC/MUC-NRQARFQP.tif,MUC
data/NCT-CRC-HE-100K/MUC/MUC-VWWQGTHC.tif,MUC
data/NCT-CRC-HE-100K/MUC/MUC-GGDEPHHT.tif,MUC
data/NCT-CRC-HE-100K/MUC/MUC-MLACMKHS.tif,MUC
data/NCT-CRC-HE-100K/MUC/MUC-CRCYVSYL.tif,MUC
data/NCT-CRC-HE-100K/MUC/MUC-SEVKRDGR.tif,MUC
data/NCT-CRC-HE-100K/MUC/MUC-DMWLKGEA.tif,MUC
data/NCT-CRC-HE-100K/MUC/MUC-HNHTSIMI.tif,MUC
data/NCT-CRC-HE-100K/MUC/MUC-DPHGDPHN.tif,MUC
data/NCT-CRC-HE-100K/MUC/MUC-FEWQYLCD.tif,MUC
data/NCT-CRC-HE-100K/MUC/MUC-RNKTQTRF.tif,MUC
data/NCT-CRC-HE-100K/MUC/MUC-KMICKCCM.tif,MUC
data/NCT-CRC-HE-100K/MUC/MUC-MSPFQRLG.tif,MUC
data/NCT-CRC-HE-100K/MUC/MUC-FAKDSDRQ.tif,MUC
data/NCT-CRC-HE-100K/MUC/MUC-SRMELSKP.tif,MUC
data/NCT-CRC-HE-100K/MUC/MUC-MWMYDEND.tif,MUC
data/NCT-CRC-HE-100K/MUC/MUC-YWRWWARY.tif,MUC
data/NCT-CRC-HE-100K/MUC/MUC-CDDDPTAQ.tif,MUC
data/NCT-CRC-HE-100K/MUC/MUC-CTPGNVTF.tif,MUC
data/NCT-CRC-HE-100K/MUC/MUC-RWIWLYST.tif,MUC
data/NCT-CRC-HE-100K/MUC/MUC-SGFNNGYT.tif,MUC
data/NCT-CRC-HE-100K/MUC/MUC-YICLFFHK.tif,MUC
data/NCT-CRC-HE-100K/MUC/MUC-QPDYKGGR.tif,MUC
data/NCT-CRC-HE-100K/MUC/MUC-KIMYQARN.tif,MUC
data/NCT-CRC-HE-100K/MUC/MUC-LAMRETVA.tif,MUC
data/NCT-CRC-HE-100K/MUC/MUC-HAYREEIH.tif,MUC
data/NCT-CRC-HE-100K/MUC/MUC-FCDRHIMK.tif,MUC
data/NCT-CRC-HE-100K/MUC/MUC-FHHIFGHG.tif,MUC
data/NCT-CRC-HE-100K/MUC/MUC-YRHFDVAA.tif,MUC
data/NCT-CRC-HE-100K/MUC/MUC-GKFWDAPF.tif,MUC
data/NCT-CRC-HE-100K/MUC/MUC-MYAGQPFW.tif,MUC
data/NCT-CRC-HE-100K/MUC/MUC-VYSMHPPE.tif,MUC
data/NCT-CRC-HE-100K/MUC/MUC-WVPTSVLE.tif,MUC
data/NCT-CRC-HE-100K/MUC/MUC-LCCQHVLS.tif,MUC
data/NCT-CRC-HE-100K/MUC/MUC-SYSTWNRD.tif,MUC
data/NCT-CRC-HE-100K/MUC/MUC-HVGHRILL.tif,MUC
data/NCT-CRC-HE-100K/MUC/MUC-PPDIHLYI.tif,MUC
data/NCT-CRC-HE-100K/MUC/MUC-HQTLCTAD.tif,MUC
data/NCT-CRC-HE-100K/MUC/MUC-ASFWQFEW.tif,MUC
data/NCT-CRC-HE-100K/MUC/MUC-PHIKKWLM.tif,MUC
data/NCT-CRC-HE-100K/MUC/MUC-GNDYWTEQ.tif,MUC
data/NCT-CRC-HE-100K/MUC/MUC-EVHRNCVM.tif,MUC
data/NCT-CRC-HE-100K/MUC/MUC-WYKGGIWS.tif,MUC
data/NCT-CRC-HE-100K/MUC/MUC-LCWGWDPE.tif,MUC
data/NCT-CRC-HE-100K/MUC/MUC-ETMFVTQQ.tif,MUC
data/NCT-CRC-HE-100K/MUC/MUC-EWFNLAWA.tif,MUC
data/NCT-CRC-HE-100K/MUC/MUC-VQPEPGFP.tif,MUC
data/NCT-CRC-HE-100K/MUC/MUC-YHNMINYV.tif,MUC
data/NCT-CRC-HE-100K/MUC/MUC-WGSVMWIS.tif,MUC
data/NCT-CRC-HE-100K/MUC/MUC-MNAKVGKR.tif,MUC
data/NCT-CRC-HE-100K/MUC/MUC-PHPPEKWG.tif,MUC
data/NCT-CRC-HE-100K/MUC/MUC-EKDQLEGQ.tif,MUC
data/NCT-CRC-HE-100K/MUC/MUC-IPTRLWSH.tif,MUC
data/NCT-CRC-HE-100K/MUC/MUC-CMLMESCI.tif,MUC
data/NCT-CRC-HE-100K/MUC/MUC-RWERNEML.tif,MUC
data/NCT-CRC-HE-100K/MUC/MUC-LMDRCQKF.tif,MUC
data/NCT-CRC-HE-100K/MUC/MUC-WWNDFNYF.tif,MUC
data/NCT-CRC-HE-100K/MUC/MUC-PMRFQRTS.tif,MUC
data/NCT-CRC-HE-100K/MUC/MUC-KCGTDMCQ.tif,MUC
data/NCT-CRC-HE-100K/MUC/MUC-PMSHLNTG.tif,MUC
data/NCT-CRC-HE-100K/MUC/MUC-LNLMEQIF.tif,MUC
data/NCT-CRC-HE-100K/MUC/MUC-DMYVIQPD.tif,MUC
data/NCT-CRC-HE-100K/MUC/MUC-TQRICHHF.tif,MUC
data/NCT-CRC-HE-100K/MUC/MUC-FRKMTCAA.tif,MUC
data/NCT-CRC-HE-100K/MUC/MUC-EPSWSTDY.tif,MUC
data/NCT-CRC-HE-100K/MUC/MUC-TGHTKLNT.tif,MUC
data/NCT-CRC-HE-100K/MUC/MUC-MIKDPIEQ.tif,MUC
data/NCT-CRC-HE-100K/MUC/MUC-LHMNGKCV.tif,MUC
data/NCT-CRC-HE-100K/MUC/MUC-APNKTERV.tif,MUC
data/NCT-CRC-HE-100K/MUC/MUC-PQPACPDL.tif,MUC
data/NCT-CRC-HE-100K/MUC/MUC-NTIVCNKM.tif,MUC
data/NCT-CRC-HE-100K/MUC/MUC-KWQPEQSK.tif,MUC
data/NCT-CRC-HE-100K/MUC/MUC-QCEPMEFS.tif,MUC
data/NCT-CRC-HE-100K/MUC/MUC-QIKYYNPP.tif,MUC
data/NCT-CRC-HE-100K/MUC/MUC-QFLFDTRM.tif,MUC
data/NCT-CRC-HE-100K/MUC/MUC-QVSECEMP.tif,MUC
data/NCT-CRC-HE-100K/MUC/MUC-IIMKGPKE.tif,MUC
data/NCT-CRC-HE-100K/MUC/MUC-APGEDWGC.tif,MUC
data/NCT-CRC-HE-100K/MUC/MUC-RNKSKTDM.tif,MUC
data/NCT-CRC-HE-100K/MUC/MUC-YTQSKGMP.tif,MUC
data/NCT-CRC-HE-100K/MUC/MUC-NIMMSCCS.tif,MUC
data/NCT-CRC-HE-100K/MUC/MUC-ASHKTPQY.tif,MUC
data/NCT-CRC-HE-100K/MUC/MUC-NNSDTRTF.tif,MUC
data/NCT-CRC-HE-100K/MUC/MUC-ATTLAVYE.tif,MUC
data/NCT-CRC-HE-100K/MUC/MUC-GHWTHRVY.tif,MUC
data/NCT-CRC-HE-100K/MUC/MUC-EMCHGMNV.tif,MUC
data/NCT-CRC-HE-100K/MUC/MUC-FPQIQEEW.tif,MUC
data/NCT-CRC-HE-100K/MUC/MUC-CWHQCRYG.tif,MUC
data/NCT-CRC-HE-100K/MUC/MUC-MSNDGCFE.tif,MUC
data/NCT-CRC-HE-100K/MUC/MUC-IFKMSSNR.tif,MUC
data/NCT-CRC-HE-100K/MUC/MUC-QHYNGASW.tif,MUC
data/NCT-CRC-HE-100K/MUC/MUC-KWNQLVYH.tif,MUC
data/NCT-CRC-HE-100K/MUC/MUC-EDIAPFRH.tif,MUC
data/NCT-CRC-HE-100K/MUC/MUC-TALIWFCS.tif,MUC
data/NCT-CRC-HE-100K/MUC/MUC-NQKIMDRG.tif,MUC
data/NCT-CRC-HE-100K/MUC/MUC-MNCGRVKN.tif,MUC
data/NCT-CRC-HE-100K/MUC/MUC-ARRQYDRM.tif,MUC
data/NCT-CRC-HE-100K/MUC/MUC-DLTSVISD.tif,MUC
data/NCT-CRC-HE-100K/MUC/MUC-VDEWDQPA.tif,MUC
data/NCT-CRC-HE-100K/MUC/MUC-MDSVDGCR.tif,MUC
data/NCT-CRC-HE-100K/MUC/MUC-RDATPEIC.tif,MUC
data/NCT-CRC-HE-100K/MUC/MUC-ITQNPSDM.tif,MUC
data/NCT-CRC-HE-100K/MUC/MUC-GYAYAAYK.tif,MUC
data/NCT-CRC-HE-100K/MUC/MUC-TTFVDGCL.tif,MUC
data/NCT-CRC-HE-100K/MUC/MUC-AIHGGYPC.tif,MUC
data/NCT-CRC-HE-100K/MUC/MUC-GTNSPVYD.tif,MUC
data/NCT-CRC-HE-100K/MUC/MUC-ACSIFTFC.tif,MUC
data/NCT-CRC-HE-100K/MUC/MUC-HENTVHHP.tif,MUC
data/NCT-CRC-HE-100K/MUC/MUC-CTWLHRYI.tif,MUC
data/NCT-CRC-HE-100K/MUC/MUC-ELFWYIVN.tif,MUC
data/NCT-CRC-HE-100K/MUC/MUC-QRKDSILF.tif,MUC
data/NCT-CRC-HE-100K/MUC/MUC-DCPVFFYS.tif,MUC
data/NCT-CRC-HE-100K/MUC/MUC-KGHKPIRT.tif,MUC
data/NCT-CRC-HE-100K/MUC/MUC-WIPIVPQI.tif,MUC
data/NCT-CRC-HE-100K/MUC/MUC-LIMAERCP.tif,MUC
data/NCT-CRC-HE-100K/MUC/MUC-NMHVPSAL.tif,MUC
data/NCT-CRC-HE-100K/MUC/MUC-QVCEWAKQ.tif,MUC
data/NCT-CRC-HE-100K/MUC/MUC-YRVYIIPR.tif,MUC
data/NCT-CRC-HE-100K/MUC/MUC-NNATCDHE.tif,MUC
data/NCT-CRC-HE-100K/MUC/MUC-WKLCGQIW.tif,MUC
data/NCT-CRC-HE-100K/MUC/MUC-WRLGDDYN.tif,MUC
data/NCT-CRC-HE-100K/MUC/MUC-CVFWISTQ.tif,MUC
data/NCT-CRC-HE-100K/MUC/MUC-KYNATMTI.tif,MUC
data/NCT-CRC-HE-100K/MUC/MUC-FTNAYYPH.tif,MUC
data/NCT-CRC-HE-100K/MUC/MUC-ITDGLKCF.tif,MUC
data/NCT-CRC-HE-100K/MUC/MUC-KNDNCNAV.tif,MUC
data/NCT-CRC-HE-100K/MUC/MUC-EQSHNPRQ.tif,MUC
data/NCT-CRC-HE-100K/MUC/MUC-GFSFWTPW.tif,MUC
data/NCT-CRC-HE-100K/MUC/MUC-EYDPRMGA.tif,MUC
data/NCT-CRC-HE-100K/MUC/MUC-CMQAGYGP.tif,MUC
data/NCT-CRC-HE-100K/MUC/MUC-EKWVVFKE.tif,MUC
data/NCT-CRC-HE-100K/MUC/MUC-TCEMGSSM.tif,MUC
data/NCT-CRC-HE-100K/MUC/MUC-TTKKEWVN.tif,MUC
data/NCT-CRC-HE-100K/MUC/MUC-TQPMDSHM.tif,MUC
data/NCT-CRC-HE-100K/MUC/MUC-RPNFKDFN.tif,MUC
data/NCT-CRC-HE-100K/MUC/MUC-ALYNLLPK.tif,MUC
data/NCT-CRC-HE-100K/MUC/MUC-YINIIGLY.tif,MUC
data/NCT-CRC-HE-100K/MUC/MUC-NRLAINTD.tif,MUC
data/NCT-CRC-HE-100K/MUC/MUC-YGTVLFQH.tif,MUC
data/NCT-CRC-HE-100K/MUC/MUC-IRGRPQDP.tif,MUC
data/NCT-CRC-HE-100K/MUC/MUC-FRAEQLDI.tif,MUC
data/NCT-CRC-HE-100K/MUC/MUC-NCFTWCIM.tif,MUC
data/NCT-CRC-HE-100K/MUC/MUC-RTLHRWCK.tif,MUC
data/NCT-CRC-HE-100K/MUC/MUC-YGNIGWNK.tif,MUC
data/NCT-CRC-HE-100K/MUC/MUC-CVNDDCSW.tif,MUC
data/NCT-CRC-HE-100K/MUC/MUC-VAARYNRC.tif,MUC
data/NCT-CRC-HE-100K/MUC/MUC-LCQYKFKI.tif,MUC
data/NCT-CRC-HE-100K/MUC/MUC-RMPSCRRP.tif,MUC
data/NCT-CRC-HE-100K/MUC/MUC-LQWNQVRL.tif,MUC
data/NCT-CRC-HE-100K/MUC/MUC-NHWEPLTP.tif,MUC
data/NCT-CRC-HE-100K/MUC/MUC-FLIKCKQV.tif,MUC
data/NCT-CRC-HE-100K/MUC/MUC-NNLAVYMK.tif,MUC
data/NCT-CRC-HE-100K/MUC/MUC-LIPQTHAV.tif,MUC
data/NCT-CRC-HE-100K/MUC/MUC-WYQENHVK.tif,MUC
data/NCT-CRC-HE-100K/MUC/MUC-LTDFYAWC.tif,MUC
data/NCT-CRC-HE-100K/MUC/MUC-TSLNYSYC.tif,MUC
data/NCT-CRC-HE-100K/MUC/MUC-TNFGWFTP.tif,MUC
data/NCT-CRC-HE-100K/MUC/MUC-EVNWQITD.tif,MUC
data/NCT-CRC-HE-100K/MUC/MUC-NLQAMVPH.tif,MUC
data/NCT-CRC-HE-100K/MUC/MUC-NVIWQGDR.tif,MUC
data/NCT-CRC-HE-100K/MUC/MUC-DVRVSADR.tif,MUC
data/NCT-CRC-HE-100K/MUC/MUC-TDWYAQWD.tif,MUC
data/NCT-CRC-HE-100K/MUC/MUC-PNQLIPYS.tif,MUC
data/NCT-CRC-HE-100K/MUC/MUC-AFKPMWCV.tif,MUC
data/NCT-CRC-HE-100K/MUC/MUC-FCEIGSQL.tif,MUC
data/NCT-CRC-HE-100K/MUC/MUC-PDMESGSY.tif,MUC
data/NCT-CRC-HE-100K/MUC/MUC-EYARDGNT.tif,MUC
data/NCT-CRC-HE-100K/MUC/MUC-IFEYEKHW.tif,MUC
data/NCT-CRC-HE-100K/MUC/MUC-AEGSSSDL.tif,MUC
data/NCT-CRC-HE-100K/MUC/MUC-APYHNLEK.tif,MUC
data/NCT-CRC-HE-100K/MUC/MUC-APVNIKQA.tif,MUC
data/NCT-CRC-HE-100K/MUC/MUC-NLATSFLH.tif,MUC
data/NCT-CRC-HE-100K/MUC/MUC-VEDRCTTW.tif,MUC
data/NCT-CRC-HE-100K/MUC/MUC-FDEQKGYQ.tif,MUC
data/NCT-CRC-HE-100K/MUC/MUC-YCVRWSMI.tif,MUC
data/NCT-CRC-HE-100K/MUC/MUC-ARANMMTW.tif,MUC
data/NCT-CRC-HE-100K/MUC/MUC-WMLNWVPC.tif,MUC
data/NCT-CRC-HE-100K/MUC/MUC-KRHFWRWT.tif,MUC
data/NCT-CRC-HE-100K/MUC/MUC-MDHKNAWM.tif,MUC
data/NCT-CRC-HE-100K/MUC/MUC-YAHSNKND.tif,MUC
data/NCT-CRC-HE-100K/MUC/MUC-NDQESMSL.tif,MUC
data/NCT-CRC-HE-100K/MUC/MUC-LRCDIPKV.tif,MUC
data/NCT-CRC-HE-100K/MUC/MUC-IIELFYWA.tif,MUC
data/NCT-CRC-HE-100K/MUC/MUC-RSVRIGVP.tif,MUC
data/NCT-CRC-HE-100K/MUC/MUC-TNIMDNWI.tif,MUC
data/NCT-CRC-HE-100K/MUC/MUC-VQESGEGN.tif,MUC
data/NCT-CRC-HE-100K/MUC/MUC-NHFMKIHH.tif,MUC
data/NCT-CRC-HE-100K/MUC/MUC-PEPEDFQW.tif,MUC
data/NCT-CRC-HE-100K/MUC/MUC-AMKFRKHN.tif,MUC
data/NCT-CRC-HE-100K/MUC/MUC-MVYVWQMN.tif,MUC
data/NCT-CRC-HE-100K/MUC/MUC-FAAGYMIA.tif,MUC
data/NCT-CRC-HE-100K/MUC/MUC-PPFCRSHH.tif,MUC
data/NCT-CRC-HE-100K/MUC/MUC-EKLVMCLS.tif,MUC
data/NCT-CRC-HE-100K/MUC/MUC-GQICSLLR.tif,MUC
data/NCT-CRC-HE-100K/MUC/MUC-RFKEADFW.tif,MUC
data/NCT-CRC-HE-100K/MUC/MUC-TWRINLHV.tif,MUC
data/NCT-CRC-HE-100K/MUC/MUC-LPRYTGYL.tif,MUC
data/NCT-CRC-HE-100K/MUC/MUC-PWEHTHTQ.tif,MUC
data/NCT-CRC-HE-100K/MUC/MUC-MGHWQISG.tif,MUC
data/NCT-CRC-HE-100K/MUC/MUC-KDYWMFYA.tif,MUC
data/NCT-CRC-HE-100K/MUC/MUC-HRWTTFNR.tif,MUC
data/NCT-CRC-HE-100K/MUC/MUC-VGLYECYF.tif,MUC
data/NCT-CRC-HE-100K/MUC/MUC-LMGMWCEK.tif,MUC
data/NCT-CRC-HE-100K/MUC/MUC-VPKTRKFE.tif,MUC
data/NCT-CRC-HE-100K/MUC/MUC-EMVMEPID.tif,MUC
data/NCT-CRC-HE-100K/MUC/MUC-EDMWTLGR.tif,MUC
data/NCT-CRC-HE-100K/MUC/MUC-HIVFFQCF.tif,MUC
data/NCT-CRC-HE-100K/MUC/MUC-CYIMFKCD.tif,MUC
data/NCT-CRC-HE-100K/MUC/MUC-LFIEHYLP.tif,MUC
data/NCT-CRC-HE-100K/MUC/MUC-QHDMNKIM.tif,MUC
data/NCT-CRC-HE-100K/MUC/MUC-PFTANWEI.tif,MUC
data/NCT-CRC-HE-100K/MUC/MUC-QGYEYGHV.tif,MUC
data/NCT-CRC-HE-100K/MUC/MUC-DFFRLPVD.tif,MUC
data/NCT-CRC-HE-100K/MUC/MUC-RESKNWAI.tif,MUC
data/NCT-CRC-HE-100K/MUC/MUC-PNVDPDNS.tif,MUC
data/NCT-CRC-HE-100K/MUC/MUC-HKVWAKNG.tif,MUC
data/NCT-CRC-HE-100K/MUC/MUC-MLTADRRS.tif,MUC
data/NCT-CRC-HE-100K/MUC/MUC-VPSLFEAI.tif,MUC
data/NCT-CRC-HE-100K/MUC/MUC-CPRSNFHN.tif,MUC
data/NCT-CRC-HE-100K/MUC/MUC-YWIPTRFW.tif,MUC
data/NCT-CRC-HE-100K/MUC/MUC-NEMYWITW.tif,MUC
data/NCT-CRC-HE-100K/MUC/MUC-NRYQPTDT.tif,MUC
data/NCT-CRC-HE-100K/MUC/MUC-LWQMRMCS.tif,MUC
data/NCT-CRC-HE-100K/MUC/MUC-NSGSGEAY.tif,MUC
data/NCT-CRC-HE-100K/MUC/MUC-DVCPYCKH.tif,MUC
data/NCT-CRC-HE-100K/MUC/MUC-PWNQQYRN.tif,MUC
data/NCT-CRC-HE-100K/MUC/MUC-AQYSPHNY.tif,MUC
data/NCT-CRC-HE-100K/MUC/MUC-TPQWPARK.tif,MUC
data/NCT-CRC-HE-100K/MUC/MUC-HKPVILDK.tif,MUC
data/NCT-CRC-HE-100K/MUC/MUC-QFVPRDMH.tif,MUC
data/NCT-CRC-HE-100K/MUC/MUC-MWADSCGI.tif,MUC
data/NCT-CRC-HE-100K/MUC/MUC-LRHLMNKI.tif,MUC
data/NCT-CRC-HE-100K/MUC/MUC-WFAFKMLD.tif,MUC
data/NCT-CRC-HE-100K/MUC/MUC-ACCIESNK.tif,MUC
data/NCT-CRC-HE-100K/MUC/MUC-TMERICIT.tif,MUC
data/NCT-CRC-HE-100K/MUC/MUC-GTMPNNWP.tif,MUC
data/NCT-CRC-HE-100K/MUC/MUC-KYPSGPMA.tif,MUC
data/NCT-CRC-HE-100K/MUC/MUC-PVGYGHHY.tif,MUC
data/NCT-CRC-HE-100K/MUC/MUC-KPEKESGH.tif,MUC
data/NCT-CRC-HE-100K/MUC/MUC-FFFYQAGS.tif,MUC
data/NCT-CRC-HE-100K/MUC/MUC-CSPQGGFL.tif,MUC
data/NCT-CRC-HE-100K/MUC/MUC-RASLSWVS.tif,MUC
data/NCT-CRC-HE-100K/MUC/MUC-TMAHRYQQ.tif,MUC
data/NCT-CRC-HE-100K/MUC/MUC-RACFIHDE.tif,MUC
data/NCT-CRC-HE-100K/MUC/MUC-CIEETFVA.tif,MUC
data/NCT-CRC-HE-100K/MUC/MUC-NWRHNNPW.tif,MUC
data/NCT-CRC-HE-100K/MUC/MUC-AWEGVFSF.tif,MUC
data/NCT-CRC-HE-100K/MUC/MUC-AKYNIWGY.tif,MUC
data/NCT-CRC-HE-100K/MUC/MUC-VAYYIYAY.tif,MUC
data/NCT-CRC-HE-100K/MUC/MUC-LEMNMCFK.tif,MUC
data/NCT-CRC-HE-100K/MUC/MUC-ISPDPGDT.tif,MUC
data/NCT-CRC-HE-100K/MUC/MUC-HLYANDSD.tif,MUC
data/NCT-CRC-HE-100K/MUC/MUC-VFQNRFID.tif,MUC
data/NCT-CRC-HE-100K/MUC/MUC-ETWTLKIN.tif,MUC
data/NCT-CRC-HE-100K/MUC/MUC-RSFVWHPA.tif,MUC
data/NCT-CRC-HE-100K/MUC/MUC-DDRGMFFE.tif,MUC
data/NCT-CRC-HE-100K/MUC/MUC-EWQYRERI.tif,MUC
data/NCT-CRC-HE-100K/MUC/MUC-GDICEKKA.tif,MUC
data/NCT-CRC-HE-100K/MUC/MUC-DGGKCWKR.tif,MUC
data/NCT-CRC-HE-100K/MUC/MUC-AIDQTVQF.tif,MUC
data/NCT-CRC-HE-100K/MUC/MUC-LLFYCRSH.tif,MUC
data/NCT-CRC-HE-100K/MUC/MUC-SPRQELTC.tif,MUC
data/NCT-CRC-HE-100K/MUC/MUC-YIYDHGKI.tif,MUC
data/NCT-CRC-HE-100K/MUC/MUC-MLVEYFQP.tif,MUC
data/NCT-CRC-HE-100K/MUC/MUC-DPHHFWYG.tif,MUC
data/NCT-CRC-HE-100K/MUC/MUC-PGRVGRIK.tif,MUC
data/NCT-CRC-HE-100K/MUC/MUC-VTPFWTVH.tif,MUC
data/NCT-CRC-HE-100K/MUC/MUC-PLLLFHIG.tif,MUC
data/NCT-CRC-HE-100K/MUC/MUC-LSDRVLHM.tif,MUC
data/NCT-CRC-HE-100K/MUC/MUC-KMMDHYLI.tif,MUC
data/NCT-CRC-HE-100K/MUC/MUC-CSLAPIVW.tif,MUC
data/NCT-CRC-HE-100K/MUC/MUC-YFIINYRR.tif,MUC
data/NCT-CRC-HE-100K/MUC/MUC-KSHCRLGR.tif,MUC
data/NCT-CRC-HE-100K/MUC/MUC-TIQHLYMD.tif,MUC
data/NCT-CRC-HE-100K/MUC/MUC-YHRPMGGT.tif,MUC
data/NCT-CRC-HE-100K/MUC/MUC-APNIDEVF.tif,MUC
data/NCT-CRC-HE-100K/MUC/MUC-NRHSVEAV.tif,MUC
data/NCT-CRC-HE-100K/MUC/MUC-CNFQLVNE.tif,MUC
data/NCT-CRC-HE-100K/MUC/MUC-YIRAMSWK.tif,MUC
data/NCT-CRC-HE-100K/MUC/MUC-IKNIWNYP.tif,MUC
data/NCT-CRC-HE-100K/MUC/MUC-FFRPPRRS.tif,MUC
data/NCT-CRC-HE-100K/MUC/MUC-KYNICRDN.tif,MUC
data/NCT-CRC-HE-100K/MUC/MUC-CCDFYQAC.tif,MUC
data/NCT-CRC-HE-100K/MUC/MUC-YTYQYSQW.tif,MUC
data/NCT-CRC-HE-100K/MUC/MUC-NMTYSYQT.tif,MUC
data/NCT-CRC-HE-100K/MUC/MUC-GNAISIGK.tif,MUC
data/NCT-CRC-HE-100K/MUC/MUC-KVPWSYGT.tif,MUC
data/NCT-CRC-HE-100K/MUC/MUC-YWISRSCE.tif,MUC
data/NCT-CRC-HE-100K/MUC/MUC-WHCFRASR.tif,MUC
data/NCT-CRC-HE-100K/MUC/MUC-LPWRWEQP.tif,MUC
data/NCT-CRC-HE-100K/MUC/MUC-HIMDGVRQ.tif,MUC
data/NCT-CRC-HE-100K/MUC/MUC-QHICIVPQ.tif,MUC
data/NCT-CRC-HE-100K/MUC/MUC-MWNWMKGK.tif,MUC
data/NCT-CRC-HE-100K/MUC/MUC-MDGQTWTH.tif,MUC
data/NCT-CRC-HE-100K/MUC/MUC-KKSWFWAD.tif,MUC
data/NCT-CRC-HE-100K/MUC/MUC-RLPRVMMM.tif,MUC
data/NCT-CRC-HE-100K/MUC/MUC-AENGSQHC.tif,MUC
data/NCT-CRC-HE-100K/MUC/MUC-DGRQIKVG.tif,MUC
data/NCT-CRC-HE-100K/MUC/MUC-ESGKCAPF.tif,MUC
data/NCT-CRC-HE-100K/MUC/MUC-GCHNERTV.tif,MUC
data/NCT-CRC-HE-100K/MUC/MUC-PEAHNIIM.tif,MUC
data/NCT-CRC-HE-100K/MUC/MUC-HDFSTFGS.tif,MUC
data/NCT-CRC-HE-100K/MUC/MUC-AQSTVEPD.tif,MUC
data/NCT-CRC-HE-100K/MUC/MUC-CMQIVGGD.tif,MUC
data/NCT-CRC-HE-100K/MUC/MUC-YQLHMDIL.tif,MUC
data/NCT-CRC-HE-100K/MUC/MUC-HASSNGWP.tif,MUC
data/NCT-CRC-HE-100K/MUC/MUC-GRDELMWY.tif,MUC
data/NCT-CRC-HE-100K/MUC/MUC-DYGWLWTQ.tif,MUC
data/NCT-CRC-HE-100K/MUC/MUC-GFEEKASK.tif,MUC
data/NCT-CRC-HE-100K/MUC/MUC-GNSRQNWG.tif,MUC
data/NCT-CRC-HE-100K/MUC/MUC-HVEFYRKY.tif,MUC
data/NCT-CRC-HE-100K/MUC/MUC-SAVLGKKY.tif,MUC
data/NCT-CRC-HE-100K/MUC/MUC-RIQCASDW.tif,MUC
data/NCT-CRC-HE-100K/MUC/MUC-QQSWGALM.tif,MUC
data/NCT-CRC-HE-100K/MUC/MUC-MPGYAEPF.tif,MUC
data/NCT-CRC-HE-100K/MUC/MUC-PRQLTWHD.tif,MUC
data/NCT-CRC-HE-100K/MUC/MUC-ANCDYDRA.tif,MUC
data/NCT-CRC-HE-100K/MUC/MUC-KRVAMDQI.tif,MUC
data/NCT-CRC-HE-100K/MUC/MUC-AHTDSRSR.tif,MUC
data/NCT-CRC-HE-100K/MUC/MUC-QPADPYGN.tif,MUC
data/NCT-CRC-HE-100K/MUC/MUC-QNVHMMAT.tif,MUC
data/NCT-CRC-HE-100K/MUC/MUC-PPRHIIGV.tif,MUC
data/NCT-CRC-HE-100K/MUC/MUC-EFYSMVMM.tif,MUC
data/NCT-CRC-HE-100K/MUC/MUC-QSFRTPLA.tif,MUC
data/NCT-CRC-HE-100K/MUC/MUC-QMGFTQDQ.tif,MUC
data/NCT-CRC-HE-100K/MUC/MUC-DLNIPHAH.tif,MUC
data/NCT-CRC-HE-100K/MUC/MUC-SDNTFYGS.tif,MUC
data/NCT-CRC-HE-100K/MUC/MUC-HVWFGDFM.tif,MUC
data/NCT-CRC-HE-100K/MUC/MUC-QHIMRNSE.tif,MUC
data/NCT-CRC-HE-100K/MUC/MUC-LGDTRCNC.tif,MUC
data/NCT-CRC-HE-100K/MUC/MUC-GNHALIHE.tif,MUC
data/NCT-CRC-HE-100K/MUC/MUC-ITATEHFG.tif,MUC
data/NCT-CRC-HE-100K/MUC/MUC-YISISFVM.tif,MUC
data/NCT-CRC-HE-100K/MUC/MUC-HTHFHHNI.tif,MUC
data/NCT-CRC-HE-100K/MUC/MUC-GANYNFGN.tif,MUC
data/NCT-CRC-HE-100K/MUC/MUC-WRKEEAQN.tif,MUC
data/NCT-CRC-HE-100K/MUC/MUC-FEEHSYHE.tif,MUC
data/NCT-CRC-HE-100K/MUC/MUC-EPHTYQIN.tif,MUC
data/NCT-CRC-HE-100K/MUC/MUC-HDPFTRQE.tif,MUC
data/NCT-CRC-HE-100K/MUC/MUC-QETTMDNN.tif,MUC
data/NCT-CRC-HE-100K/MUC/MUC-LIMYWYGK.tif,MUC
data/NCT-CRC-HE-100K/MUC/MUC-VHVLAAPH.tif,MUC
data/NCT-CRC-HE-100K/MUC/MUC-LPSCWEDS.tif,MUC
data/NCT-CRC-HE-100K/MUC/MUC-TNFERSSA.tif,MUC
data/NCT-CRC-HE-100K/MUC/MUC-HSWSDLEK.tif,MUC
data/NCT-CRC-HE-100K/MUC/MUC-RPHFRYPH.tif,MUC
data/NCT-CRC-HE-100K/MUC/MUC-SMAKAFAY.tif,MUC
data/NCT-CRC-HE-100K/MUC/MUC-QHEWKALQ.tif,MUC
data/NCT-CRC-HE-100K/MUC/MUC-EQCNCDVN.tif,MUC
data/NCT-CRC-HE-100K/MUC/MUC-NQCWGTKA.tif,MUC
data/NCT-CRC-HE-100K/MUC/MUC-LMRLRSTS.tif,MUC
data/NCT-CRC-HE-100K/MUC/MUC-HPMMMPVQ.tif,MUC
data/NCT-CRC-HE-100K/MUC/MUC-PIRPFNDH.tif,MUC
data/NCT-CRC-HE-100K/MUC/MUC-TPCRITYA.tif,MUC
data/NCT-CRC-HE-100K/MUC/MUC-ECGLLSEA.tif,MUC
data/NCT-CRC-HE-100K/MUC/MUC-QTWSPWMS.tif,MUC
data/NCT-CRC-HE-100K/MUC/MUC-QTQLHVRH.tif,MUC
data/NCT-CRC-HE-100K/MUC/MUC-QALIPSFN.tif,MUC
data/NCT-CRC-HE-100K/MUC/MUC-GMKNNWKS.tif,MUC
data/NCT-CRC-HE-100K/MUC/MUC-SHGTVGCI.tif,MUC
data/NCT-CRC-HE-100K/MUC/MUC-INLPMMFC.tif,MUC
data/NCT-CRC-HE-100K/MUC/MUC-IHKFDAAA.tif,MUC
data/NCT-CRC-HE-100K/MUC/MUC-GTHTWRWK.tif,MUC
data/NCT-CRC-HE-100K/MUC/MUC-VCHSFNFF.tif,MUC
data/NCT-CRC-HE-100K/MUC/MUC-SSYFVLYF.tif,MUC
data/NCT-CRC-HE-100K/MUC/MUC-KYSQWMWS.tif,MUC
data/NCT-CRC-HE-100K/MUC/MUC-AAWQYHPD.tif,MUC
data/NCT-CRC-HE-100K/MUC/MUC-QMMHDDLI.tif,MUC
data/NCT-CRC-HE-100K/MUC/MUC-GCRRMCYR.tif,MUC
data/NCT-CRC-HE-100K/MUC/MUC-CCWDRQNW.tif,MUC
data/NCT-CRC-HE-100K/MUC/MUC-THRMAFGE.tif,MUC
data/NCT-CRC-HE-100K/MUC/MUC-SDGQRHDT.tif,MUC
data/NCT-CRC-HE-100K/MUC/MUC-ENLTCCYL.tif,MUC
data/NCT-CRC-HE-100K/MUC/MUC-RIFPIICR.tif,MUC
data/NCT-CRC-HE-100K/MUC/MUC-MQGKTAAQ.tif,MUC
data/NCT-CRC-HE-100K/MUC/MUC-SYCEMKRW.tif,MUC
data/NCT-CRC-HE-100K/MUC/MUC-ADDEFSDH.tif,MUC
data/NCT-CRC-HE-100K/MUC/MUC-KKWYTHSP.tif,MUC
data/NCT-CRC-HE-100K/MUC/MUC-VYPRDSQG.tif,MUC
data/NCT-CRC-HE-100K/MUC/MUC-WGYYPWLY.tif,MUC
data/NCT-CRC-HE-100K/MUC/MUC-SRLPTQTM.tif,MUC
data/NCT-CRC-HE-100K/MUC/MUC-RVLWMMWT.tif,MUC
data/NCT-CRC-HE-100K/MUC/MUC-RWTLRWGE.tif,MUC
data/NCT-CRC-HE-100K/MUC/MUC-DHRTKDTI.tif,MUC
data/NCT-CRC-HE-100K/MUC/MUC-NKWFRGFY.tif,MUC
data/NCT-CRC-HE-100K/MUC/MUC-HFFLCDGK.tif,MUC
data/NCT-CRC-HE-100K/MUC/MUC-NSQPRMTQ.tif,MUC
data/NCT-CRC-HE-100K/MUC/MUC-FLWRGYTE.tif,MUC
data/NCT-CRC-HE-100K/MUC/MUC-WQGFSWKK.tif,MUC
data/NCT-CRC-HE-100K/MUC/MUC-TQDVETMA.tif,MUC
data/NCT-CRC-HE-100K/MUC/MUC-GVTYPNIV.tif,MUC
data/NCT-CRC-HE-100K/MUC/MUC-RKMGTCLY.tif,MUC
data/NCT-CRC-HE-100K/MUC/MUC-KKDESIQG.tif,MUC
data/NCT-CRC-HE-100K/MUC/MUC-FQAKRYAI.tif,MUC
data/NCT-CRC-HE-100K/MUC/MUC-LINFAAPG.tif,MUC
data/NCT-CRC-HE-100K/MUC/MUC-APNCVYAS.tif,MUC
data/NCT-CRC-HE-100K/MUC/MUC-TYQSHYWV.tif,MUC
data/NCT-CRC-HE-100K/MUC/MUC-NNDTELYK.tif,MUC
data/NCT-CRC-HE-100K/MUC/MUC-VSEYCRAS.tif,MUC
data/NCT-CRC-HE-100K/MUC/MUC-PVRLSDFK.tif,MUC
data/NCT-CRC-HE-100K/MUC/MUC-WSTDDDVD.tif,MUC
data/NCT-CRC-HE-100K/MUC/MUC-KASDIYPL.tif,MUC
data/NCT-CRC-HE-100K/MUC/MUC-NMKQSFCI.tif,MUC
data/NCT-CRC-HE-100K/MUC/MUC-CACCCWED.tif,MUC
data/NCT-CRC-HE-100K/MUC/MUC-GDKHRGKV.tif,MUC
data/NCT-CRC-HE-100K/MUC/MUC-LYNIGCNI.tif,MUC
data/NCT-CRC-HE-100K/MUC/MUC-INLTDGLA.tif,MUC
data/NCT-CRC-HE-100K/MUC/MUC-AMQNTLRN.tif,MUC
data/NCT-CRC-HE-100K/MUC/MUC-MNFQCHQW.tif,MUC
data/NCT-CRC-HE-100K/MUC/MUC-SYKWVHVN.tif,MUC
data/NCT-CRC-HE-100K/MUC/MUC-KIAEHQDD.tif,MUC
data/NCT-CRC-HE-100K/MUC/MUC-AFIWKKLY.tif,MUC
data/NCT-CRC-HE-100K/MUC/MUC-KDAVEPAM.tif,MUC
data/NCT-CRC-HE-100K/MUC/MUC-RHGDMHLS.tif,MUC
data/NCT-CRC-HE-100K/MUC/MUC-FYKKFAEQ.tif,MUC
data/NCT-CRC-HE-100K/MUC/MUC-LGTFKNTY.tif,MUC
data/NCT-CRC-HE-100K/MUC/MUC-IHIFKLTW.tif,MUC
data/NCT-CRC-HE-100K/MUC/MUC-FPTDALNR.tif,MUC
data/NCT-CRC-HE-100K/MUC/MUC-RKSLSERT.tif,MUC
data/NCT-CRC-HE-100K/MUC/MUC-VSMLTIQV.tif,MUC
data/NCT-CRC-HE-100K/MUC/MUC-QHPVEEIQ.tif,MUC
data/NCT-CRC-HE-100K/MUC/MUC-VIYYHSPK.tif,MUC
data/NCT-CRC-HE-100K/MUC/MUC-GASGECQQ.tif,MUC
data/NCT-CRC-HE-100K/MUC/MUC-CCWDNTWR.tif,MUC
data/NCT-CRC-HE-100K/MUC/MUC-RPTEDTWL.tif,MUC
data/NCT-CRC-HE-100K/MUC/MUC-SPYEWAVS.tif,MUC
data/NCT-CRC-HE-100K/MUC/MUC-PSNSNTKF.tif,MUC
data/NCT-CRC-HE-100K/MUC/MUC-NKSINKKL.tif,MUC
data/NCT-CRC-HE-100K/MUC/MUC-GHHKDINE.tif,MUC
data/NCT-CRC-HE-100K/MUC/MUC-MQVIRFFQ.tif,MUC
data/NCT-CRC-HE-100K/MUC/MUC-WLPELFWM.tif,MUC
data/NCT-CRC-HE-100K/MUC/MUC-LNFIVYPW.tif,MUC
data/NCT-CRC-HE-100K/MUC/MUC-RQGDMPCN.tif,MUC
data/NCT-CRC-HE-100K/MUC/MUC-KVRCCYNL.tif,MUC
data/NCT-CRC-HE-100K/MUC/MUC-VDQRESQC.tif,MUC
data/NCT-CRC-HE-100K/MUC/MUC-IIWHLQMV.tif,MUC
data/NCT-CRC-HE-100K/MUC/MUC-HRNRAWTW.tif,MUC
data/NCT-CRC-HE-100K/MUC/MUC-WITKKLHS.tif,MUC
data/NCT-CRC-HE-100K/MUC/MUC-TWNDNLSR.tif,MUC
data/NCT-CRC-HE-100K/MUC/MUC-CIYKCLQN.tif,MUC
data/NCT-CRC-HE-100K/MUC/MUC-SEMEAVIV.tif,MUC
data/NCT-CRC-HE-100K/MUC/MUC-IKDMGGGW.tif,MUC
data/NCT-CRC-HE-100K/MUC/MUC-YKYFSMLF.tif,MUC
data/NCT-CRC-HE-100K/MUC/MUC-MTGGYDNP.tif,MUC
data/NCT-CRC-HE-100K/MUC/MUC-EWACIIFS.tif,MUC
data/NCT-CRC-HE-100K/MUC/MUC-NKHCEMLY.tif,MUC
data/NCT-CRC-HE-100K/MUC/MUC-LWSEVEHE.tif,MUC
data/NCT-CRC-HE-100K/MUC/MUC-GNKSGQYN.tif,MUC
data/NCT-CRC-HE-100K/MUC/MUC-IQHATQNQ.tif,MUC
data/NCT-CRC-HE-100K/MUC/MUC-NHTKMSWR.tif,MUC
data/NCT-CRC-HE-100K/MUC/MUC-FVASENGC.tif,MUC
data/NCT-CRC-HE-100K/MUC/MUC-HCLSEGAG.tif,MUC
data/NCT-CRC-HE-100K/MUC/MUC-PVARVPSM.tif,MUC
data/NCT-CRC-HE-100K/MUC/MUC-IQFMFQHS.tif,MUC
data/NCT-CRC-HE-100K/MUC/MUC-GVVCMHCK.tif,MUC
data/NCT-CRC-HE-100K/MUC/MUC-EWRKEGHV.tif,MUC
data/NCT-CRC-HE-100K/MUC/MUC-FQWSEVRT.tif,MUC
data/NCT-CRC-HE-100K/MUC/MUC-LGFECTDM.tif,MUC
data/NCT-CRC-HE-100K/MUC/MUC-MNCESEDT.tif,MUC
data/NCT-CRC-HE-100K/MUC/MUC-MLCVQKPP.tif,MUC
data/NCT-CRC-HE-100K/MUC/MUC-HTIIDWQV.tif,MUC
data/NCT-CRC-HE-100K/MUC/MUC-MGYDDMGY.tif,MUC
data/NCT-CRC-HE-100K/MUC/MUC-FATTMCAQ.tif,MUC
data/NCT-CRC-HE-100K/MUC/MUC-SGYVWYSH.tif,MUC
data/NCT-CRC-HE-100K/MUC/MUC-LNQERRHV.tif,MUC
data/NCT-CRC-HE-100K/MUC/MUC-PHCKKMST.tif,MUC
data/NCT-CRC-HE-100K/MUC/MUC-YIYVWVAY.tif,MUC
data/NCT-CRC-HE-100K/MUC/MUC-LNQFPYIK.tif,MUC
data/NCT-CRC-HE-100K/MUC/MUC-FARPNCMF.tif,MUC
data/NCT-CRC-HE-100K/MUC/MUC-DEPMICGI.tif,MUC
data/NCT-CRC-HE-100K/MUC/MUC-CAQTMSHL.tif,MUC
data/NCT-CRC-HE-100K/MUC/MUC-PPADHCEF.tif,MUC
data/NCT-CRC-HE-100K/MUC/MUC-SQQCYMSN.tif,MUC
data/NCT-CRC-HE-100K/MUC/MUC-VWTDWEFV.tif,MUC
data/NCT-CRC-HE-100K/MUC/MUC-NQMKRNSV.tif,MUC
data/NCT-CRC-HE-100K/MUC/MUC-KKSGYMPF.tif,MUC
data/NCT-CRC-HE-100K/MUC/MUC-FKIDCHQG.tif,MUC
data/NCT-CRC-HE-100K/MUC/MUC-SRLSFYGT.tif,MUC
data/NCT-CRC-HE-100K/MUC/MUC-SNVQWEMC.tif,MUC
data/NCT-CRC-HE-100K/MUC/MUC-EDYRGWSS.tif,MUC
data/NCT-CRC-HE-100K/MUC/MUC-LENECIGK.tif,MUC
data/NCT-CRC-HE-100K/MUC/MUC-PRATGVDL.tif,MUC
data/NCT-CRC-HE-100K/MUC/MUC-GNGWTSIS.tif,MUC
data/NCT-CRC-HE-100K/MUC/MUC-CLPMTRHT.tif,MUC
data/NCT-CRC-HE-100K/MUC/MUC-AHFKFPFY.tif,MUC
data/NCT-CRC-HE-100K/MUC/MUC-FQPDMDWY.tif,MUC
data/NCT-CRC-HE-100K/MUC/MUC-RGWGVVGP.tif,MUC
data/NCT-CRC-HE-100K/MUC/MUC-QMFFEPCT.tif,MUC
data/NCT-CRC-HE-100K/MUC/MUC-QTCNQPRN.tif,MUC
data/NCT-CRC-HE-100K/MUC/MUC-PHKGLEEE.tif,MUC
data/NCT-CRC-HE-100K/MUC/MUC-RRSNDVCL.tif,MUC
data/NCT-CRC-HE-100K/MUC/MUC-YVFNSKSQ.tif,MUC
data/NCT-CRC-HE-100K/MUC/MUC-FDTRWMGA.tif,MUC
data/NCT-CRC-HE-100K/MUC/MUC-ICTFSHCM.tif,MUC
data/NCT-CRC-HE-100K/MUC/MUC-IRWDPYGC.tif,MUC
data/NCT-CRC-HE-100K/MUC/MUC-NVKFECFT.tif,MUC
data/NCT-CRC-HE-100K/MUC/MUC-RTTHEDSV.tif,MUC
data/NCT-CRC-HE-100K/MUC/MUC-GIRPSSGM.tif,MUC
data/NCT-CRC-HE-100K/MUC/MUC-CMFPYKNI.tif,MUC
data/NCT-CRC-HE-100K/MUC/MUC-CERVQPAG.tif,MUC
data/NCT-CRC-HE-100K/MUC/MUC-QDFEIIDM.tif,MUC
data/NCT-CRC-HE-100K/MUC/MUC-IPERFIDW.tif,MUC
data/NCT-CRC-HE-100K/MUC/MUC-FGQMGRGE.tif,MUC
data/NCT-CRC-HE-100K/MUC/MUC-SFRCCCYD.tif,MUC
data/NCT-CRC-HE-100K/MUC/MUC-INNTVIAG.tif,MUC
data/NCT-CRC-HE-100K/MUC/MUC-PLLKQPFA.tif,MUC
data/NCT-CRC-HE-100K/MUC/MUC-EKDLPHDG.tif,MUC
data/NCT-CRC-HE-100K/MUC/MUC-EVLWRQSG.tif,MUC
data/NCT-CRC-HE-100K/MUC/MUC-MCPDLRSR.tif,MUC
data/NCT-CRC-HE-100K/MUC/MUC-KQVFINDN.tif,MUC
data/NCT-CRC-HE-100K/MUC/MUC-IVRCPYDQ.tif,MUC
data/NCT-CRC-HE-100K/MUC/MUC-RFEGNILP.tif,MUC
data/NCT-CRC-HE-100K/MUC/MUC-IHAEFPHS.tif,MUC
data/NCT-CRC-HE-100K/MUC/MUC-IKSTNSQI.tif,MUC
data/NCT-CRC-HE-100K/MUC/MUC-AITIVREQ.tif,MUC
data/NCT-CRC-HE-100K/MUS/MUS-NDLKFFNR.tif,MUS
data/NCT-CRC-HE-100K/MUS/MUS-HCSCIHTH.tif,MUS
data/NCT-CRC-HE-100K/MUS/MUS-KYIPSCIP.tif,MUS
data/NCT-CRC-HE-100K/MUS/MUS-SFGCDNWQ.tif,MUS
data/NCT-CRC-HE-100K/MUS/MUS-TRSFWKPY.tif,MUS
data/NCT-CRC-HE-100K/MUS/MUS-FPWWSKDK.tif,MUS
data/NCT-CRC-HE-100K/MUS/MUS-MVCWIAGR.tif,MUS
data/NCT-CRC-HE-100K/MUS/MUS-DFLNLEQF.tif,MUS
data/NCT-CRC-HE-100K/MUS/MUS-VFTDQPGT.tif,MUS
data/NCT-CRC-HE-100K/MUS/MUS-TADFCQSS.tif,MUS
data/NCT-CRC-HE-100K/MUS/MUS-QEHAPKSH.tif,MUS
data/NCT-CRC-HE-100K/MUS/MUS-ITLIIKRT.tif,MUS
data/NCT-CRC-HE-100K/MUS/MUS-QNDCSGRQ.tif,MUS
data/NCT-CRC-HE-100K/MUS/MUS-IELPTVSS.tif,MUS
data/NCT-CRC-HE-100K/MUS/MUS-GKRVDHNN.tif,MUS
data/NCT-CRC-HE-100K/MUS/MUS-MTYIPEEI.tif,MUS
data/NCT-CRC-HE-100K/MUS/MUS-GAYLAHMW.tif,MUS
data/NCT-CRC-HE-100K/MUS/MUS-MQEPYIPP.tif,MUS
data/NCT-CRC-HE-100K/MUS/MUS-PIDWYHKT.tif,MUS
data/NCT-CRC-HE-100K/MUS/MUS-FNMKDHTW.tif,MUS
data/NCT-CRC-HE-100K/MUS/MUS-PCQMCFWH.tif,MUS
data/NCT-CRC-HE-100K/MUS/MUS-CDVSPDIH.tif,MUS
data/NCT-CRC-HE-100K/MUS/MUS-PCQSADNF.tif,MUS
data/NCT-CRC-HE-100K/MUS/MUS-RDGHCKIR.tif,MUS
data/NCT-CRC-HE-100K/MUS/MUS-DIKRYCIK.tif,MUS
data/NCT-CRC-HE-100K/MUS/MUS-GSDFLYCH.tif,MUS
data/NCT-CRC-HE-100K/MUS/MUS-LGINAEYP.tif,MUS
data/NCT-CRC-HE-100K/MUS/MUS-QQSAQMSE.tif,MUS
data/NCT-CRC-HE-100K/MUS/MUS-DFIEADAV.tif,MUS
data/NCT-CRC-HE-100K/MUS/MUS-TPDFIKSG.tif,MUS
data/NCT-CRC-HE-100K/MUS/MUS-ATQDCAYK.tif,MUS
data/NCT-CRC-HE-100K/MUS/MUS-DETNCHSL.tif,MUS
data/NCT-CRC-HE-100K/MUS/MUS-ICGIIVQM.tif,MUS
data/NCT-CRC-HE-100K/MUS/MUS-IDKPIIRF.tif,MUS
data/NCT-CRC-HE-100K/MUS/MUS-DMFYDESG.tif,MUS
data/NCT-CRC-HE-100K/MUS/MUS-QGTNANKD.tif,MUS
data/NCT-CRC-HE-100K/MUS/MUS-HDQNNAMM.tif,MUS
data/NCT-CRC-HE-100K/MUS/MUS-DEEQHLAL.tif,MUS
data/NCT-CRC-HE-100K/MUS/MUS-GEWTFEVH.tif,MUS
data/NCT-CRC-HE-100K/MUS/MUS-TRYHYCGG.tif,MUS
data/NCT-CRC-HE-100K/MUS/MUS-HMLGPIKC.tif,MUS
data/NCT-CRC-HE-100K/MUS/MUS-TSIAIMCH.tif,MUS
data/NCT-CRC-HE-100K/MUS/MUS-PEQWFLQK.tif,MUS
data/NCT-CRC-HE-100K/MUS/MUS-CKPCITWW.tif,MUS
data/NCT-CRC-HE-100K/MUS/MUS-DDYANQHQ.tif,MUS
data/NCT-CRC-HE-100K/MUS/MUS-KKISTLHE.tif,MUS
data/NCT-CRC-HE-100K/MUS/MUS-MFWQDSVY.tif,MUS
data/NCT-CRC-HE-100K/MUS/MUS-EFNETMMP.tif,MUS
data/NCT-CRC-HE-100K/MUS/MUS-HYRWPFQL.tif,MUS
data/NCT-CRC-HE-100K/MUS/MUS-FVDGFFLK.tif,MUS
data/NCT-CRC-HE-100K/MUS/MUS-DTRYDPWG.tif,MUS
data/NCT-CRC-HE-100K/MUS/MUS-GDYKSELI.tif,MUS
data/NCT-CRC-HE-100K/MUS/MUS-DYRGKKCW.tif,MUS
data/NCT-CRC-HE-100K/MUS/MUS-AVMYGADM.tif,MUS
data/NCT-CRC-HE-100K/MUS/MUS-SFDYMADV.tif,MUS
data/NCT-CRC-HE-100K/MUS/MUS-PENQYEIE.tif,MUS
data/NCT-CRC-HE-100K/MUS/MUS-CFICHCFP.tif,MUS
data/NCT-CRC-HE-100K/MUS/MUS-LYEWHCFQ.tif,MUS
data/NCT-CRC-HE-100K/MUS/MUS-MEHNMTCR.tif,MUS
data/NCT-CRC-HE-100K/MUS/MUS-NQGTLLMT.tif,MUS
data/NCT-CRC-HE-100K/MUS/MUS-NSQTQDAS.tif,MUS
data/NCT-CRC-HE-100K/MUS/MUS-GCQTAKRS.tif,MUS
data/NCT-CRC-HE-100K/MUS/MUS-LCVPKEFH.tif,MUS
data/NCT-CRC-HE-100K/MUS/MUS-GIAQLYAV.tif,MUS
data/NCT-CRC-HE-100K/MUS/MUS-FRDKRLLN.tif,MUS
data/NCT-CRC-HE-100K/MUS/MUS-QHNAHCLV.tif,MUS
data/NCT-CRC-HE-100K/MUS/MUS-VHASKFAV.tif,MUS
data/NCT-CRC-HE-100K/MUS/MUS-DEAQDECS.tif,MUS
data/NCT-CRC-HE-100K/MUS/MUS-IEHNKKHV.tif,MUS
data/NCT-CRC-HE-100K/MUS/MUS-ESKFYADA.tif,MUS
data/NCT-CRC-HE-100K/MUS/MUS-SFSPPIEI.tif,MUS
data/NCT-CRC-HE-100K/MUS/MUS-HIMEDYPD.tif,MUS
data/NCT-CRC-HE-100K/MUS/MUS-DFMQRGWK.tif,MUS
data/NCT-CRC-HE-100K/MUS/MUS-LPCVDYTN.tif,MUS
data/NCT-CRC-HE-100K/MUS/MUS-LPRQPHDQ.tif,MUS
data/NCT-CRC-HE-100K/MUS/MUS-FIILGCKI.tif,MUS
data/NCT-CRC-HE-100K/MUS/MUS-QVIDEARW.tif,MUS
data/NCT-CRC-HE-100K/MUS/MUS-MEEIYRKK.tif,MUS
data/NCT-CRC-HE-100K/MUS/MUS-GQQNYYWW.tif,MUS
data/NCT-CRC-HE-100K/MUS/MUS-TQYIIESG.tif,MUS
data/NCT-CRC-HE-100K/MUS/MUS-MFKEVDCQ.tif,MUS
data/NCT-CRC-HE-100K/MUS/MUS-FDAPVGYC.tif,MUS
data/NCT-CRC-HE-100K/MUS/MUS-VDCPRVSW.tif,MUS
data/NCT-CRC-HE-100K/MUS/MUS-LQSCAEQE.tif,MUS
data/NCT-CRC-HE-100K/MUS/MUS-RGNDPCQN.tif,MUS
data/NCT-CRC-HE-100K/MUS/MUS-ELKTFVYG.tif,MUS
data/NCT-CRC-HE-100K/MUS/MUS-PVNIQTLN.tif,MUS
data/NCT-CRC-HE-100K/MUS/MUS-FPKCFKPY.tif,MUS
data/NCT-CRC-HE-100K/MUS/MUS-PELKRAME.tif,MUS
data/NCT-CRC-HE-100K/MUS/MUS-KQGVCCND.tif,MUS
data/NCT-CRC-HE-100K/MUS/MUS-INDDCCHT.tif,MUS
data/NCT-CRC-HE-100K/MUS/MUS-LFLHVVSV.tif,MUS
data/NCT-CRC-HE-100K/MUS/MUS-GQSCFNAI.tif,MUS
data/NCT-CRC-HE-100K/MUS/MUS-KKAEARAW.tif,MUS
data/NCT-CRC-HE-100K/MUS/MUS-EPDARSWK.tif,MUS
data/NCT-CRC-HE-100K/MUS/MUS-DTYEQGEM.tif,MUS
data/NCT-CRC-HE-100K/MUS/MUS-SIVCMPRE.tif,MUS
data/NCT-CRC-HE-100K/MUS/MUS-PRRLVCTW.tif,MUS
data/NCT-CRC-HE-100K/MUS/MUS-NMTMRPMY.tif,MUS
data/NCT-CRC-HE-100K/MUS/MUS-MLCNWECQ.tif,MUS
data/NCT-CRC-HE-100K/MUS/MUS-DKCERMLL.tif,MUS
data/NCT-CRC-HE-100K/MUS/MUS-TYGPWVTG.tif,MUS
data/NCT-CRC-HE-100K/MUS/MUS-GCKDNCVG.tif,MUS
data/NCT-CRC-HE-100K/MUS/MUS-QAEGPMSY.tif,MUS
data/NCT-CRC-HE-100K/MUS/MUS-IKRPIFYR.tif,MUS
data/NCT-CRC-HE-100K/MUS/MUS-RNAQRFLI.tif,MUS
data/NCT-CRC-HE-100K/MUS/MUS-PCPASHSN.tif,MUS
data/NCT-CRC-HE-100K/MUS/MUS-GYMLRTSC.tif,MUS
data/NCT-CRC-HE-100K/MUS/MUS-AEKWVYKL.tif,MUS
data/NCT-CRC-HE-100K/MUS/MUS-HNIAHKHP.tif,MUS
data/NCT-CRC-HE-100K/MUS/MUS-LNARIEPY.tif,MUS
data/NCT-CRC-HE-100K/MUS/MUS-FNKWMKRR.tif,MUS
data/NCT-CRC-HE-100K/MUS/MUS-KMIMCHHR.tif,MUS
data/NCT-CRC-HE-100K/MUS/MUS-FTYMRSIS.tif,MUS
data/NCT-CRC-HE-100K/MUS/MUS-HGEFAVHM.tif,MUS
data/NCT-CRC-HE-100K/MUS/MUS-PIEKPMKN.tif,MUS
data/NCT-CRC-HE-100K/MUS/MUS-HSNNLWAD.tif,MUS
data/NCT-CRC-HE-100K/MUS/MUS-ANEFHVNY.tif,MUS
data/NCT-CRC-HE-100K/MUS/MUS-ISGKRQKA.tif,MUS
data/NCT-CRC-HE-100K/MUS/MUS-VGWDESDF.tif,MUS
data/NCT-CRC-HE-100K/MUS/MUS-ASNQWYIL.tif,MUS
data/NCT-CRC-HE-100K/MUS/MUS-LEAQHMHP.tif,MUS
data/NCT-CRC-HE-100K/MUS/MUS-SMLKNEII.tif,MUS
data/NCT-CRC-HE-100K/MUS/MUS-SYQLMHGS.tif,MUS
data/NCT-CRC-HE-100K/MUS/MUS-ANKTTGIV.tif,MUS
data/NCT-CRC-HE-100K/MUS/MUS-PFLENDFS.tif,MUS
data/NCT-CRC-HE-100K/MUS/MUS-TVLKCDRE.tif,MUS
data/NCT-CRC-HE-100K/MUS/MUS-QIEQEYCW.tif,MUS
data/NCT-CRC-HE-100K/MUS/MUS-NQTDVEKI.tif,MUS
data/NCT-CRC-HE-100K/MUS/MUS-TTAHWWMH.tif,MUS
data/NCT-CRC-HE-100K/MUS/MUS-ALYMHDCD.tif,MUS
data/NCT-CRC-HE-100K/MUS/MUS-SWNLKPFF.tif,MUS
data/NCT-CRC-HE-100K/MUS/MUS-CCMIGSAK.tif,MUS
data/NCT-CRC-HE-100K/MUS/MUS-CFCGETED.tif,MUS
data/NCT-CRC-HE-100K/MUS/MUS-KRMSARPM.tif,MUS
data/NCT-CRC-HE-100K/MUS/MUS-HLSCGPKN.tif,MUS
data/NCT-CRC-HE-100K/MUS/MUS-LQVDTAAM.tif,MUS
data/NCT-CRC-HE-100K/MUS/MUS-IDWYVQRM.tif,MUS
data/NCT-CRC-HE-100K/MUS/MUS-QSADKADH.tif,MUS
data/NCT-CRC-HE-100K/MUS/MUS-ANWKHEYW.tif,MUS
data/NCT-CRC-HE-100K/MUS/MUS-NVFKNVKM.tif,MUS
data/NCT-CRC-HE-100K/MUS/MUS-KFLWYPQI.tif,MUS
data/NCT-CRC-HE-100K/MUS/MUS-DHMVEPAE.tif,MUS
data/NCT-CRC-HE-100K/MUS/MUS-LAGLRGCQ.tif,MUS
data/NCT-CRC-HE-100K/MUS/MUS-GWGNGHMT.tif,MUS
data/NCT-CRC-HE-100K/MUS/MUS-TVRPHYCI.tif,MUS
data/NCT-CRC-HE-100K/MUS/MUS-SPTIDMMG.tif,MUS
data/NCT-CRC-HE-100K/MUS/MUS-AYPQCAFF.tif,MUS
data/NCT-CRC-HE-100K/MUS/MUS-VAECNPAH.tif,MUS
data/NCT-CRC-HE-100K/MUS/MUS-IHFCAHCQ.tif,MUS
data/NCT-CRC-HE-100K/MUS/MUS-AYWCLYAD.tif,MUS
data/NCT-CRC-HE-100K/MUS/MUS-CIVWVYYP.tif,MUS
data/NCT-CRC-HE-100K/MUS/MUS-IMFFINHT.tif,MUS
data/NCT-CRC-HE-100K/MUS/MUS-QYHDSQRI.tif,MUS
data/NCT-CRC-HE-100K/MUS/MUS-VCTGKIHE.tif,MUS
data/NCT-CRC-HE-100K/MUS/MUS-RISWYGMT.tif,MUS
data/NCT-CRC-HE-100K/MUS/MUS-TFVGSQPS.tif,MUS
data/NCT-CRC-HE-100K/MUS/MUS-REMIGLRD.tif,MUS
data/NCT-CRC-HE-100K/MUS/MUS-DPEMTDQW.tif,MUS
data/NCT-CRC-HE-100K/MUS/MUS-QGGPQTIH.tif,MUS
data/NCT-CRC-HE-100K/MUS/MUS-RQWTCQQN.tif,MUS
data/NCT-CRC-HE-100K/MUS/MUS-SVDICTWK.tif,MUS
data/NCT-CRC-HE-100K/MUS/MUS-AHDEYKRC.tif,MUS
data/NCT-CRC-HE-100K/MUS/MUS-QLLDVWNV.tif,MUS
data/NCT-CRC-HE-100K/MUS/MUS-NEWNQTMI.tif,MUS
data/NCT-CRC-HE-100K/MUS/MUS-QLMQRNDN.tif,MUS
data/NCT-CRC-HE-100K/MUS/MUS-DEGKKKLF.tif,MUS
data/NCT-CRC-HE-100K/MUS/MUS-PFVAHKCN.tif,MUS
data/NCT-CRC-HE-100K/MUS/MUS-TANGELHN.tif,MUS
data/NCT-CRC-HE-100K/MUS/MUS-NMHKCTAK.tif,MUS
data/NCT-CRC-HE-100K/MUS/MUS-ASKWMKYT.tif,MUS
data/NCT-CRC-HE-100K/MUS/MUS-FNNDMTRH.tif,MUS
data/NCT-CRC-HE-100K/MUS/MUS-PQCGPLPT.tif,MUS
data/NCT-CRC-HE-100K/MUS/MUS-PIWIHTCA.tif,MUS
data/NCT-CRC-HE-100K/MUS/MUS-KTKKDPQL.tif,MUS
data/NCT-CRC-HE-100K/MUS/MUS-HCDRNNVF.tif,MUS
data/NCT-CRC-HE-100K/MUS/MUS-DFFAPYIL.tif,MUS
data/NCT-CRC-HE-100K/MUS/MUS-DILDDFCV.tif,MUS
data/NCT-CRC-HE-100K/MUS/MUS-EVVDGPMK.tif,MUS
data/NCT-CRC-HE-100K/MUS/MUS-DQFVEHWD.tif,MUS
data/NCT-CRC-HE-100K/MUS/MUS-EIKDVHAS.tif,MUS
data/NCT-CRC-HE-100K/MUS/MUS-NTPMAMKM.tif,MUS
data/NCT-CRC-HE-100K/MUS/MUS-GEGFHENI.tif,MUS
data/NCT-CRC-HE-100K/MUS/MUS-GADTMRYA.tif,MUS
data/NCT-CRC-HE-100K/MUS/MUS-MHDIYSAN.tif,MUS
data/NCT-CRC-HE-100K/MUS/MUS-PWIRNILF.tif,MUS
data/NCT-CRC-HE-100K/MUS/MUS-GPQNTLDH.tif,MUS
data/NCT-CRC-HE-100K/MUS/MUS-KNVQTYTI.tif,MUS
data/NCT-CRC-HE-100K/MUS/MUS-FKGMWALK.tif,MUS
data/NCT-CRC-HE-100K/MUS/MUS-CDVILCVN.tif,MUS
data/NCT-CRC-HE-100K/MUS/MUS-NDICGQTD.tif,MUS
data/NCT-CRC-HE-100K/MUS/MUS-NGNDILRQ.tif,MUS
data/NCT-CRC-HE-100K/MUS/MUS-MKFELVEE.tif,MUS
data/NCT-CRC-HE-100K/MUS/MUS-CQDFDYQD.tif,MUS
data/NCT-CRC-HE-100K/MUS/MUS-FWQSKYEA.tif,MUS
data/NCT-CRC-HE-100K/MUS/MUS-DTPPNRDS.tif,MUS
data/NCT-CRC-HE-100K/MUS/MUS-KLICGAPE.tif,MUS
data/NCT-CRC-HE-100K/MUS/MUS-RRKQADKK.tif,MUS
data/NCT-CRC-HE-100K/MUS/MUS-RCPFRLVD.tif,MUS
data/NCT-CRC-HE-100K/MUS/MUS-LSNPCGCC.tif,MUS
data/NCT-CRC-HE-100K/MUS/MUS-CLDQVYAL.tif,MUS
data/NCT-CRC-HE-100K/MUS/MUS-GHIFQYYM.tif,MUS
data/NCT-CRC-HE-100K/MUS/MUS-FWNVKAQN.tif,MUS
data/NCT-CRC-HE-100K/MUS/MUS-TFVWCGLF.tif,MUS
data/NCT-CRC-HE-100K/MUS/MUS-DPEKKTYW.tif,MUS
data/NCT-CRC-HE-100K/MUS/MUS-EIITHDPD.tif,MUS
data/NCT-CRC-HE-100K/MUS/MUS-LGVHQYNR.tif,MUS
data/NCT-CRC-HE-100K/MUS/MUS-RHYLILSS.tif,MUS
data/NCT-CRC-HE-100K/MUS/MUS-MLGGPGRY.tif,MUS
data/NCT-CRC-HE-100K/MUS/MUS-LAAFEEIL.tif,MUS
data/NCT-CRC-HE-100K/MUS/MUS-GNDRCLAC.tif,MUS
data/NCT-CRC-HE-100K/MUS/MUS-VFWPWMTN.tif,MUS
data/NCT-CRC-HE-100K/MUS/MUS-FDNSCNMF.tif,MUS
data/NCT-CRC-HE-100K/MUS/MUS-NRLDEQTN.tif,MUS
data/NCT-CRC-HE-100K/MUS/MUS-ATIESHAC.tif,MUS
data/NCT-CRC-HE-100K/MUS/MUS-NSTWGQLR.tif,MUS
data/NCT-CRC-HE-100K/MUS/MUS-RTYKWDAC.tif,MUS
data/NCT-CRC-HE-100K/MUS/MUS-REMWRMEC.tif,MUS
data/NCT-CRC-HE-100K/MUS/MUS-KIWRRWYH.tif,MUS
data/NCT-CRC-HE-100K/MUS/MUS-EIHDCGQP.tif,MUS
data/NCT-CRC-HE-100K/MUS/MUS-RWGLWNRI.tif,MUS
data/NCT-CRC-HE-100K/MUS/MUS-MMILQVTL.tif,MUS
data/NCT-CRC-HE-100K/MUS/MUS-SSISEHNH.tif,MUS
data/NCT-CRC-HE-100K/MUS/MUS-VEPHFGDK.tif,MUS
data/NCT-CRC-HE-100K/MUS/MUS-EACAHEAY.tif,MUS
data/NCT-CRC-HE-100K/MUS/MUS-HNYWVIYD.tif,MUS
data/NCT-CRC-HE-100K/MUS/MUS-KHERTWTW.tif,MUS
data/NCT-CRC-HE-100K/MUS/MUS-PKYPEYRS.tif,MUS
data/NCT-CRC-HE-100K/MUS/MUS-MFSHWPDS.tif,MUS
data/NCT-CRC-HE-100K/MUS/MUS-RFKPPPPT.tif,MUS
data/NCT-CRC-HE-100K/MUS/MUS-LSAICNDF.tif,MUS
data/NCT-CRC-HE-100K/MUS/MUS-PRPAFRYM.tif,MUS
data/NCT-CRC-HE-100K/MUS/MUS-SSVIISCC.tif,MUS
data/NCT-CRC-HE-100K/MUS/MUS-VCHRLCMF.tif,MUS
data/NCT-CRC-HE-100K/MUS/MUS-LAGVSYQF.tif,MUS
data/NCT-CRC-HE-100K/MUS/MUS-IEEARKKM.tif,MUS
data/NCT-CRC-HE-100K/MUS/MUS-TKCSTNLK.tif,MUS
data/NCT-CRC-HE-100K/MUS/MUS-QQGMNNTS.tif,MUS
data/NCT-CRC-HE-100K/MUS/MUS-NHYKLVDP.tif,MUS
data/NCT-CRC-HE-100K/MUS/MUS-CKIVNTDR.tif,MUS
data/NCT-CRC-HE-100K/MUS/MUS-HKVSWDAT.tif,MUS
data/NCT-CRC-HE-100K/MUS/MUS-NIPETTNM.tif,MUS
data/NCT-CRC-HE-100K/MUS/MUS-MRAYCSHG.tif,MUS
data/NCT-CRC-HE-100K/MUS/MUS-GDRQDYSQ.tif,MUS
data/NCT-CRC-HE-100K/MUS/MUS-IHQQHCRF.tif,MUS
data/NCT-CRC-HE-100K/MUS/MUS-VMGMRAST.tif,MUS
data/NCT-CRC-HE-100K/MUS/MUS-SIFRAVTR.tif,MUS
data/NCT-CRC-HE-100K/MUS/MUS-HMTMPCER.tif,MUS
data/NCT-CRC-HE-100K/MUS/MUS-GEPYFEIL.tif,MUS
data/NCT-CRC-HE-100K/MUS/MUS-MVWSEVVH.tif,MUS
data/NCT-CRC-HE-100K/MUS/MUS-LGYVQRVC.tif,MUS
data/NCT-CRC-HE-100K/MUS/MUS-GVSEGIKK.tif,MUS
data/NCT-CRC-HE-100K/MUS/MUS-HHEHLIIW.tif,MUS
data/NCT-CRC-HE-100K/MUS/MUS-TRYTVGVC.tif,MUS
data/NCT-CRC-HE-100K/MUS/MUS-KFADLCNR.tif,MUS
data/NCT-CRC-HE-100K/MUS/MUS-HWTVEIAA.tif,MUS
data/NCT-CRC-HE-100K/MUS/MUS-STENWKIT.tif,MUS
data/NCT-CRC-HE-100K/MUS/MUS-HVSLMWSW.tif,MUS
data/NCT-CRC-HE-100K/MUS/MUS-FMCSFKNW.tif,MUS
data/NCT-CRC-HE-100K/MUS/MUS-DDQLWPHN.tif,MUS
data/NCT-CRC-HE-100K/MUS/MUS-HMMNDTKE.tif,MUS
data/NCT-CRC-HE-100K/MUS/MUS-HKYAWNLH.tif,MUS
data/NCT-CRC-HE-100K/MUS/MUS-FFAPRTSN.tif,MUS
data/NCT-CRC-HE-100K/MUS/MUS-DFIRAFAV.tif,MUS
data/NCT-CRC-HE-100K/MUS/MUS-GFSEHFCY.tif,MUS
data/NCT-CRC-HE-100K/MUS/MUS-KSEENQYA.tif,MUS
data/NCT-CRC-HE-100K/MUS/MUS-NIHHLSVE.tif,MUS
data/NCT-CRC-HE-100K/MUS/MUS-ENCNITQL.tif,MUS
data/NCT-CRC-HE-100K/MUS/MUS-HSWGIMQF.tif,MUS
data/NCT-CRC-HE-100K/MUS/MUS-FNVDIPYR.tif,MUS
data/NCT-CRC-HE-100K/MUS/MUS-KYFMPIDV.tif,MUS
data/NCT-CRC-HE-100K/MUS/MUS-TVDNYIFS.tif,MUS
data/NCT-CRC-HE-100K/MUS/MUS-LWELSWFL.tif,MUS
data/NCT-CRC-HE-100K/MUS/MUS-GGWKHQGC.tif,MUS
data/NCT-CRC-HE-100K/MUS/MUS-GWRLPWNP.tif,MUS
data/NCT-CRC-HE-100K/MUS/MUS-NDNNTQAP.tif,MUS
data/NCT-CRC-HE-100K/MUS/MUS-IVFRESPF.tif,MUS
data/NCT-CRC-HE-100K/MUS/MUS-KKQIKPDT.tif,MUS
data/NCT-CRC-HE-100K/MUS/MUS-CLAQFYNH.tif,MUS
data/NCT-CRC-HE-100K/MUS/MUS-PMESRALL.tif,MUS
data/NCT-CRC-HE-100K/MUS/MUS-MEGTCYWM.tif,MUS
data/NCT-CRC-HE-100K/MUS/MUS-LKHCPFHN.tif,MUS
data/NCT-CRC-HE-100K/MUS/MUS-RMALVHYK.tif,MUS
data/NCT-CRC-HE-100K/MUS/MUS-DDYIKKKM.tif,MUS
data/NCT-CRC-HE-100K/MUS/MUS-ENWYEKRP.tif,MUS
data/NCT-CRC-HE-100K/MUS/MUS-QPNLVHDT.tif,MUS
data/NCT-CRC-HE-100K/MUS/MUS-DPWPKWCP.tif,MUS
data/NCT-CRC-HE-100K/MUS/MUS-VEIFYVYA.tif,MUS
data/NCT-CRC-HE-100K/MUS/MUS-NECWNTRQ.tif,MUS
data/NCT-CRC-HE-100K/MUS/MUS-VFPEDFTQ.tif,MUS
data/NCT-CRC-HE-100K/MUS/MUS-GSQDPYYW.tif,MUS
data/NCT-CRC-HE-100K/MUS/MUS-GRWRSKCL.tif,MUS
data/NCT-CRC-HE-100K/MUS/MUS-AFAPFFLD.tif,MUS
data/NCT-CRC-HE-100K/MUS/MUS-KIVKMGIY.tif,MUS
data/NCT-CRC-HE-100K/MUS/MUS-KLANHTAL.tif,MUS
data/NCT-CRC-HE-100K/MUS/MUS-FGYVVADF.tif,MUS
data/NCT-CRC-HE-100K/MUS/MUS-ANGQPKRE.tif,MUS
data/NCT-CRC-HE-100K/MUS/MUS-PVYKITKL.tif,MUS
data/NCT-CRC-HE-100K/MUS/MUS-EMSCNIPQ.tif,MUS
data/NCT-CRC-HE-100K/MUS/MUS-TRNQCSVQ.tif,MUS
data/NCT-CRC-HE-100K/MUS/MUS-CHYCIGLH.tif,MUS
data/NCT-CRC-HE-100K/MUS/MUS-KWDVHFPQ.tif,MUS
data/NCT-CRC-HE-100K/MUS/MUS-LDRDRYHS.tif,MUS
data/NCT-CRC-HE-100K/MUS/MUS-IEPYGVKC.tif,MUS
data/NCT-CRC-HE-100K/MUS/MUS-LEGECLDP.tif,MUS
data/NCT-CRC-HE-100K/MUS/MUS-VCSWLYKR.tif,MUS
data/NCT-CRC-HE-100K/MUS/MUS-SHSKFKWE.tif,MUS
data/NCT-CRC-HE-100K/MUS/MUS-KEQTGNCH.tif,MUS
data/NCT-CRC-HE-100K/MUS/MUS-AWAIDNVS.tif,MUS
data/NCT-CRC-HE-100K/MUS/MUS-GSSKPTES.tif,MUS
data/NCT-CRC-HE-100K/MUS/MUS-MDFCNNSI.tif,MUS
data/NCT-CRC-HE-100K/MUS/MUS-RDIFLDLS.tif,MUS
data/NCT-CRC-HE-100K/MUS/MUS-PFRMHCME.tif,MUS
data/NCT-CRC-HE-100K/MUS/MUS-PPLMSLRR.tif,MUS
data/NCT-CRC-HE-100K/MUS/MUS-AHGRIVHD.tif,MUS
data/NCT-CRC-HE-100K/MUS/MUS-CWKAMKCG.tif,MUS
data/NCT-CRC-HE-100K/MUS/MUS-ASVHYSDN.tif,MUS
data/NCT-CRC-HE-100K/MUS/MUS-EGFILPKQ.tif,MUS
data/NCT-CRC-HE-100K/MUS/MUS-QELTWSNC.tif,MUS
data/NCT-CRC-HE-100K/MUS/MUS-NWPGADCT.tif,MUS
data/NCT-CRC-HE-100K/MUS/MUS-GDHDEFFI.tif,MUS
data/NCT-CRC-HE-100K/MUS/MUS-ENFANRNF.tif,MUS
data/NCT-CRC-HE-100K/MUS/MUS-SIWLNPEM.tif,MUS
data/NCT-CRC-HE-100K/MUS/MUS-IEFSGSKG.tif,MUS
data/NCT-CRC-HE-100K/MUS/MUS-LDMDEMNQ.tif,MUS
data/NCT-CRC-HE-100K/MUS/MUS-EAMEVPKE.tif,MUS
data/NCT-CRC-HE-100K/MUS/MUS-MSMYMLRL.tif,MUS
data/NCT-CRC-HE-100K/MUS/MUS-HHDMMKQC.tif,MUS
data/NCT-CRC-HE-100K/MUS/MUS-SYKEVHRY.tif,MUS
data/NCT-CRC-HE-100K/MUS/MUS-MILAMHNA.tif,MUS
data/NCT-CRC-HE-100K/MUS/MUS-GHPPQIHH.tif,MUS
data/NCT-CRC-HE-100K/MUS/MUS-QPGNLHVK.tif,MUS
data/NCT-CRC-HE-100K/MUS/MUS-CPQYYNIA.tif,MUS
data/NCT-CRC-HE-100K/MUS/MUS-GTRKRDIR.tif,MUS
data/NCT-CRC-HE-100K/MUS/MUS-EELVTNCN.tif,MUS
data/NCT-CRC-HE-100K/MUS/MUS-QGEDIPTG.tif,MUS
data/NCT-CRC-HE-100K/MUS/MUS-FEISMRPE.tif,MUS
data/NCT-CRC-HE-100K/MUS/MUS-GHKRINKM.tif,MUS
data/NCT-CRC-HE-100K/MUS/MUS-DWNMEQAV.tif,MUS
data/NCT-CRC-HE-100K/MUS/MUS-AGWKEGYT.tif,MUS
data/NCT-CRC-HE-100K/MUS/MUS-SGGAHCDN.tif,MUS
data/NCT-CRC-HE-100K/MUS/MUS-APPDDMWV.tif,MUS
data/NCT-CRC-HE-100K/MUS/MUS-LLGLEFGG.tif,MUS
data/NCT-CRC-HE-100K/MUS/MUS-GYHKASLN.tif,MUS
data/NCT-CRC-HE-100K/MUS/MUS-HLYHNSDR.tif,MUS
data/NCT-CRC-HE-100K/MUS/MUS-SLKNNCVP.tif,MUS
data/NCT-CRC-HE-100K/MUS/MUS-NFCTFHQW.tif,MUS
data/NCT-CRC-HE-100K/MUS/MUS-ALFDEWPD.tif,MUS
data/NCT-CRC-HE-100K/MUS/MUS-KFDTEGGV.tif,MUS
data/NCT-CRC-HE-100K/MUS/MUS-LWWTDRGP.tif,MUS
data/NCT-CRC-HE-100K/MUS/MUS-VECTTHRA.tif,MUS
data/NCT-CRC-HE-100K/MUS/MUS-QEGRAVSL.tif,MUS
data/NCT-CRC-HE-100K/MUS/MUS-TIKCRESD.tif,MUS
data/NCT-CRC-HE-100K/MUS/MUS-QWSLRKLK.tif,MUS
data/NCT-CRC-HE-100K/MUS/MUS-EPPAWNDP.tif,MUS
data/NCT-CRC-HE-100K/MUS/MUS-AVATKQSM.tif,MUS
data/NCT-CRC-HE-100K/MUS/MUS-QYIARQKH.tif,MUS
data/NCT-CRC-HE-100K/MUS/MUS-AFFYSTAW.tif,MUS
data/NCT-CRC-HE-100K/MUS/MUS-NDGARDED.tif,MUS
data/NCT-CRC-HE-100K/MUS/MUS-KNMTILWD.tif,MUS
data/NCT-CRC-HE-100K/MUS/MUS-IPMESKQH.tif,MUS
data/NCT-CRC-HE-100K/MUS/MUS-DARNVFKC.tif,MUS
data/NCT-CRC-HE-100K/MUS/MUS-HRTFDYKH.tif,MUS
data/NCT-CRC-HE-100K/MUS/MUS-ANVSYDEP.tif,MUS
data/NCT-CRC-HE-100K/MUS/MUS-RLIHEIVC.tif,MUS
data/NCT-CRC-HE-100K/MUS/MUS-LVDARKDD.tif,MUS
data/NCT-CRC-HE-100K/MUS/MUS-SHLVEDNH.tif,MUS
data/NCT-CRC-HE-100K/MUS/MUS-MTWVVGME.tif,MUS
data/NCT-CRC-HE-100K/MUS/MUS-GAKGKQFG.tif,MUS
data/NCT-CRC-HE-100K/MUS/MUS-GPCNPFCE.tif,MUS
data/NCT-CRC-HE-100K/MUS/MUS-KDQWPLAN.tif,MUS
data/NCT-CRC-HE-100K/MUS/MUS-CHMHGWCA.tif,MUS
data/NCT-CRC-HE-100K/MUS/MUS-LGMDHNRC.tif,MUS
data/NCT-CRC-HE-100K/MUS/MUS-LPKQDTWF.tif,MUS
data/NCT-CRC-HE-100K/MUS/MUS-MKKGTSFR.tif,MUS
data/NCT-CRC-HE-100K/MUS/MUS-ENQKAFSC.tif,MUS
data/NCT-CRC-HE-100K/MUS/MUS-FQLVQYRL.tif,MUS
data/NCT-CRC-HE-100K/MUS/MUS-QLRDDTNK.tif,MUS
data/NCT-CRC-HE-100K/MUS/MUS-DKDYMRYG.tif,MUS
data/NCT-CRC-HE-100K/MUS/MUS-NNAGKHQT.tif,MUS
data/NCT-CRC-HE-100K/MUS/MUS-MYRECVVT.tif,MUS
data/NCT-CRC-HE-100K/MUS/MUS-DDGEVFTI.tif,MUS
data/NCT-CRC-HE-100K/MUS/MUS-NDTPDQSS.tif,MUS
data/NCT-CRC-HE-100K/MUS/MUS-FRDQYTCH.tif,MUS
data/NCT-CRC-HE-100K/MUS/MUS-QLCGACPS.tif,MUS
data/NCT-CRC-HE-100K/MUS/MUS-THTEIPSH.tif,MUS
data/NCT-CRC-HE-100K/MUS/MUS-SEEHYMRW.tif,MUS
data/NCT-CRC-HE-100K/MUS/MUS-SPAWKCQK.tif,MUS
data/NCT-CRC-HE-100K/MUS/MUS-NWMDPLLN.tif,MUS
data/NCT-CRC-HE-100K/MUS/MUS-KNRVDLVN.tif,MUS
data/NCT-CRC-HE-100K/MUS/MUS-HWKKLCNC.tif,MUS
data/NCT-CRC-HE-100K/MUS/MUS-GYWQGEHW.tif,MUS
data/NCT-CRC-HE-100K/MUS/MUS-FYTPCVAV.tif,MUS
data/NCT-CRC-HE-100K/MUS/MUS-SQEAITSF.tif,MUS
data/NCT-CRC-HE-100K/MUS/MUS-PSESEIFE.tif,MUS
data/NCT-CRC-HE-100K/MUS/MUS-CHMTYALL.tif,MUS
data/NCT-CRC-HE-100K/MUS/MUS-HVGNLEAL.tif,MUS
data/NCT-CRC-HE-100K/MUS/MUS-RISVCCYV.tif,MUS
data/NCT-CRC-HE-100K/MUS/MUS-HAWCYPFE.tif,MUS
data/NCT-CRC-HE-100K/MUS/MUS-CWRDHPIC.tif,MUS
data/NCT-CRC-HE-100K/MUS/MUS-SAPYMEPG.tif,MUS
data/NCT-CRC-HE-100K/MUS/MUS-VAEMESQT.tif,MUS
data/NCT-CRC-HE-100K/MUS/MUS-PTTCNPMM.tif,MUS
data/NCT-CRC-HE-100K/MUS/MUS-PMFIPKHW.tif,MUS
data/NCT-CRC-HE-100K/MUS/MUS-VCCHASSE.tif,MUS
data/NCT-CRC-HE-100K/MUS/MUS-FAAWNVNC.tif,MUS
data/NCT-CRC-HE-100K/MUS/MUS-DIEGKHYS.tif,MUS
data/NCT-CRC-HE-100K/MUS/MUS-LSWCAGYN.tif,MUS
data/NCT-CRC-HE-100K/MUS/MUS-TLYMSRFR.tif,MUS
data/NCT-CRC-HE-100K/MUS/MUS-AMNCFSVS.tif,MUS
data/NCT-CRC-HE-100K/MUS/MUS-MFCPQDKK.tif,MUS
data/NCT-CRC-HE-100K/MUS/MUS-IPNSGGKA.tif,MUS
data/NCT-CRC-HE-100K/MUS/MUS-GKFNKRND.tif,MUS
data/NCT-CRC-HE-100K/MUS/MUS-LHGGDSEW.tif,MUS
data/NCT-CRC-HE-100K/MUS/MUS-ERVEQGCD.tif,MUS
data/NCT-CRC-HE-100K/MUS/MUS-ATLSWKAV.tif,MUS
data/NCT-CRC-HE-100K/MUS/MUS-SEQVNQHL.tif,MUS
data/NCT-CRC-HE-100K/MUS/MUS-NFILFDRD.tif,MUS
data/NCT-CRC-HE-100K/MUS/MUS-ETHPDLPK.tif,MUS
data/NCT-CRC-HE-100K/MUS/MUS-ELTHTYVM.tif,MUS
data/NCT-CRC-HE-100K/MUS/MUS-LFNEEDSW.tif,MUS
data/NCT-CRC-HE-100K/MUS/MUS-SWQNGSLK.tif,MUS
data/NCT-CRC-HE-100K/MUS/MUS-SEPNGSVI.tif,MUS
data/NCT-CRC-HE-100K/MUS/MUS-RYTLYTHA.tif,MUS
data/NCT-CRC-HE-100K/MUS/MUS-TIQTVWYR.tif,MUS
data/NCT-CRC-HE-100K/MUS/MUS-SMYVPYNQ.tif,MUS
data/NCT-CRC-HE-100K/MUS/MUS-FGVNWRQQ.tif,MUS
data/NCT-CRC-HE-100K/MUS/MUS-HLRMIGCM.tif,MUS
data/NCT-CRC-HE-100K/MUS/MUS-PWPHPKLM.tif,MUS
data/NCT-CRC-HE-100K/MUS/MUS-NHISMCRI.tif,MUS
data/NCT-CRC-HE-100K/MUS/MUS-PHVWHHCE.tif,MUS
data/NCT-CRC-HE-100K/MUS/MUS-CFLPSVWY.tif,MUS
data/NCT-CRC-HE-100K/MUS/MUS-FYLFGVCR.tif,MUS
data/NCT-CRC-HE-100K/MUS/MUS-AMRHICGK.tif,MUS
data/NCT-CRC-HE-100K/MUS/MUS-PFMIWTRK.tif,MUS
data/NCT-CRC-HE-100K/MUS/MUS-THLFSCKA.tif,MUS
data/NCT-CRC-HE-100K/MUS/MUS-RGKHKFWY.tif,MUS
data/NCT-CRC-HE-100K/MUS/MUS-TCAGGLNG.tif,MUS
data/NCT-CRC-HE-100K/MUS/MUS-IYLINNVL.tif,MUS
data/NCT-CRC-HE-100K/MUS/MUS-GNNPNNAP.tif,MUS
data/NCT-CRC-HE-100K/MUS/MUS-LRLINLWE.tif,MUS
data/NCT-CRC-HE-100K/MUS/MUS-VFRYELPQ.tif,MUS
data/NCT-CRC-HE-100K/MUS/MUS-SITQRLKR.tif,MUS
data/NCT-CRC-HE-100K/MUS/MUS-QCEITIPQ.tif,MUS
data/NCT-CRC-HE-100K/MUS/MUS-HDKFPDFY.tif,MUS
data/NCT-CRC-HE-100K/MUS/MUS-NEHFHKAM.tif,MUS
data/NCT-CRC-HE-100K/MUS/MUS-IDNYFRGS.tif,MUS
data/NCT-CRC-HE-100K/MUS/MUS-KCPMNLPY.tif,MUS
data/NCT-CRC-HE-100K/MUS/MUS-DTWRVKFH.tif,MUS
data/NCT-CRC-HE-100K/MUS/MUS-CLFANHQV.tif,MUS
data/NCT-CRC-HE-100K/MUS/MUS-QRQILNGK.tif,MUS
data/NCT-CRC-HE-100K/MUS/MUS-LKQVMQAF.tif,MUS
data/NCT-CRC-HE-100K/MUS/MUS-NKRMRVVW.tif,MUS
data/NCT-CRC-HE-100K/MUS/MUS-DLNVRPTQ.tif,MUS
data/NCT-CRC-HE-100K/MUS/MUS-VLMDKLRA.tif,MUS
data/NCT-CRC-HE-100K/MUS/MUS-SNKNDNAQ.tif,MUS
data/NCT-CRC-HE-100K/MUS/MUS-DEAQTQTQ.tif,MUS
data/NCT-CRC-HE-100K/MUS/MUS-EHLGLFCW.tif,MUS
data/NCT-CRC-HE-100K/MUS/MUS-ENGTDHWD.tif,MUS
data/NCT-CRC-HE-100K/MUS/MUS-IGVSYWMC.tif,MUS
data/NCT-CRC-HE-100K/MUS/MUS-KVRLHSEN.tif,MUS
data/NCT-CRC-HE-100K/MUS/MUS-FQVMENDT.tif,MUS
data/NCT-CRC-HE-100K/MUS/MUS-NLPEMSTH.tif,MUS
data/NCT-CRC-HE-100K/MUS/MUS-GKQQATAS.tif,MUS
data/NCT-CRC-HE-100K/MUS/MUS-SIQIAYHS.tif,MUS
data/NCT-CRC-HE-100K/MUS/MUS-INLGTYML.tif,MUS
data/NCT-CRC-HE-100K/MUS/MUS-QKAVYRRP.tif,MUS
data/NCT-CRC-HE-100K/MUS/MUS-IPIGELVM.tif,MUS
data/NCT-CRC-HE-100K/MUS/MUS-GMEAACWG.tif,MUS
data/NCT-CRC-HE-100K/MUS/MUS-MTIPWSGK.tif,MUS
data/NCT-CRC-HE-100K/MUS/MUS-SRLVCCMP.tif,MUS
data/NCT-CRC-HE-100K/MUS/MUS-AFVAQLRS.tif,MUS
data/NCT-CRC-HE-100K/MUS/MUS-NCLMRTFI.tif,MUS
data/NCT-CRC-HE-100K/MUS/MUS-CKDEYPWP.tif,MUS
data/NCT-CRC-HE-100K/MUS/MUS-RAKEEEPE.tif,MUS
data/NCT-CRC-HE-100K/MUS/MUS-LAEWITIA.tif,MUS
data/NCT-CRC-HE-100K/MUS/MUS-RDLESWSP.tif,MUS
data/NCT-CRC-HE-100K/MUS/MUS-DKLEQPRG.tif,MUS
data/NCT-CRC-HE-100K/MUS/MUS-PGTYLWAH.tif,MUS
data/NCT-CRC-HE-100K/MUS/MUS-VMMHKDFL.tif,MUS
data/NCT-CRC-HE-100K/MUS/MUS-SDIDTKNS.tif,MUS
data/NCT-CRC-HE-100K/MUS/MUS-LTCWKPNT.tif,MUS
data/NCT-CRC-HE-100K/MUS/MUS-TSSHQHKH.tif,MUS
data/NCT-CRC-HE-100K/MUS/MUS-CPIVRYQQ.tif,MUS
data/NCT-CRC-HE-100K/MUS/MUS-SVPMGRPY.tif,MUS
data/NCT-CRC-HE-100K/MUS/MUS-DEREWLHW.tif,MUS
data/NCT-CRC-HE-100K/MUS/MUS-SHYIIIYF.tif,MUS
data/NCT-CRC-HE-100K/MUS/MUS-LRSEFRCH.tif,MUS
data/NCT-CRC-HE-100K/MUS/MUS-QKKKREEN.tif,MUS
data/NCT-CRC-HE-100K/MUS/MUS-EEHYDLWS.tif,MUS
data/NCT-CRC-HE-100K/MUS/MUS-KFLAEKSF.tif,MUS
data/NCT-CRC-HE-100K/MUS/MUS-SPFEVNHK.tif,MUS
data/NCT-CRC-HE-100K/MUS/MUS-EYQYASLI.tif,MUS
data/NCT-CRC-HE-100K/MUS/MUS-KSAVSACD.tif,MUS
data/NCT-CRC-HE-100K/MUS/MUS-NYMPQEHT.tif,MUS
data/NCT-CRC-HE-100K/MUS/MUS-ASHDMSPQ.tif,MUS
data/NCT-CRC-HE-100K/MUS/MUS-IKIGTQLW.tif,MUS
data/NCT-CRC-HE-100K/MUS/MUS-LDRRICWY.tif,MUS
data/NCT-CRC-HE-100K/MUS/MUS-HAKYMQFE.tif,MUS
data/NCT-CRC-HE-100K/MUS/MUS-HDMGRGKV.tif,MUS
data/NCT-CRC-HE-100K/MUS/MUS-ECAQSSEI.tif,MUS
data/NCT-CRC-HE-100K/MUS/MUS-CTYGAEWR.tif,MUS
data/NCT-CRC-HE-100K/MUS/MUS-QNCTPFCY.tif,MUS
data/NCT-CRC-HE-100K/MUS/MUS-PCWRLHIN.tif,MUS
data/NCT-CRC-HE-100K/MUS/MUS-LLWVFEDI.tif,MUS
data/NCT-CRC-HE-100K/MUS/MUS-NPNNHGFW.tif,MUS
data/NCT-CRC-HE-100K/MUS/MUS-HRVLPGDS.tif,MUS
data/NCT-CRC-HE-100K/MUS/MUS-VAIRDDFR.tif,MUS
data/NCT-CRC-HE-100K/MUS/MUS-PRFYLAWR.tif,MUS
data/NCT-CRC-HE-100K/MUS/MUS-FCGCFPWN.tif,MUS
data/NCT-CRC-HE-100K/MUS/MUS-NYAKWAFY.tif,MUS
data/NCT-CRC-HE-100K/MUS/MUS-RFIYYCVL.tif,MUS
data/NCT-CRC-HE-100K/MUS/MUS-TWEADCIW.tif,MUS
data/NCT-CRC-HE-100K/MUS/MUS-RHANLNHT.tif,MUS
data/NCT-CRC-HE-100K/MUS/MUS-RCNPIQWM.tif,MUS
data/NCT-CRC-HE-100K/MUS/MUS-AYSLEHAQ.tif,MUS
data/NCT-CRC-HE-100K/MUS/MUS-FRYGVKEY.tif,MUS
data/NCT-CRC-HE-100K/MUS/MUS-LMKIRDSI.tif,MUS
data/NCT-CRC-HE-100K/MUS/MUS-SQGKVMNK.tif,MUS
data/NCT-CRC-HE-100K/MUS/MUS-SIHMSWNF.tif,MUS
data/NCT-CRC-HE-100K/MUS/MUS-QLECDNMV.tif,MUS
data/NCT-CRC-HE-100K/MUS/MUS-MTDVMFKY.tif,MUS
data/NCT-CRC-HE-100K/MUS/MUS-KSARLQQL.tif,MUS
data/NCT-CRC-HE-100K/MUS/MUS-DYHLESVG.tif,MUS
data/NCT-CRC-HE-100K/MUS/MUS-NTIIDEQV.tif,MUS
data/NCT-CRC-HE-100K/MUS/MUS-NLYYFRTH.tif,MUS
data/NCT-CRC-HE-100K/MUS/MUS-ASHHQWCV.tif,MUS
data/NCT-CRC-HE-100K/MUS/MUS-SHDTGNCM.tif,MUS
data/NCT-CRC-HE-100K/MUS/MUS-FFTGQYYG.tif,MUS
data/NCT-CRC-HE-100K/MUS/MUS-HEAFFHPL.tif,MUS
data/NCT-CRC-HE-100K/MUS/MUS-FLGRCSSA.tif,MUS
data/NCT-CRC-HE-100K/MUS/MUS-GSCAPWQI.tif,MUS
data/NCT-CRC-HE-100K/MUS/MUS-CFQSEFSV.tif,MUS
data/NCT-CRC-HE-100K/MUS/MUS-MWTSSMYV.tif,MUS
data/NCT-CRC-HE-100K/MUS/MUS-IWCADWFP.tif,MUS
data/NCT-CRC-HE-100K/MUS/MUS-RTAKLMHN.tif,MUS
data/NCT-CRC-HE-100K/MUS/MUS-SMFCFCYG.tif,MUS
data/NCT-CRC-HE-100K/MUS/MUS-HEGANGMW.tif,MUS
data/NCT-CRC-HE-100K/MUS/MUS-KGGGWFRL.tif,MUS
data/NCT-CRC-HE-100K/MUS/MUS-DVELEVYD.tif,MUS
data/NCT-CRC-HE-100K/MUS/MUS-ATHWINDA.tif,MUS
data/NCT-CRC-HE-100K/MUS/MUS-FEDFLLMT.tif,MUS
data/NCT-CRC-HE-100K/MUS/MUS-QICLKRWS.tif,MUS
data/NCT-CRC-HE-100K/MUS/MUS-HLQMQQVS.tif,MUS
data/NCT-CRC-HE-100K/MUS/MUS-FLWIPTWP.tif,MUS
data/NCT-CRC-HE-100K/MUS/MUS-LNTVSDRG.tif,MUS
data/NCT-CRC-HE-100K/MUS/MUS-HIEMLWIQ.tif,MUS
data/NCT-CRC-HE-100K/MUS/MUS-ACSSWYRC.tif,MUS
data/NCT-CRC-HE-100K/MUS/MUS-AWWFFDAK.tif,MUS
data/NCT-CRC-HE-100K/MUS/MUS-LETPRFAY.tif,MUS
data/NCT-CRC-HE-100K/MUS/MUS-LHRGNQWV.tif,MUS
data/NCT-CRC-HE-100K/MUS/MUS-NRWQWKLR.tif,MUS
data/NCT-CRC-HE-100K/MUS/MUS-RRNCKKIK.tif,MUS
data/NCT-CRC-HE-100K/MUS/MUS-AFPQLDWC.tif,MUS
data/NCT-CRC-HE-100K/MUS/MUS-RSGYPMAC.tif,MUS
data/NCT-CRC-HE-100K/MUS/MUS-ENWHKFVK.tif,MUS
data/NCT-CRC-HE-100K/MUS/MUS-RKIPNWLW.tif,MUS
data/NCT-CRC-HE-100K/MUS/MUS-DFWLGFKM.tif,MUS
data/NCT-CRC-HE-100K/MUS/MUS-IWGDMHQR.tif,MUS
data/NCT-CRC-HE-100K/MUS/MUS-KYMNFNTR.tif,MUS
data/NCT-CRC-HE-100K/MUS/MUS-FYQQEGHL.tif,MUS
data/NCT-CRC-HE-100K/MUS/MUS-TGAKYTPM.tif,MUS
data/NCT-CRC-HE-100K/MUS/MUS-GTMYAENT.tif,MUS
data/NCT-CRC-HE-100K/MUS/MUS-THPDGHNA.tif,MUS
data/NCT-CRC-HE-100K/MUS/MUS-KPKQHFEC.tif,MUS
data/NCT-CRC-HE-100K/MUS/MUS-MQRAGFWQ.tif,MUS
data/NCT-CRC-HE-100K/MUS/MUS-IPLECVHH.tif,MUS
data/NCT-CRC-HE-100K/MUS/MUS-PCDLGAYE.tif,MUS
data/NCT-CRC-HE-100K/MUS/MUS-SILGWDRV.tif,MUS
data/NCT-CRC-HE-100K/MUS/MUS-DANRMEGM.tif,MUS
data/NCT-CRC-HE-100K/MUS/MUS-IAYDWPWF.tif,MUS
data/NCT-CRC-HE-100K/MUS/MUS-FPVMIGKI.tif,MUS
data/NCT-CRC-HE-100K/MUS/MUS-RERKMHET.tif,MUS
data/NCT-CRC-HE-100K/MUS/MUS-AWTATPAL.tif,MUS
data/NCT-CRC-HE-100K/MUS/MUS-KLDVCQPR.tif,MUS
data/NCT-CRC-HE-100K/MUS/MUS-TDKWWTLL.tif,MUS
data/NCT-CRC-HE-100K/MUS/MUS-KDFEGEAC.tif,MUS
data/NCT-CRC-HE-100K/MUS/MUS-HALFKVMR.tif,MUS
data/NCT-CRC-HE-100K/MUS/MUS-ICWSCDLW.tif,MUS
data/NCT-CRC-HE-100K/MUS/MUS-FFCKKRDP.tif,MUS
data/NCT-CRC-HE-100K/MUS/MUS-MSEFTVAV.tif,MUS
data/NCT-CRC-HE-100K/MUS/MUS-SFICFHWN.tif,MUS
data/NCT-CRC-HE-100K/MUS/MUS-TCHSFTQA.tif,MUS
data/NCT-CRC-HE-100K/MUS/MUS-GDGVTWRQ.tif,MUS
data/NCT-CRC-HE-100K/MUS/MUS-PDRANAEA.tif,MUS
data/NCT-CRC-HE-100K/MUS/MUS-PMMHIRLS.tif,MUS
data/NCT-CRC-HE-100K/MUS/MUS-PDNFGTEG.tif,MUS
data/NCT-CRC-HE-100K/MUS/MUS-ATETEALE.tif,MUS
data/NCT-CRC-HE-100K/MUS/MUS-TNYIIMDL.tif,MUS
data/NCT-CRC-HE-100K/MUS/MUS-MLLTNWFR.tif,MUS
data/NCT-CRC-HE-100K/MUS/MUS-TQIAEKHL.tif,MUS
data/NCT-CRC-HE-100K/MUS/MUS-GHSNTNHI.tif,MUS
data/NCT-CRC-HE-100K/MUS/MUS-FKVIDEGA.tif,MUS
data/NCT-CRC-HE-100K/MUS/MUS-HCWCGEGE.tif,MUS
data/NCT-CRC-HE-100K/MUS/MUS-ELVLFGCF.tif,MUS
data/NCT-CRC-HE-100K/MUS/MUS-EYMMWHST.tif,MUS
data/NCT-CRC-HE-100K/MUS/MUS-LQDHDKST.tif,MUS
data/NCT-CRC-HE-100K/MUS/MUS-GAEPSYSA.tif,MUS
data/NCT-CRC-HE-100K/MUS/MUS-CRIWCHCS.tif,MUS
data/NCT-CRC-HE-100K/MUS/MUS-GAGQTWHD.tif,MUS
data/NCT-CRC-HE-100K/MUS/MUS-KMNINESQ.tif,MUS
data/NCT-CRC-HE-100K/MUS/MUS-KMYYAILY.tif,MUS
data/NCT-CRC-HE-100K/MUS/MUS-LCCRCDRT.tif,MUS
data/NCT-CRC-HE-100K/MUS/MUS-QLLDNSAT.tif,MUS
data/NCT-CRC-HE-100K/MUS/MUS-SYIHHAYH.tif,MUS
data/NCT-CRC-HE-100K/MUS/MUS-APNGLGEA.tif,MUS
data/NCT-CRC-HE-100K/MUS/MUS-EDSFVYVQ.tif,MUS
data/NCT-CRC-HE-100K/MUS/MUS-QDRGGGFM.tif,MUS
data/NCT-CRC-HE-100K/MUS/MUS-HFRQEVKA.tif,MUS
data/NCT-CRC-HE-100K/MUS/MUS-SDEYLKQW.tif,MUS
data/NCT-CRC-HE-100K/MUS/MUS-VEFGMWLA.tif,MUS
data/NCT-CRC-HE-100K/MUS/MUS-HPQCDMIY.tif,MUS
data/NCT-CRC-HE-100K/MUS/MUS-RAEEQEAG.tif,MUS
data/NCT-CRC-HE-100K/MUS/MUS-AYWEWSFV.tif,MUS
data/NCT-CRC-HE-100K/MUS/MUS-PDIGHNTY.tif,MUS
data/NCT-CRC-HE-100K/MUS/MUS-FKGDVMRG.tif,MUS
data/NCT-CRC-HE-100K/MUS/MUS-HKQKMGDT.tif,MUS
data/NCT-CRC-HE-100K/MUS/MUS-MIHQAYVD.tif,MUS
data/NCT-CRC-HE-100K/MUS/MUS-KFNISGTR.tif,MUS
data/NCT-CRC-HE-100K/MUS/MUS-DLEGESLV.tif,MUS
data/NCT-CRC-HE-100K/MUS/MUS-QDFQDVKC.tif,MUS
data/NCT-CRC-HE-100K/MUS/MUS-RINNIEAW.tif,MUS
data/NCT-CRC-HE-100K/MUS/MUS-VCHCVWMG.tif,MUS
data/NCT-CRC-HE-100K/MUS/MUS-RQTEFTGA.tif,MUS
data/NCT-CRC-HE-100K/MUS/MUS-IMDKCARP.tif,MUS
data/NCT-CRC-HE-100K/MUS/MUS-CYWFVEHF.tif,MUS
data/NCT-CRC-HE-100K/MUS/MUS-RFIEYQAF.tif,MUS
data/NCT-CRC-HE-100K/MUS/MUS-LSLYCRWV.tif,MUS
data/NCT-CRC-HE-100K/MUS/MUS-ITVGIARF.tif,MUS
data/NCT-CRC-HE-100K/MUS/MUS-FTKRELHD.tif,MUS
data/NCT-CRC-HE-100K/MUS/MUS-QFRVWGHH.tif,MUS
data/NCT-CRC-HE-100K/MUS/MUS-PKFYSNQI.tif,MUS
data/NCT-CRC-HE-100K/MUS/MUS-AYTDSEAP.tif,MUS
data/NCT-CRC-HE-100K/MUS/MUS-TVMKIDNL.tif,MUS
data/NCT-CRC-HE-100K/MUS/MUS-DFGRKRLV.tif,MUS
data/NCT-CRC-HE-100K/MUS/MUS-IRIYSIKQ.tif,MUS
data/NCT-CRC-HE-100K/MUS/MUS-RCMGFESN.tif,MUS
data/NCT-CRC-HE-100K/MUS/MUS-LTQGKFWG.tif,MUS
data/NCT-CRC-HE-100K/MUS/MUS-FDFAFQKH.tif,MUS
data/NCT-CRC-HE-100K/MUS/MUS-HQLQMHKQ.tif,MUS
data/NCT-CRC-HE-100K/MUS/MUS-HGDAMTPG.tif,MUS
data/NCT-CRC-HE-100K/MUS/MUS-SRVYCNLL.tif,MUS
data/NCT-CRC-HE-100K/MUS/MUS-DEMWPQQE.tif,MUS
data/NCT-CRC-HE-100K/MUS/MUS-TIWFKDAE.tif,MUS
data/NCT-CRC-HE-100K/MUS/MUS-ACRKWQHT.tif,MUS
data/NCT-CRC-HE-100K/MUS/MUS-CLRMCGQP.tif,MUS
data/NCT-CRC-HE-100K/MUS/MUS-RHGVYVPW.tif,MUS
data/NCT-CRC-HE-100K/MUS/MUS-PVNKPSAG.tif,MUS
data/NCT-CRC-HE-100K/MUS/MUS-LHHSASTP.tif,MUS
data/NCT-CRC-HE-100K/MUS/MUS-FHPSWASY.tif,MUS
data/NCT-CRC-HE-100K/MUS/MUS-MNRINWLF.tif,MUS
data/NCT-CRC-HE-100K/MUS/MUS-FKLCNGWH.tif,MUS
data/NCT-CRC-HE-100K/MUS/MUS-MKNRDLTS.tif,MUS
data/NCT-CRC-HE-100K/MUS/MUS-VKMIKWNF.tif,MUS
data/NCT-CRC-HE-100K/MUS/MUS-NWDSTFTS.tif,MUS
data/NCT-CRC-HE-100K/MUS/MUS-RKVTIIEI.tif,MUS
data/NCT-CRC-HE-100K/MUS/MUS-SLNSANER.tif,MUS
data/NCT-CRC-HE-100K/MUS/MUS-KQYINKVE.tif,MUS
data/NCT-CRC-HE-100K/MUS/MUS-NCFCSPVW.tif,MUS
data/NCT-CRC-HE-100K/MUS/MUS-MDCRWWCA.tif,MUS
data/NCT-CRC-HE-100K/MUS/MUS-ELYIWPEG.tif,MUS
data/NCT-CRC-HE-100K/MUS/MUS-EHVYGKFN.tif,MUS
data/NCT-CRC-HE-100K/MUS/MUS-ADGTRGSG.tif,MUS
data/NCT-CRC-HE-100K/MUS/MUS-NELSFTFE.tif,MUS
data/NCT-CRC-HE-100K/MUS/MUS-CPIMPNLE.tif,MUS
data/NCT-CRC-HE-100K/MUS/MUS-KTSAKVTW.tif,MUS
data/NCT-CRC-HE-100K/MUS/MUS-QISAYGCV.tif,MUS
data/NCT-CRC-HE-100K/MUS/MUS-RTEGLIRQ.tif,MUS
data/NCT-CRC-HE-100K/MUS/MUS-HVSYDGMW.tif,MUS
data/NCT-CRC-HE-100K/MUS/MUS-SNFWFGGN.tif,MUS
data/NCT-CRC-HE-100K/MUS/MUS-EVHKLRCH.tif,MUS
data/NCT-CRC-HE-100K/MUS/MUS-CSAMHYIV.tif,MUS
data/NCT-CRC-HE-100K/MUS/MUS-PCSRSFFV.tif,MUS
data/NCT-CRC-HE-100K/MUS/MUS-THCQTISG.tif,MUS
data/NCT-CRC-HE-100K/MUS/MUS-QCRISTRL.tif,MUS
data/NCT-CRC-HE-100K/MUS/MUS-IHSSRTAF.tif,MUS
data/NCT-CRC-HE-100K/MUS/MUS-LRQVDHVQ.tif,MUS
data/NCT-CRC-HE-100K/MUS/MUS-QFSFIRDW.tif,MUS
data/NCT-CRC-HE-100K/MUS/MUS-SEREQSCI.tif,MUS
data/NCT-CRC-HE-100K/MUS/MUS-MKTLMFNP.tif,MUS
data/NCT-CRC-HE-100K/MUS/MUS-RLFESEMK.tif,MUS
data/NCT-CRC-HE-100K/MUS/MUS-TVWHYFGE.tif,MUS
data/NCT-CRC-HE-100K/MUS/MUS-KYVEMCHI.tif,MUS
data/NCT-CRC-HE-100K/MUS/MUS-CDVCQEQI.tif,MUS
data/NCT-CRC-HE-100K/MUS/MUS-EKKDTWPC.tif,MUS
data/NCT-CRC-HE-100K/MUS/MUS-GKHHIVIE.tif,MUS
data/NCT-CRC-HE-100K/MUS/MUS-HHASVWIT.tif,MUS
data/NCT-CRC-HE-100K/MUS/MUS-NLIMRPYV.tif,MUS
data/NCT-CRC-HE-100K/MUS/MUS-RGGECIHE.tif,MUS
data/NCT-CRC-HE-100K/MUS/MUS-LHLQDDDQ.tif,MUS
data/NCT-CRC-HE-100K/MUS/MUS-TMVFCCHA.tif,MUS
data/NCT-CRC-HE-100K/MUS/MUS-PPICEFFW.tif,MUS
data/NCT-CRC-HE-100K/MUS/MUS-ACFCNLAA.tif,MUS
data/NCT-CRC-HE-100K/MUS/MUS-RAIEENFC.tif,MUS
data/NCT-CRC-HE-100K/MUS/MUS-MMHGYKEW.tif,MUS
data/NCT-CRC-HE-100K/MUS/MUS-CMDCENCR.tif,MUS
data/NCT-CRC-HE-100K/MUS/MUS-MCMIFESP.tif,MUS
data/NCT-CRC-HE-100K/MUS/MUS-HGVVCELR.tif,MUS
data/NCT-CRC-HE-100K/MUS/MUS-SHQKQFNG.tif,MUS
data/NCT-CRC-HE-100K/MUS/MUS-LWYGLKCV.tif,MUS
data/NCT-CRC-HE-100K/MUS/MUS-RNPNQRDF.tif,MUS
data/NCT-CRC-HE-100K/MUS/MUS-NTLRFLDN.tif,MUS
data/NCT-CRC-HE-100K/MUS/MUS-IWDLWNTC.tif,MUS
data/NCT-CRC-HE-100K/MUS/MUS-QFSNFHVT.tif,MUS
data/NCT-CRC-HE-100K/MUS/MUS-CMQPYVTR.tif,MUS
data/NCT-CRC-HE-100K/MUS/MUS-QWQNVGPT.tif,MUS
data/NCT-CRC-HE-100K/MUS/MUS-HPNAKVLF.tif,MUS
data/NCT-CRC-HE-100K/MUS/MUS-FNAQAYEH.tif,MUS
data/NCT-CRC-HE-100K/MUS/MUS-SYVCTVMA.tif,MUS
data/NCT-CRC-HE-100K/MUS/MUS-KYGWIEME.tif,MUS
data/NCT-CRC-HE-100K/MUS/MUS-LVPLEHWM.tif,MUS
data/NCT-CRC-HE-100K/MUS/MUS-INIKWIMN.tif,MUS
data/NCT-CRC-HE-100K/MUS/MUS-LLMSRIMF.tif,MUS
data/NCT-CRC-HE-100K/MUS/MUS-QSQMVIGI.tif,MUS
data/NCT-CRC-HE-100K/MUS/MUS-EDLWQCGP.tif,MUS
data/NCT-CRC-HE-100K/MUS/MUS-TMLWDGDV.tif,MUS
data/NCT-CRC-HE-100K/MUS/MUS-RQTHRTDA.tif,MUS
data/NCT-CRC-HE-100K/MUS/MUS-MGLARGKG.tif,MUS
data/NCT-CRC-HE-100K/MUS/MUS-ISSRYKIR.tif,MUS
data/NCT-CRC-HE-100K/MUS/MUS-CKKSWYNC.tif,MUS
data/NCT-CRC-HE-100K/MUS/MUS-GNIYMQKL.tif,MUS
data/NCT-CRC-HE-100K/MUS/MUS-QTMAHRSD.tif,MUS
data/NCT-CRC-HE-100K/MUS/MUS-FMMVWAQD.tif,MUS
data/NCT-CRC-HE-100K/MUS/MUS-PMYFNFFE.tif,MUS
data/NCT-CRC-HE-100K/MUS/MUS-DWWMFLTN.tif,MUS
data/NCT-CRC-HE-100K/MUS/MUS-RFAVVLEM.tif,MUS
data/NCT-CRC-HE-100K/MUS/MUS-NETRFDLH.tif,MUS
data/NCT-CRC-HE-100K/MUS/MUS-HEYCQTLN.tif,MUS
data/NCT-CRC-HE-100K/MUS/MUS-RAEWEQSV.tif,MUS
data/NCT-CRC-HE-100K/MUS/MUS-CSQTWKTF.tif,MUS
data/NCT-CRC-HE-100K/MUS/MUS-ETQYPWRG.tif,MUS
data/NCT-CRC-HE-100K/MUS/MUS-SLTSQRHE.tif,MUS
data/NCT-CRC-HE-100K/MUS/MUS-ADESYSWT.tif,MUS
data/NCT-CRC-HE-100K/MUS/MUS-NWHPRATT.tif,MUS
data/NCT-CRC-HE-100K/MUS/MUS-PLQENPYY.tif,MUS
data/NCT-CRC-HE-100K/MUS/MUS-SLYRKHCA.tif,MUS
data/NCT-CRC-HE-100K/MUS/MUS-TGYFKQCV.tif,MUS
data/NCT-CRC-HE-100K/MUS/MUS-RILVCMNS.tif,MUS
data/NCT-CRC-HE-100K/MUS/MUS-RRIIEMEK.tif,MUS
data/NCT-CRC-HE-100K/MUS/MUS-NLEFLQDD.tif,MUS
data/NCT-CRC-HE-100K/MUS/MUS-LRWMDMCP.tif,MUS
data/NCT-CRC-HE-100K/MUS/MUS-VDNPSWKA.tif,MUS
data/NCT-CRC-HE-100K/MUS/MUS-NTYYYYSW.tif,MUS
data/NCT-CRC-HE-100K/MUS/MUS-MGWNEKNQ.tif,MUS
data/NCT-CRC-HE-100K/MUS/MUS-HAGHFCVH.tif,MUS
data/NCT-CRC-HE-100K/MUS/MUS-EWHGSDIN.tif,MUS
data/NCT-CRC-HE-100K/MUS/MUS-ADPRSRNR.tif,MUS
data/NCT-CRC-HE-100K/MUS/MUS-VMIWETVK.tif,MUS
data/NCT-CRC-HE-100K/MUS/MUS-QRDAENYH.tif,MUS
data/NCT-CRC-HE-100K/MUS/MUS-LHEWLTQC.tif,MUS
data/NCT-CRC-HE-100K/MUS/MUS-INLDYSPF.tif,MUS
data/NCT-CRC-HE-100K/MUS/MUS-HMANQVFT.tif,MUS
data/NCT-CRC-HE-100K/MUS/MUS-LICRYQTY.tif,MUS
data/NCT-CRC-HE-100K/MUS/MUS-CCFHYKSW.tif,MUS
data/NCT-CRC-HE-100K/MUS/MUS-RWQKSLGC.tif,MUS
data/NCT-CRC-HE-100K/MUS/MUS-ARQNWWTP.tif,MUS
data/NCT-CRC-HE-100K/MUS/MUS-CANFLFFQ.tif,MUS
data/NCT-CRC-HE-100K/MUS/MUS-GIMKCDAT.tif,MUS
data/NCT-CRC-HE-100K/MUS/MUS-LCLKKQQS.tif,MUS
data/NCT-CRC-HE-100K/MUS/MUS-TIDCPEAG.tif,MUS
data/NCT-CRC-HE-100K/MUS/MUS-QWPIQTTN.tif,MUS
data/NCT-CRC-HE-100K/MUS/MUS-DARMDHKC.tif,MUS
data/NCT-CRC-HE-100K/MUS/MUS-CARYRGFY.tif,MUS
data/NCT-CRC-HE-100K/MUS/MUS-KDAAKTIH.tif,MUS
data/NCT-CRC-HE-100K/MUS/MUS-MAISECFC.tif,MUS
data/NCT-CRC-HE-100K/MUS/MUS-PRVMMPSS.tif,MUS
data/NCT-CRC-HE-100K/MUS/MUS-FMSCWINL.tif,MUS
data/NCT-CRC-HE-100K/MUS/MUS-DNGFENCI.tif,MUS
data/NCT-CRC-HE-100K/MUS/MUS-GSVTFYAH.tif,MUS
data/NCT-CRC-HE-100K/MUS/MUS-AKDYMMHF.tif,MUS
data/NCT-CRC-HE-100K/MUS/MUS-ESCLLQRT.tif,MUS
data/NCT-CRC-HE-100K/MUS/MUS-MDKAFIKP.tif,MUS
data/NCT-CRC-HE-100K/MUS/MUS-PWVYAEST.tif,MUS
data/NCT-CRC-HE-100K/MUS/MUS-CAYCHLRW.tif,MUS
data/NCT-CRC-HE-100K/MUS/MUS-CLGQMAIC.tif,MUS
data/NCT-CRC-HE-100K/MUS/MUS-AKLWDVYN.tif,MUS
data/NCT-CRC-HE-100K/MUS/MUS-GKVVHFPC.tif,MUS
data/NCT-CRC-HE-100K/MUS/MUS-LIHCVRCK.tif,MUS
data/NCT-CRC-HE-100K/MUS/MUS-TEQPESMR.tif,MUS
data/NCT-CRC-HE-100K/MUS/MUS-EKYDYCSR.tif,MUS
data/NCT-CRC-HE-100K/MUS/MUS-VGLMCGLQ.tif,MUS
data/NCT-CRC-HE-100K/MUS/MUS-FQVRQPTD.tif,MUS
data/NCT-CRC-HE-100K/MUS/MUS-GEGKVIPS.tif,MUS
data/NCT-CRC-HE-100K/MUS/MUS-QQQTKIIQ.tif,MUS
data/NCT-CRC-HE-100K/MUS/MUS-FRMRKGCN.tif,MUS
data/NCT-CRC-HE-100K/MUS/MUS-NLTEMIWA.tif,MUS
data/NCT-CRC-HE-100K/MUS/MUS-RCFFTVKE.tif,MUS
data/NCT-CRC-HE-100K/MUS/MUS-AKATAAVP.tif,MUS
data/NCT-CRC-HE-100K/MUS/MUS-CIIMVVTT.tif,MUS
data/NCT-CRC-HE-100K/MUS/MUS-VAVCWHLE.tif,MUS
data/NCT-CRC-HE-100K/MUS/MUS-LPARMHNC.tif,MUS
data/NCT-CRC-HE-100K/MUS/MUS-MKLQDNDC.tif,MUS
data/NCT-CRC-HE-100K/MUS/MUS-IEAFGHLW.tif,MUS
data/NCT-CRC-HE-100K/MUS/MUS-EGLDDCFN.tif,MUS
data/NCT-CRC-HE-100K/MUS/MUS-QSQYQEAR.tif,MUS
data/NCT-CRC-HE-100K/MUS/MUS-CNPIVPTM.tif,MUS
data/NCT-CRC-HE-100K/MUS/MUS-CILPKGCQ.tif,MUS
data/NCT-CRC-HE-100K/MUS/MUS-RCMLNYLQ.tif,MUS
data/NCT-CRC-HE-100K/MUS/MUS-PRLGGSNT.tif,MUS
data/NCT-CRC-HE-100K/MUS/MUS-CCHGHHAF.tif,MUS
data/NCT-CRC-HE-100K/MUS/MUS-CGDFLGQC.tif,MUS
data/NCT-CRC-HE-100K/MUS/MUS-QNWKMRIM.tif,MUS
data/NCT-CRC-HE-100K/MUS/MUS-FWPLGCYT.tif,MUS
data/NCT-CRC-HE-100K/MUS/MUS-THFDSTCT.tif,MUS
data/NCT-CRC-HE-100K/MUS/MUS-THSQEWMH.tif,MUS
data/NCT-CRC-HE-100K/MUS/MUS-GRNLFNCS.tif,MUS
data/NCT-CRC-HE-100K/MUS/MUS-TQKTLCCY.tif,MUS
data/NCT-CRC-HE-100K/MUS/MUS-AFGQTFFR.tif,MUS
data/NCT-CRC-HE-100K/MUS/MUS-MNANQLWS.tif,MUS
data/NCT-CRC-HE-100K/MUS/MUS-GQIVVMQM.tif,MUS
data/NCT-CRC-HE-100K/MUS/MUS-VACTLYQM.tif,MUS
data/NCT-CRC-HE-100K/MUS/MUS-DFALTPWA.tif,MUS
data/NCT-CRC-HE-100K/MUS/MUS-NVEKAGAA.tif,MUS
data/NCT-CRC-HE-100K/MUS/MUS-EFVVQWRN.tif,MUS
data/NCT-CRC-HE-100K/MUS/MUS-CRWYGPRI.tif,MUS
data/NCT-CRC-HE-100K/MUS/MUS-IYTDLHIH.tif,MUS
data/NCT-CRC-HE-100K/MUS/MUS-HVCVGQWH.tif,MUS
data/NCT-CRC-HE-100K/MUS/MUS-QLCTQLMP.tif,MUS
data/NCT-CRC-HE-100K/MUS/MUS-NDLQDITY.tif,MUS
data/NCT-CRC-HE-100K/MUS/MUS-RAITYFFT.tif,MUS
data/NCT-CRC-HE-100K/MUS/MUS-FHQINEKP.tif,MUS
data/NCT-CRC-HE-100K/MUS/MUS-NIIYHHKM.tif,MUS
data/NCT-CRC-HE-100K/MUS/MUS-RLNLIRMF.tif,MUS
data/NCT-CRC-HE-100K/MUS/MUS-QDCYGSQL.tif,MUS
data/NCT-CRC-HE-100K/MUS/MUS-VCAVASYM.tif,MUS
data/NCT-CRC-HE-100K/MUS/MUS-QGIKNSQF.tif,MUS
data/NCT-CRC-HE-100K/MUS/MUS-TQLKVFTT.tif,MUS
data/NCT-CRC-HE-100K/MUS/MUS-FNKCFLAQ.tif,MUS
data/NCT-CRC-HE-100K/MUS/MUS-NYKQHAPC.tif,MUS
data/NCT-CRC-HE-100K/MUS/MUS-MYFFKRGI.tif,MUS
data/NCT-CRC-HE-100K/MUS/MUS-HKWDNSKI.tif,MUS
data/NCT-CRC-HE-100K/MUS/MUS-NDWSLECY.tif,MUS
data/NCT-CRC-HE-100K/MUS/MUS-GIEYGMSI.tif,MUS
data/NCT-CRC-HE-100K/MUS/MUS-EKNDCGFV.tif,MUS
data/NCT-CRC-HE-100K/MUS/MUS-EYYHFLNG.tif,MUS
data/NCT-CRC-HE-100K/MUS/MUS-IPGHDLRT.tif,MUS
data/NCT-CRC-HE-100K/MUS/MUS-CLKFVEFA.tif,MUS
data/NCT-CRC-HE-100K/MUS/MUS-DFHGAKLL.tif,MUS
data/NCT-CRC-HE-100K/MUS/MUS-HELNVNCV.tif,MUS
data/NCT-CRC-HE-100K/MUS/MUS-KVMGHYPV.tif,MUS
data/NCT-CRC-HE-100K/MUS/MUS-LCMYQLIS.tif,MUS
data/NCT-CRC-HE-100K/MUS/MUS-MTRNCYNH.tif,MUS
data/NCT-CRC-HE-100K/MUS/MUS-GMFQDSMF.tif,MUS
data/NCT-CRC-HE-100K/MUS/MUS-NGMYWVAT.tif,MUS
data/NCT-CRC-HE-100K/MUS/MUS-EHGGNNFW.tif,MUS
data/NCT-CRC-HE-100K/MUS/MUS-DKKFHGSV.tif,MUS
data/NCT-CRC-HE-100K/MUS/MUS-KAMICRHS.tif,MUS
data/NCT-CRC-HE-100K/MUS/MUS-KNEHMDVK.tif,MUS
data/NCT-CRC-HE-100K/MUS/MUS-VISQGHMV.tif,MUS
data/NCT-CRC-HE-100K/MUS/MUS-FAIATPMM.tif,MUS
data/NCT-CRC-HE-100K/MUS/MUS-VGWHVSLI.tif,MUS
data/NCT-CRC-HE-100K/MUS/MUS-CDAMAPVD.tif,MUS
data/NCT-CRC-HE-100K/MUS/MUS-KSCLGWEA.tif,MUS
data/NCT-CRC-HE-100K/MUS/MUS-NWLREWQT.tif,MUS
data/NCT-CRC-HE-100K/MUS/MUS-ARDAAGFT.tif,MUS
data/NCT-CRC-HE-100K/MUS/MUS-PCDPMFCD.tif,MUS
data/NCT-CRC-HE-100K/MUS/MUS-GVNASRTE.tif,MUS
data/NCT-CRC-HE-100K/MUS/MUS-SVMSFERE.tif,MUS
data/NCT-CRC-HE-100K/MUS/MUS-PFTFSSKD.tif,MUS
data/NCT-CRC-HE-100K/MUS/MUS-SNERFIYY.tif,MUS
data/NCT-CRC-HE-100K/MUS/MUS-HSSKMYTP.tif,MUS
data/NCT-CRC-HE-100K/MUS/MUS-GDDFERSV.tif,MUS
data/NCT-CRC-HE-100K/MUS/MUS-SYTYNKGT.tif,MUS
data/NCT-CRC-HE-100K/MUS/MUS-AINCRQKH.tif,MUS
data/NCT-CRC-HE-100K/MUS/MUS-CFRLRHTI.tif,MUS
data/NCT-CRC-HE-100K/MUS/MUS-ARTKNKRI.tif,MUS
data/NCT-CRC-HE-100K/MUS/MUS-ALTWPPCF.tif,MUS
data/NCT-CRC-HE-100K/MUS/MUS-GAYCQRPQ.tif,MUS
data/NCT-CRC-HE-100K/MUS/MUS-TVLIQRHP.tif,MUS
data/NCT-CRC-HE-100K/MUS/MUS-DKWAVWLT.tif,MUS
data/NCT-CRC-HE-100K/MUS/MUS-QLMPDGMS.tif,MUS
data/NCT-CRC-HE-100K/MUS/MUS-SPHMRSAQ.tif,MUS
data/NCT-CRC-HE-100K/MUS/MUS-VHAALQCC.tif,MUS
data/NCT-CRC-HE-100K/MUS/MUS-QVRVMFSP.tif,MUS
data/NCT-CRC-HE-100K/MUS/MUS-RVVWMQPN.tif,MUS
data/NCT-CRC-HE-100K/MUS/MUS-DANYLGSQ.tif,MUS
data/NCT-CRC-HE-100K/MUS/MUS-HEHSDSDG.tif,MUS
data/NCT-CRC-HE-100K/MUS/MUS-GMWQVVHF.tif,MUS
data/NCT-CRC-HE-100K/MUS/MUS-LWVTNGLF.tif,MUS
data/NCT-CRC-HE-100K/MUS/MUS-CGTVEHLP.tif,MUS
data/NCT-CRC-HE-100K/MUS/MUS-DHRCKRWY.tif,MUS
data/NCT-CRC-HE-100K/MUS/MUS-LCLNRERL.tif,MUS
data/NCT-CRC-HE-100K/MUS/MUS-GCDDNRKR.tif,MUS
data/NCT-CRC-HE-100K/MUS/MUS-GRWGIWYI.tif,MUS
data/NCT-CRC-HE-100K/MUS/MUS-GVIKLGCC.tif,MUS
data/NCT-CRC-HE-100K/MUS/MUS-TIMVDFPH.tif,MUS
data/NCT-CRC-HE-100K/MUS/MUS-PPQPPNLD.tif,MUS
data/NCT-CRC-HE-100K/MUS/MUS-PTPFNGIF.tif,MUS
data/NCT-CRC-HE-100K/MUS/MUS-SLVSPIFP.tif,MUS
data/NCT-CRC-HE-100K/MUS/MUS-RMKQFETM.tif,MUS
data/NCT-CRC-HE-100K/MUS/MUS-SSTCSRQM.tif,MUS
data/NCT-CRC-HE-100K/MUS/MUS-DKIVHEWG.tif,MUS
data/NCT-CRC-HE-100K/MUS/MUS-DWRDQRVG.tif,MUS
data/NCT-CRC-HE-100K/MUS/MUS-NNSHIVLS.tif,MUS
data/NCT-CRC-HE-100K/MUS/MUS-DNWTSRQL.tif,MUS
data/NCT-CRC-HE-100K/MUS/MUS-IYTRCYNR.tif,MUS
data/NCT-CRC-HE-100K/MUS/MUS-ITATFSTE.tif,MUS
data/NCT-CRC-HE-100K/MUS/MUS-TSDTVDEV.tif,MUS
data/NCT-CRC-HE-100K/MUS/MUS-GSTYNTMY.tif,MUS
data/NCT-CRC-HE-100K/MUS/MUS-IVQVPHPF.tif,MUS
data/NCT-CRC-HE-100K/MUS/MUS-CFHSVLPE.tif,MUS
data/NCT-CRC-HE-100K/MUS/MUS-CIYASVRM.tif,MUS
data/NCT-CRC-HE-100K/MUS/MUS-KSEKMFLF.tif,MUS
data/NCT-CRC-HE-100K/MUS/MUS-HGWSRYNG.tif,MUS
data/NCT-CRC-HE-100K/MUS/MUS-TYSFWGDP.tif,MUS
data/NCT-CRC-HE-100K/MUS/MUS-ITEQPTFM.tif,MUS
data/NCT-CRC-HE-100K/MUS/MUS-HCHTYRII.tif,MUS
data/NCT-CRC-HE-100K/MUS/MUS-AEHFKVDK.tif,MUS
data/NCT-CRC-HE-100K/MUS/MUS-DYRFDQVM.tif,MUS
data/NCT-CRC-HE-100K/MUS/MUS-MKTTSFRL.tif,MUS
data/NCT-CRC-HE-100K/MUS/MUS-IFRVDTDV.tif,MUS
data/NCT-CRC-HE-100K/MUS/MUS-FSDKTSFG.tif,MUS
data/NCT-CRC-HE-100K/MUS/MUS-FKMCDMQY.tif,MUS
data/NCT-CRC-HE-100K/MUS/MUS-CQGAIQPD.tif,MUS
data/NCT-CRC-HE-100K/MUS/MUS-LCVDHMQA.tif,MUS
data/NCT-CRC-HE-100K/MUS/MUS-ILLNKIYK.tif,MUS
data/NCT-CRC-HE-100K/MUS/MUS-CPDEGYSE.tif,MUS
data/NCT-CRC-HE-100K/MUS/MUS-EMHLVRSH.tif,MUS
data/NCT-CRC-HE-100K/MUS/MUS-ETCMYGMH.tif,MUS
data/NCT-CRC-HE-100K/MUS/MUS-QPAWFFAA.tif,MUS
data/NCT-CRC-HE-100K/MUS/MUS-QFPWVKCD.tif,MUS
data/NCT-CRC-HE-100K/MUS/MUS-GAWRCLYR.tif,MUS
data/NCT-CRC-HE-100K/MUS/MUS-NTDMSKWT.tif,MUS
data/NCT-CRC-HE-100K/MUS/MUS-CYQWMHIM.tif,MUS
data/NCT-CRC-HE-100K/MUS/MUS-HFDAYKKQ.tif,MUS
data/NCT-CRC-HE-100K/MUS/MUS-SAGLWPTF.tif,MUS
data/NCT-CRC-HE-100K/MUS/MUS-MQTLPNGP.tif,MUS
data/NCT-CRC-HE-100K/MUS/MUS-TEMAWWDP.tif,MUS
data/NCT-CRC-HE-100K/MUS/MUS-TLEWRGAK.tif,MUS
data/NCT-CRC-HE-100K/MUS/MUS-KEKAHPYA.tif,MUS
data/NCT-CRC-HE-100K/MUS/MUS-CHHWHPVL.tif,MUS
data/NCT-CRC-HE-100K/MUS/MUS-QISRMKCA.tif,MUS
data/NCT-CRC-HE-100K/MUS/MUS-IQYKTWNI.tif,MUS
data/NCT-CRC-HE-100K/MUS/MUS-FQAIMCWE.tif,MUS
data/NCT-CRC-HE-100K/MUS/MUS-LVAMAWSE.tif,MUS
data/NCT-CRC-HE-100K/MUS/MUS-PQDVVWQR.tif,MUS
data/NCT-CRC-HE-100K/MUS/MUS-PAWPYHNA.tif,MUS
data/NCT-CRC-HE-100K/MUS/MUS-FIHWERNP.tif,MUS
data/NCT-CRC-HE-100K/MUS/MUS-LYAIYPKV.tif,MUS
data/NCT-CRC-HE-100K/MUS/MUS-MSLSCWRL.tif,MUS
data/NCT-CRC-HE-100K/MUS/MUS-DFLSTDDR.tif,MUS
data/NCT-CRC-HE-100K/MUS/MUS-LLPDERMI.tif,MUS
data/NCT-CRC-HE-100K/MUS/MUS-FFRYAGPE.tif,MUS
data/NCT-CRC-HE-100K/MUS/MUS-INHSNMFI.tif,MUS
data/NCT-CRC-HE-100K/MUS/MUS-PYSGCHTI.tif,MUS
data/NCT-CRC-HE-100K/MUS/MUS-HRNQMPTD.tif,MUS
data/NCT-CRC-HE-100K/MUS/MUS-IIELEAFG.tif,MUS
data/NCT-CRC-HE-100K/MUS/MUS-SGYHCLII.tif,MUS
data/NCT-CRC-HE-100K/MUS/MUS-RTSNFEPN.tif,MUS
data/NCT-CRC-HE-100K/MUS/MUS-PVGHGGPH.tif,MUS
data/NCT-CRC-HE-100K/MUS/MUS-QFRLFDKP.tif,MUS
data/NCT-CRC-HE-100K/MUS/MUS-ANETSEQV.tif,MUS
data/NCT-CRC-HE-100K/MUS/MUS-VGGPLYYK.tif,MUS
data/NCT-CRC-HE-100K/MUS/MUS-LCTIRVED.tif,MUS
data/NCT-CRC-HE-100K/MUS/MUS-SYRMVSDQ.tif,MUS
data/NCT-CRC-HE-100K/MUS/MUS-QTDQWECS.tif,MUS
data/NCT-CRC-HE-100K/MUS/MUS-SLQMQQGC.tif,MUS
data/NCT-CRC-HE-100K/MUS/MUS-DHRMTRRY.tif,MUS
data/NCT-CRC-HE-100K/MUS/MUS-HSVDADQK.tif,MUS
data/NCT-CRC-HE-100K/MUS/MUS-KIGTNFEK.tif,MUS
data/NCT-CRC-HE-100K/MUS/MUS-LASWQMDA.tif,MUS
data/NCT-CRC-HE-100K/MUS/MUS-KCIAEWCR.tif,MUS
data/NCT-CRC-HE-100K/MUS/MUS-GEGEFPRE.tif,MUS
data/NCT-CRC-HE-100K/MUS/MUS-DVRMHICM.tif,MUS
data/NCT-CRC-HE-100K/MUS/MUS-KCFPPMHR.tif,MUS
data/NCT-CRC-HE-100K/MUS/MUS-KCYGLYGN.tif,MUS
data/NCT-CRC-HE-100K/MUS/MUS-KHRLQDIY.tif,MUS
data/NCT-CRC-HE-100K/MUS/MUS-SAYPYGYK.tif,MUS
data/NCT-CRC-HE-100K/MUS/MUS-NWPHPFFH.tif,MUS
data/NCT-CRC-HE-100K/MUS/MUS-SDGLQFRS.tif,MUS
data/NCT-CRC-HE-100K/MUS/MUS-VISGGHAP.tif,MUS
data/NCT-CRC-HE-100K/MUS/MUS-RSTSVLQH.tif,MUS
data/NCT-CRC-HE-100K/MUS/MUS-RGREEWKN.tif,MUS
data/NCT-CRC-HE-100K/MUS/MUS-FCNEDNCC.tif,MUS
data/NCT-CRC-HE-100K/MUS/MUS-TTMQVVNF.tif,MUS
data/NCT-CRC-HE-100K/MUS/MUS-FMCPNFPG.tif,MUS
data/NCT-CRC-HE-100K/MUS/MUS-CLWMNIML.tif,MUS
data/NCT-CRC-HE-100K/MUS/MUS-KDMWNFEF.tif,MUS
data/NCT-CRC-HE-100K/MUS/MUS-FMAYDRNM.tif,MUS
data/NCT-CRC-HE-100K/MUS/MUS-EYDFGPEE.tif,MUS
data/NCT-CRC-HE-100K/MUS/MUS-FEHNGLNK.tif,MUS
data/NCT-CRC-HE-100K/MUS/MUS-CCRDYKPL.tif,MUS
data/NCT-CRC-HE-100K/MUS/MUS-IGKWTITA.tif,MUS
data/NCT-CRC-HE-100K/MUS/MUS-VEKANGLE.tif,MUS
data/NCT-CRC-HE-100K/MUS/MUS-KDVLLLRA.tif,MUS
data/NCT-CRC-HE-100K/MUS/MUS-QWEMERYD.tif,MUS
data/NCT-CRC-HE-100K/MUS/MUS-CKCFYPVM.tif,MUS
data/NCT-CRC-HE-100K/MUS/MUS-DGEYMYVV.tif,MUS
data/NCT-CRC-HE-100K/MUS/MUS-TRILWRHC.tif,MUS
data/NCT-CRC-HE-100K/MUS/MUS-PWMEVFCP.tif,MUS
data/NCT-CRC-HE-100K/MUS/MUS-NRACGTHV.tif,MUS
data/NCT-CRC-HE-100K/MUS/MUS-QFKEWSMP.tif,MUS
data/NCT-CRC-HE-100K/MUS/MUS-CANLCGVL.tif,MUS
data/NCT-CRC-HE-100K/MUS/MUS-IVKPPAYM.tif,MUS
data/NCT-CRC-HE-100K/MUS/MUS-EHAPSKEH.tif,MUS
data/NCT-CRC-HE-100K/MUS/MUS-ENDKSQYD.tif,MUS
data/NCT-CRC-HE-100K/MUS/MUS-IRFKMNRA.tif,MUS
data/NCT-CRC-HE-100K/MUS/MUS-LTVIIGQW.tif,MUS
data/NCT-CRC-HE-100K/MUS/MUS-KVVQFGRT.tif,MUS
data/NCT-CRC-HE-100K/MUS/MUS-IHMHNRNL.tif,MUS
data/NCT-CRC-HE-100K/NORM/NORM-NDQLNRNL.tif,NORM
data/NCT-CRC-HE-100K/NORM/NORM-MSEHRQGI.tif,NORM
data/NCT-CRC-HE-100K/NORM/NORM-NWLNIKSK.tif,NORM
data/NCT-CRC-HE-100K/NORM/NORM-SWCYVDIK.tif,NORM
data/NCT-CRC-HE-100K/NORM/NORM-HEFSTQFI.tif,NORM
data/NCT-CRC-HE-100K/NORM/NORM-TTQQACYS.tif,NORM
data/NCT-CRC-HE-100K/NORM/NORM-FVVGSHPC.tif,NORM
data/NCT-CRC-HE-100K/NORM/NORM-VGQWVLYG.tif,NORM
data/NCT-CRC-HE-100K/NORM/NORM-FWYHFRGI.tif,NORM
data/NCT-CRC-HE-100K/NORM/NORM-SFWRVLYR.tif,NORM
data/NCT-CRC-HE-100K/NORM/NORM-QCYVNRFT.tif,NORM
data/NCT-CRC-HE-100K/NORM/NORM-NRTTYAIL.tif,NORM
data/NCT-CRC-HE-100K/NORM/NORM-FHPEDLFY.tif,NORM
data/NCT-CRC-HE-100K/NORM/NORM-CATQFCCS.tif,NORM
data/NCT-CRC-HE-100K/NORM/NORM-GEKPYSDR.tif,NORM
data/NCT-CRC-HE-100K/NORM/NORM-QFYQYRRM.tif,NORM
data/NCT-CRC-HE-100K/NORM/NORM-PCGLDMTR.tif,NORM
data/NCT-CRC-HE-100K/NORM/NORM-IIWITKYT.tif,NORM
data/NCT-CRC-HE-100K/NORM/NORM-FHSICQGM.tif,NORM
data/NCT-CRC-HE-100K/NORM/NORM-MSKAIIIW.tif,NORM
data/NCT-CRC-HE-100K/NORM/NORM-QKTQRSHV.tif,NORM
data/NCT-CRC-HE-100K/NORM/NORM-CPVEPDQT.tif,NORM
data/NCT-CRC-HE-100K/NORM/NORM-EHNQGLVG.tif,NORM
data/NCT-CRC-HE-100K/NORM/NORM-THFIMPGA.tif,NORM
data/NCT-CRC-HE-100K/NORM/NORM-KHSAHHIL.tif,NORM
data/NCT-CRC-HE-100K/NORM/NORM-AMWFFDYV.tif,NORM
data/NCT-CRC-HE-100K/NORM/NORM-TWNRNTSM.tif,NORM
data/NCT-CRC-HE-100K/NORM/NORM-VRIPAKMK.tif,NORM
data/NCT-CRC-HE-100K/NORM/NORM-DHHDSKEQ.tif,NORM
data/NCT-CRC-HE-100K/NORM/NORM-KPPIPKRN.tif,NORM
data/NCT-CRC-HE-100K/NORM/NORM-DREFKAPY.tif,NORM
data/NCT-CRC-HE-100K/NORM/NORM-IKSHREGM.tif,NORM
data/NCT-CRC-HE-100K/NORM/NORM-IMCILCIK.tif,NORM
data/NCT-CRC-HE-100K/NORM/NORM-IEAVLYDC.tif,NORM
data/NCT-CRC-HE-100K/NORM/NORM-QFFEYLVL.tif,NORM
data/NCT-CRC-HE-100K/NORM/NORM-QTHFWTYR.tif,NORM
data/NCT-CRC-HE-100K/NORM/NORM-AFWFGWHY.tif,NORM
data/NCT-CRC-HE-100K/NORM/NORM-NATSKLDT.tif,NORM
data/NCT-CRC-HE-100K/NORM/NORM-MIQLSMMC.tif,NORM
data/NCT-CRC-HE-100K/NORM/NORM-AHMNKPAP.tif,NORM
data/NCT-CRC-HE-100K/NORM/NORM-PNINTFFP.tif,NORM
data/NCT-CRC-HE-100K/NORM/NORM-DCWRVSRN.tif,NORM
data/NCT-CRC-HE-100K/NORM/NORM-PTAETSSF.tif,NORM
data/NCT-CRC-HE-100K/NORM/NORM-GWPEEHDT.tif,NORM
data/NCT-CRC-HE-100K/NORM/NORM-SGSQETLY.tif,NORM
data/NCT-CRC-HE-100K/NORM/NORM-DSQDFNHV.tif,NORM
data/NCT-CRC-HE-100K/NORM/NORM-TDRCFHTE.tif,NORM
data/NCT-CRC-HE-100K/NORM/NORM-GEPTKKMM.tif,NORM
data/NCT-CRC-HE-100K/NORM/NORM-TWWVRDFG.tif,NORM
data/NCT-CRC-HE-100K/NORM/NORM-VRHGPANA.tif,NORM
data/NCT-CRC-HE-100K/NORM/NORM-NPSNSFNE.tif,NORM
data/NCT-CRC-HE-100K/NORM/NORM-ALATIWMQ.tif,NORM
data/NCT-CRC-HE-100K/NORM/NORM-QYAQVNQH.tif,NORM
data/NCT-CRC-HE-100K/NORM/NORM-ASVAPQEY.tif,NORM
data/NCT-CRC-HE-100K/NORM/NORM-DYDVLWCM.tif,NORM
data/NCT-CRC-HE-100K/NORM/NORM-VHVFHMCW.tif,NORM
data/NCT-CRC-HE-100K/NORM/NORM-WDIMHDFM.tif,NORM
data/NCT-CRC-HE-100K/NORM/NORM-AFRNFDMY.tif,NORM
data/NCT-CRC-HE-100K/NORM/NORM-LAMHSTMQ.tif,NORM
data/NCT-CRC-HE-100K/NORM/NORM-YQFISHLF.tif,NORM
data/NCT-CRC-HE-100K/NORM/NORM-DCDKMHHM.tif,NORM
data/NCT-CRC-HE-100K/NORM/NORM-EWIDSYFW.tif,NORM
data/NCT-CRC-HE-100K/NORM/NORM-RDCIFTPY.tif,NORM
data/NCT-CRC-HE-100K/NORM/NORM-EMKWLHQI.tif,NORM
data/NCT-CRC-HE-100K/NORM/NORM-SGESECRP.tif,NORM
data/NCT-CRC-HE-100K/NORM/NORM-FMQWKMAG.tif,NORM
data/NCT-CRC-HE-100K/NORM/NORM-VRYGHIND.tif,NORM
data/NCT-CRC-HE-100K/NORM/NORM-NGDEQRKC.tif,NORM
data/NCT-CRC-HE-100K/NORM/NORM-RIWITCWK.tif,NORM
data/NCT-CRC-HE-100K/NORM/NORM-AERGNNYM.tif,NORM
data/NCT-CRC-HE-100K/NORM/NORM-YVCQWDTM.tif,NORM
data/NCT-CRC-HE-100K/NORM/NORM-CCRFHIRC.tif,NORM
data/NCT-CRC-HE-100K/NORM/NORM-IVDYVYVY.tif,NORM
data/NCT-CRC-HE-100K/NORM/NORM-GYLAGPFP.tif,NORM
data/NCT-CRC-HE-100K/NORM/NORM-HKQHDALI.tif,NORM
data/NCT-CRC-HE-100K/NORM/NORM-VFDPTSMI.tif,NORM
data/NCT-CRC-HE-100K/NORM/NORM-HLKMMTFA.tif,NORM
data/NCT-CRC-HE-100K/NORM/NORM-TVFAQARR.tif,NORM
data/NCT-CRC-HE-100K/NORM/NORM-HWRRGQVH.tif,NORM
data/NCT-CRC-HE-100K/NORM/NORM-AILSNMEH.tif,NORM
data/NCT-CRC-HE-100K/NORM/NORM-WVVWPVPK.tif,NORM
data/NCT-CRC-HE-100K/NORM/NORM-CMSHVNRP.tif,NORM
data/NCT-CRC-HE-100K/NORM/NORM-YATRQDSV.tif,NORM
data/NCT-CRC-HE-100K/NORM/NORM-VMMTFTEQ.tif,NORM
data/NCT-CRC-HE-100K/NORM/NORM-WCAYFIWF.tif,NORM
data/NCT-CRC-HE-100K/NORM/NORM-RLTQNLAC.tif,NORM
data/NCT-CRC-HE-100K/NORM/NORM-LVFGVLGC.tif,NORM
data/NCT-CRC-HE-100K/NORM/NORM-TWAYEFWS.tif,NORM
data/NCT-CRC-HE-100K/NORM/NORM-PMKQINEP.tif,NORM
data/NCT-CRC-HE-100K/NORM/NORM-EMKGVPGC.tif,NORM
data/NCT-CRC-HE-100K/NORM/NORM-HDSAWAAA.tif,NORM
data/NCT-CRC-HE-100K/NORM/NORM-CIRGCQEC.tif,NORM
data/NCT-CRC-HE-100K/NORM/NORM-TQMNYVSH.tif,NORM
data/NCT-CRC-HE-100K/NORM/NORM-WCILQRKL.tif,NORM
data/NCT-CRC-HE-100K/NORM/NORM-VVCFDERN.tif,NORM
data/NCT-CRC-HE-100K/NORM/NORM-LTMCGREM.tif,NORM
data/NCT-CRC-HE-100K/NORM/NORM-SSSYNINV.tif,NORM
data/NCT-CRC-HE-100K/NORM/NORM-KEIYPMTI.tif,NORM
data/NCT-CRC-HE-100K/NORM/NORM-CNPFKEEY.tif,NORM
data/NCT-CRC-HE-100K/NORM/NORM-CCNCYAKV.tif,NORM
data/NCT-CRC-HE-100K/NORM/NORM-PDLYIFMQ.tif,NORM
data/NCT-CRC-HE-100K/NORM/NORM-RFNVYKPT.tif,NORM
data/NCT-CRC-HE-100K/NORM/NORM-WDEGHSVV.tif,NORM
data/NCT-CRC-HE-100K/NORM/NORM-KMSFDVKW.tif,NORM
data/NCT-CRC-HE-100K/NORM/NORM-ASSINFCP.tif,NORM
data/NCT-CRC-HE-100K/NORM/NORM-IFWDNWMV.tif,NORM
data/NCT-CRC-HE-100K/NORM/NORM-PKIKEVTA.tif,NORM
data/NCT-CRC-HE-100K/NORM/NORM-ICCSNCWV.tif,NORM
data/NCT-CRC-HE-100K/NORM/NORM-GPLASVSG.tif,NORM
data/NCT-CRC-HE-100K/NORM/NORM-MWKRWLKA.tif,NORM
data/NCT-CRC-HE-100K/NORM/NORM-YWVFCHWL.tif,NORM
data/NCT-CRC-HE-100K/NORM/NORM-HPIGWNCM.tif,NORM
data/NCT-CRC-HE-100K/NORM/NORM-TGILSMLS.tif,NORM
data/NCT-CRC-HE-100K/NORM/NORM-ESSWYATG.tif,NORM
data/NCT-CRC-HE-100K/NORM/NORM-LIDNYLAM.tif,NORM
data/NCT-CRC-HE-100K/NORM/NORM-RGNVRKYC.tif,NORM
data/NCT-CRC-HE-100K/NORM/NORM-DFKLHCPY.tif,NORM
data/NCT-CRC-HE-100K/NORM/NORM-QRNCNIMG.tif,NORM
data/NCT-CRC-HE-100K/NORM/NORM-RSVMWQRT.tif,NORM
data/NCT-CRC-HE-100K/NORM/NORM-GIEPVSQH.tif,NORM
data/NCT-CRC-HE-100K/NORM/NORM-SHCNRGFS.tif,NORM
data/NCT-CRC-HE-100K/NORM/NORM-WGHYGDHI.tif,NORM
data/NCT-CRC-HE-100K/NORM/NORM-ERQKRNVT.tif,NORM
data/NCT-CRC-HE-100K/NORM/NORM-LQKDTEDQ.tif,NORM
data/NCT-CRC-HE-100K/NORM/NORM-SREMVWQR.tif,NORM
data/NCT-CRC-HE-100K/NORM/NORM-QPINRFCS.tif,NORM
data/NCT-CRC-HE-100K/NORM/NORM-RVVCKYRW.tif,NORM
data/NCT-CRC-HE-100K/NORM/NORM-QFAFLNFE.tif,NORM
data/NCT-CRC-HE-100K/NORM/NORM-SHFRSRVF.tif,NORM
data/NCT-CRC-HE-100K/NORM/NORM-LNAADWWS.tif,NORM
data/NCT-CRC-HE-100K/NORM/NORM-AFSDSTCW.tif,NORM
data/NCT-CRC-HE-100K/NORM/NORM-IMVKCWSP.tif,NORM
data/NCT-CRC-HE-100K/NORM/NORM-VANGECDI.tif,NORM
data/NCT-CRC-HE-100K/NORM/NORM-QPGKGRPV.tif,NORM
data/NCT-CRC-HE-100K/NORM/NORM-ISQLLAEP.tif,NORM
data/NCT-CRC-HE-100K/NORM/NORM-EGSHQGIQ.tif,NORM
data/NCT-CRC-HE-100K/NORM/NORM-NRQTMTDN.tif,NORM
data/NCT-CRC-HE-100K/NORM/NORM-AKNALYSY.tif,NORM
data/NCT-CRC-HE-100K/NORM/NORM-QYPKANGC.tif,NORM
data/NCT-CRC-HE-100K/NORM/NORM-SNGKCREM.tif,NORM
data/NCT-CRC-HE-100K/NORM/NORM-IITHHPPQ.tif,NORM
data/NCT-CRC-HE-100K/NORM/NORM-STFMGPIC.tif,NORM
data/NCT-CRC-HE-100K/NORM/NORM-LCATTIWY.tif,NORM
data/NCT-CRC-HE-100K/NORM/NORM-SPARANGQ.tif,NORM
data/NCT-CRC-HE-100K/NORM/NORM-NSKPCEDI.tif,NORM
data/NCT-CRC-HE-100K/NORM/NORM-FDRQMDAQ.tif,NORM
data/NCT-CRC-HE-100K/NORM/NORM-ANFGTMRH.tif,NORM
data/NCT-CRC-HE-100K/NORM/NORM-NCLGRNIG.tif,NORM
data/NCT-CRC-HE-100K/NORM/NORM-DQCKKDCE.tif,NORM
data/NCT-CRC-HE-100K/NORM/NORM-ISGYDKEC.tif,NORM
data/NCT-CRC-HE-100K/NORM/NORM-NEQWIPGE.tif,NORM
data/NCT-CRC-HE-100K/NORM/NORM-ECEGNNIL.tif,NORM
data/NCT-CRC-HE-100K/NORM/NORM-IKWFAKHR.tif,NORM
data/NCT-CRC-HE-100K/NORM/NORM-GSMQCDMA.tif,NORM
data/NCT-CRC-HE-100K/NORM/NORM-TELYVTPK.tif,NORM
data/NCT-CRC-HE-100K/NORM/NORM-PCGHHCNW.tif,NORM
data/NCT-CRC-HE-100K/NORM/NORM-MVPMCCFK.tif,NORM
data/NCT-CRC-HE-100K/NORM/NORM-GPQCRGCR.tif,NORM
data/NCT-CRC-HE-100K/NORM/NORM-KRYAWLCG.tif,NORM
data/NCT-CRC-HE-100K/NORM/NORM-YLCKHLTK.tif,NORM
data/NCT-CRC-HE-100K/NORM/NORM-WKWNIWHN.tif,NORM
data/NCT-CRC-HE-100K/NORM/NORM-AFRSNVNL.tif,NORM
data/NCT-CRC-HE-100K/NORM/NORM-FPWCCPSR.tif,NORM
data/NCT-CRC-HE-100K/NORM/NORM-WDCSFDMN.tif,NORM
data/NCT-CRC-HE-100K/NORM/NORM-DHWPFVAD.tif,NORM
data/NCT-CRC-HE-100K/NORM/NORM-ACVNRPGV.tif,NORM
data/NCT-CRC-HE-100K/NORM/NORM-NITVREEI.tif,NORM
data/NCT-CRC-HE-100K/NORM/NORM-TMIYYWCV.tif,NORM
data/NCT-CRC-HE-100K/NORM/NORM-LTVTATHE.tif,NORM
data/NCT-CRC-HE-100K/NORM/NORM-IDVEMFAS.tif,NORM
data/NCT-CRC-HE-100K/NORM/NORM-YFYADNKK.tif,NORM
data/NCT-CRC-HE-100K/NORM/NORM-FYTYELNF.tif,NORM
data/NCT-CRC-HE-100K/NORM/NORM-PQCGSSYP.tif,NORM
data/NCT-CRC-HE-100K/NORM/NORM-NHCTGYDH.tif,NORM
data/NCT-CRC-HE-100K/NORM/NORM-FTAMWHLF.tif,NORM
data/NCT-CRC-HE-100K/NORM/NORM-HRVIQDQC.tif,NORM
data/NCT-CRC-HE-100K/NORM/NORM-NYKCSPTA.tif,NORM
data/NCT-CRC-HE-100K/NORM/NORM-SARTDLGP.tif,NORM
data/NCT-CRC-HE-100K/NORM/NORM-MYSERFRQ.tif,NORM
data/NCT-CRC-HE-100K/NORM/NORM-QAGQPNQA.tif,NORM
data/NCT-CRC-HE-100K/NORM/NORM-TTFNDNSK.tif,NORM
data/NCT-CRC-HE-100K/NORM/NORM-VWRTQHLV.tif,NORM
data/NCT-CRC-HE-100K/NORM/NORM-SKFHGKTQ.tif,NORM
data/NCT-CRC-HE-100K/NORM/NORM-TVWCDAVI.tif,NORM
data/NCT-CRC-HE-100K/NORM/NORM-INREDHIN.tif,NORM
data/NCT-CRC-HE-100K/NORM/NORM-LQHGMSTN.tif,NORM
data/NCT-CRC-HE-100K/NORM/NORM-SPENTKQE.tif,NORM
data/NCT-CRC-HE-100K/NORM/NORM-TGNTVISC.tif,NORM
data/NCT-CRC-HE-100K/NORM/NORM-WGWGGGWH.tif,NORM
data/NCT-CRC-HE-100K/NORM/NORM-DEIKYLYI.tif,NORM
data/NCT-CRC-HE-100K/NORM/NORM-PRLCSHEH.tif,NORM
data/NCT-CRC-HE-100K/NORM/NORM-WHRAAIFY.tif,NORM
data/NCT-CRC-HE-100K/NORM/NORM-PRQWVKNP.tif,NORM
data/NCT-CRC-HE-100K/NORM/NORM-CQHNNVQY.tif,NORM
data/NCT-CRC-HE-100K/NORM/NORM-NYDFAWHR.tif,NORM
data/NCT-CRC-HE-100K/NORM/NORM-WLGGWNKK.tif,NORM
data/NCT-CRC-HE-100K/NORM/NORM-QMNEVYYW.tif,NORM
data/NCT-CRC-HE-100K/NORM/NORM-TIAVKNMQ.tif,NORM
data/NCT-CRC-HE-100K/NORM/NORM-DIMALKPE.tif,NORM
data/NCT-CRC-HE-100K/NORM/NORM-EHKDYCYM.tif,NORM
data/NCT-CRC-HE-100K/NORM/NORM-YYYWSVRT.tif,NORM
data/NCT-CRC-HE-100K/NORM/NORM-MMFPLNPG.tif,NORM
data/NCT-CRC-HE-100K/NORM/NORM-MYGTDMDI.tif,NORM
data/NCT-CRC-HE-100K/NORM/NORM-TGCASSNF.tif,NORM
data/NCT-CRC-HE-100K/NORM/NORM-PQIIMEGP.tif,NORM
data/NCT-CRC-HE-100K/NORM/NORM-TWRESDQP.tif,NORM
data/NCT-CRC-HE-100K/NORM/NORM-EYTPMCYQ.tif,NORM
data/NCT-CRC-HE-100K/NORM/NORM-PVLTGNRE.tif,NORM
data/NCT-CRC-HE-100K/NORM/NORM-TPYMDVLN.tif,NORM
data/NCT-CRC-HE-100K/NORM/NORM-SHVMQKHQ.tif,NORM
data/NCT-CRC-HE-100K/NORM/NORM-CEASYSDM.tif,NORM
data/NCT-CRC-HE-100K/NORM/NORM-RVHACKGQ.tif,NORM
data/NCT-CRC-HE-100K/NORM/NORM-QCKHQFWA.tif,NORM
data/NCT-CRC-HE-100K/NORM/NORM-AFGVIFYI.tif,NORM
data/NCT-CRC-HE-100K/NORM/NORM-QEHLQQAQ.tif,NORM
data/NCT-CRC-HE-100K/NORM/NORM-ASRAIYNE.tif,NORM
data/NCT-CRC-HE-100K/NORM/NORM-VMGAVKTE.tif,NORM
data/NCT-CRC-HE-100K/NORM/NORM-WTPCLYET.tif,NORM
data/NCT-CRC-HE-100K/NORM/NORM-STQEQAEH.tif,NORM
data/NCT-CRC-HE-100K/NORM/NORM-IYKDTWQS.tif,NORM
data/NCT-CRC-HE-100K/NORM/NORM-DCQWDCTC.tif,NORM
data/NCT-CRC-HE-100K/NORM/NORM-NHDPSTMH.tif,NORM
data/NCT-CRC-HE-100K/NORM/NORM-ICGEDWDF.tif,NORM
data/NCT-CRC-HE-100K/NORM/NORM-IVMWETTA.tif,NORM
data/NCT-CRC-HE-100K/NORM/NORM-FCSKMYDG.tif,NORM
data/NCT-CRC-HE-100K/NORM/NORM-WVYGCHVQ.tif,NORM
data/NCT-CRC-HE-100K/NORM/NORM-SCVRLSTV.tif,NORM
data/NCT-CRC-HE-100K/NORM/NORM-FFDTFVEY.tif,NORM
data/NCT-CRC-HE-100K/NORM/NORM-CVFRMLNV.tif,NORM
data/NCT-CRC-HE-100K/NORM/NORM-LNSCGDHC.tif,NORM
data/NCT-CRC-HE-100K/NORM/NORM-NSVWEQQQ.tif,NORM
data/NCT-CRC-HE-100K/NORM/NORM-PPCYRRTW.tif,NORM
data/NCT-CRC-HE-100K/NORM/NORM-CSDMSEHA.tif,NORM
data/NCT-CRC-HE-100K/NORM/NORM-TTPCLGVT.tif,NORM
data/NCT-CRC-HE-100K/NORM/NORM-GIGNSQWC.tif,NORM
data/NCT-CRC-HE-100K/NORM/NORM-YANDAYPK.tif,NORM
data/NCT-CRC-HE-100K/NORM/NORM-ANRGCYEH.tif,NORM
data/NCT-CRC-HE-100K/NORM/NORM-SDYRMAFM.tif,NORM
data/NCT-CRC-HE-100K/NORM/NORM-LDQEEDGN.tif,NORM
data/NCT-CRC-HE-100K/NORM/NORM-VYACRLTC.tif,NORM
data/NCT-CRC-HE-100K/NORM/NORM-MCIHFLKA.tif,NORM
data/NCT-CRC-HE-100K/NORM/NORM-YWESSGAG.tif,NORM
data/NCT-CRC-HE-100K/NORM/NORM-KCTVGDRT.tif,NORM
data/NCT-CRC-HE-100K/NORM/NORM-MWFIAVCK.tif,NORM
data/NCT-CRC-HE-100K/NORM/NORM-GVCQYYRR.tif,NORM
data/NCT-CRC-HE-100K/NORM/NORM-KYVHAMET.tif,NORM
data/NCT-CRC-HE-100K/NORM/NORM-IHEKRVKV.tif,NORM
data/NCT-CRC-HE-100K/NORM/NORM-WHCYDQFT.tif,NORM
data/NCT-CRC-HE-100K/NORM/NORM-KTWKIIYS.tif,NORM
data/NCT-CRC-HE-100K/NORM/NORM-KVTIGAQY.tif,NORM
data/NCT-CRC-HE-100K/NORM/NORM-MACRDHRQ.tif,NORM
data/NCT-CRC-HE-100K/NORM/NORM-PTYPGENH.tif,NORM
data/NCT-CRC-HE-100K/NORM/NORM-HTTTCHQC.tif,NORM
data/NCT-CRC-HE-100K/NORM/NORM-PCNYCEVK.tif,NORM
data/NCT-CRC-HE-100K/NORM/NORM-GIDCFYWE.tif,NORM
data/NCT-CRC-HE-100K/NORM/NORM-RHMGVCCN.tif,NORM
data/NCT-CRC-HE-100K/NORM/NORM-IANLGLQS.tif,NORM
data/NCT-CRC-HE-100K/NORM/NORM-ILCQVQMA.tif,NORM
data/NCT-CRC-HE-100K/NORM/NORM-INAVMNVE.tif,NORM
data/NCT-CRC-HE-100K/NORM/NORM-REYHWVIH.tif,NORM
data/NCT-CRC-HE-100K/NORM/NORM-GVSKVITH.tif,NORM
data/NCT-CRC-HE-100K/NORM/NORM-WDHINWAC.tif,NORM
data/NCT-CRC-HE-100K/NORM/NORM-NEKWSSQA.tif,NORM
data/NCT-CRC-HE-100K/NORM/NORM-DTLWPKFQ.tif,NORM
data/NCT-CRC-HE-100K/NORM/NORM-EITFTTQW.tif,NORM
data/NCT-CRC-HE-100K/NORM/NORM-NIVAYTDM.tif,NORM
data/NCT-CRC-HE-100K/NORM/NORM-IWARKVNR.tif,NORM
data/NCT-CRC-HE-100K/NORM/NORM-CAFNDFAC.tif,NORM
data/NCT-CRC-HE-100K/NORM/NORM-CWNAAVEG.tif,NORM
data/NCT-CRC-HE-100K/NORM/NORM-PYRFMFFA.tif,NORM
data/NCT-CRC-HE-100K/NORM/NORM-ECYNDMPC.tif,NORM
data/NCT-CRC-HE-100K/NORM/NORM-TSPAQTTM.tif,NORM
data/NCT-CRC-HE-100K/NORM/NORM-MSVIRETR.tif,NORM
data/NCT-CRC-HE-100K/NORM/NORM-NNAQAFYE.tif,NORM
data/NCT-CRC-HE-100K/NORM/NORM-WIKWLDQK.tif,NORM
data/NCT-CRC-HE-100K/NORM/NORM-RASRPCWQ.tif,NORM
data/NCT-CRC-HE-100K/NORM/NORM-METHMEVM.tif,NORM
data/NCT-CRC-HE-100K/NORM/NORM-KCHKFARM.tif,NORM
data/NCT-CRC-HE-100K/NORM/NORM-QTKRLTYV.tif,NORM
data/NCT-CRC-HE-100K/NORM/NORM-YTYGSFMQ.tif,NORM
data/NCT-CRC-HE-100K/NORM/NORM-EWMIQMQI.tif,NORM
data/NCT-CRC-HE-100K/NORM/NORM-PACVDGLK.tif,NORM
data/NCT-CRC-HE-100K/NORM/NORM-RQDHQRFA.tif,NORM
data/NCT-CRC-HE-100K/NORM/NORM-QRHLCFQL.tif,NORM
data/NCT-CRC-HE-100K/NORM/NORM-FFFETTWS.tif,NORM
data/NCT-CRC-HE-100K/NORM/NORM-GEVQPGEG.tif,NORM
data/NCT-CRC-HE-100K/NORM/NORM-VQTQANRY.tif,NORM
data/NCT-CRC-HE-100K/NORM/NORM-RHSNYFMN.tif,NORM
data/NCT-CRC-HE-100K/NORM/NORM-YQIVYWWI.tif,NORM
data/NCT-CRC-HE-100K/NORM/NORM-QAQHWENQ.tif,NORM
data/NCT-CRC-HE-100K/NORM/NORM-LTADSSIF.tif,NORM
data/NCT-CRC-HE-100K/NORM/NORM-YYARGCKK.tif,NORM
data/NCT-CRC-HE-100K/NORM/NORM-FTTEEACR.tif,NORM
data/NCT-CRC-HE-100K/NORM/NORM-DRFMGWIR.tif,NORM
data/NCT-CRC-HE-100K/NORM/NORM-GLYFWGSK.tif,NORM
data/NCT-CRC-HE-100K/NORM/NORM-LKFHELFW.tif,NORM
data/NCT-CRC-HE-100K/NORM/NORM-CMHVIICI.tif,NORM
data/NCT-CRC-HE-100K/NORM/NORM-IWSEKFSI.tif,NORM
data/NCT-CRC-HE-100K/NORM/NORM-WWCFSKCR.tif,NORM
data/NCT-CRC-HE-100K/NORM/NORM-QFEMKQQG.tif,NORM
data/NCT-CRC-HE-100K/NORM/NORM-RMQFMWTE.tif,NORM
data/NCT-CRC-HE-100K/NORM/NORM-PWYTCKPY.tif,NORM
data/NCT-CRC-HE-100K/NORM/NORM-ESQFILTA.tif,NORM
data/NCT-CRC-HE-100K/NORM/NORM-WSMLAWTN.tif,NORM
data/NCT-CRC-HE-100K/NORM/NORM-VMEAIPES.tif,NORM
data/NCT-CRC-HE-100K/NORM/NORM-AVDPEFQV.tif,NORM
data/NCT-CRC-HE-100K/NORM/NORM-IIHPLRCW.tif,NORM
data/NCT-CRC-HE-100K/NORM/NORM-SGRWMRDK.tif,NORM
data/NCT-CRC-HE-100K/NORM/NORM-AREVQQCD.tif,NORM
data/NCT-CRC-HE-100K/NORM/NORM-SHSPQHFE.tif,NORM
data/NCT-CRC-HE-100K/NORM/NORM-STHCANKW.tif,NORM
data/NCT-CRC-HE-100K/NORM/NORM-KWACYWHK.tif,NORM
data/NCT-CRC-HE-100K/NORM/NORM-ESIKATMA.tif,NORM
data/NCT-CRC-HE-100K/NORM/NORM-DVDDGSLA.tif,NORM
data/NCT-CRC-HE-100K/NORM/NORM-PMARKQLK.tif,NORM
data/NCT-CRC-HE-100K/NORM/NORM-SKTCIMVG.tif,NORM
data/NCT-CRC-HE-100K/NORM/NORM-YVLNAQKL.tif,NORM
data/NCT-CRC-HE-100K/NORM/NORM-NIFFHHMD.tif,NORM
data/NCT-CRC-HE-100K/NORM/NORM-ISLFEKWN.tif,NORM
data/NCT-CRC-HE-100K/NORM/NORM-WKIVMNIE.tif,NORM
data/NCT-CRC-HE-100K/NORM/NORM-VEYNELRY.tif,NORM
data/NCT-CRC-HE-100K/NORM/NORM-HFMSSHAH.tif,NORM
data/NCT-CRC-HE-100K/NORM/NORM-MQLFVTWV.tif,NORM
data/NCT-CRC-HE-100K/NORM/NORM-YLEQDYNI.tif,NORM
data/NCT-CRC-HE-100K/NORM/NORM-VLIRLEVL.tif,NORM
data/NCT-CRC-HE-100K/NORM/NORM-QLSRDTKT.tif,NORM
data/NCT-CRC-HE-100K/NORM/NORM-ELPYEERG.tif,NORM
data/NCT-CRC-HE-100K/NORM/NORM-ACGGYPNA.tif,NORM
data/NCT-CRC-HE-100K/NORM/NORM-PPTVYRHI.tif,NORM
data/NCT-CRC-HE-100K/NORM/NORM-PWCLIYPH.tif,NORM
data/NCT-CRC-HE-100K/NORM/NORM-VCQDIVWF.tif,NORM
data/NCT-CRC-HE-100K/NORM/NORM-GKKISCQF.tif,NORM
data/NCT-CRC-HE-100K/NORM/NORM-YWCFEQVE.tif,NORM
data/NCT-CRC-HE-100K/NORM/NORM-MDNEVQPL.tif,NORM
data/NCT-CRC-HE-100K/NORM/NORM-CSEGENWN.tif,NORM
data/NCT-CRC-HE-100K/NORM/NORM-DFIMKNCA.tif,NORM
data/NCT-CRC-HE-100K/NORM/NORM-HNNNNYPI.tif,NORM
data/NCT-CRC-HE-100K/NORM/NORM-WKPPKEDH.tif,NORM
data/NCT-CRC-HE-100K/NORM/NORM-YCPSHIMH.tif,NORM
data/NCT-CRC-HE-100K/NORM/NORM-GLGMPGDC.tif,NORM
data/NCT-CRC-HE-100K/NORM/NORM-GSQRFSVC.tif,NORM
data/NCT-CRC-HE-100K/NORM/NORM-DLYSSTDY.tif,NORM
data/NCT-CRC-HE-100K/NORM/NORM-KSKLWATM.tif,NORM
data/NCT-CRC-HE-100K/NORM/NORM-WQVMIKRC.tif,NORM
data/NCT-CRC-HE-100K/NORM/NORM-GTVPWLAK.tif,NORM
data/NCT-CRC-HE-100K/NORM/NORM-VDLCLMYQ.tif,NORM
data/NCT-CRC-HE-100K/NORM/NORM-CHCFYHIQ.tif,NORM
data/NCT-CRC-HE-100K/NORM/NORM-FHACIFLD.tif,NORM
data/NCT-CRC-HE-100K/NORM/NORM-YHKKDEQP.tif,NORM
data/NCT-CRC-HE-100K/NORM/NORM-QCWMDAVF.tif,NORM
data/NCT-CRC-HE-100K/NORM/NORM-PKWKSYPV.tif,NORM
data/NCT-CRC-HE-100K/NORM/NORM-SWCEHVSH.tif,NORM
data/NCT-CRC-HE-100K/NORM/NORM-QACIIPCC.tif,NORM
data/NCT-CRC-HE-100K/NORM/NORM-KFHSIDGK.tif,NORM
data/NCT-CRC-HE-100K/NORM/NORM-FAPIACKN.tif,NORM
data/NCT-CRC-HE-100K/NORM/NORM-SGVVQWSH.tif,NORM
data/NCT-CRC-HE-100K/NORM/NORM-WCPYTEGA.tif,NORM
data/NCT-CRC-HE-100K/NORM/NORM-YEWERWQY.tif,NORM
data/NCT-CRC-HE-100K/NORM/NORM-EEGRVYWD.tif,NORM
data/NCT-CRC-HE-100K/NORM/NORM-VKKEVGKS.tif,NORM
data/NCT-CRC-HE-100K/NORM/NORM-NFWQKRCM.tif,NORM
data/NCT-CRC-HE-100K/NORM/NORM-CAYFMIVC.tif,NORM
data/NCT-CRC-HE-100K/NORM/NORM-PQFNIDCQ.tif,NORM
data/NCT-CRC-HE-100K/NORM/NORM-VTTFGTGQ.tif,NORM
data/NCT-CRC-HE-100K/NORM/NORM-FFIDHYCK.tif,NORM
data/NCT-CRC-HE-100K/NORM/NORM-NCYNGTMA.tif,NORM
data/NCT-CRC-HE-100K/NORM/NORM-EPVTPYKM.tif,NORM
data/NCT-CRC-HE-100K/NORM/NORM-CKCSLLMG.tif,NORM
data/NCT-CRC-HE-100K/NORM/NORM-HPELVYEP.tif,NORM
data/NCT-CRC-HE-100K/NORM/NORM-NMIDCLLC.tif,NORM
data/NCT-CRC-HE-100K/NORM/NORM-HPRMQDKC.tif,NORM
data/NCT-CRC-HE-100K/NORM/NORM-PPKAWETF.tif,NORM
data/NCT-CRC-HE-100K/NORM/NORM-VSHYANMD.tif,NORM
data/NCT-CRC-HE-100K/NORM/NORM-KDMTAEEH.tif,NORM
data/NCT-CRC-HE-100K/NORM/NORM-RDFENRNK.tif,NORM
data/NCT-CRC-HE-100K/NORM/NORM-PMIAPPQM.tif,NORM
data/NCT-CRC-HE-100K/NORM/NORM-ALCWFPRP.tif,NORM
data/NCT-CRC-HE-100K/NORM/NORM-QVITYDSD.tif,NORM
data/NCT-CRC-HE-100K/NORM/NORM-PMYVQGNG.tif,NORM
data/NCT-CRC-HE-100K/NORM/NORM-TPRMCMCR.tif,NORM
data/NCT-CRC-HE-100K/NORM/NORM-IKKWDDFY.tif,NORM
data/NCT-CRC-HE-100K/NORM/NORM-VADILSGW.tif,NORM
data/NCT-CRC-HE-100K/NORM/NORM-SLSWMHPM.tif,NORM
data/NCT-CRC-HE-100K/NORM/NORM-NRHNPTIV.tif,NORM
data/NCT-CRC-HE-100K/NORM/NORM-SYYCNMNA.tif,NORM
data/NCT-CRC-HE-100K/NORM/NORM-SWSKTPIR.tif,NORM
data/NCT-CRC-HE-100K/NORM/NORM-VSPVHMVT.tif,NORM
data/NCT-CRC-HE-100K/NORM/NORM-HWFSSYRP.tif,NORM
data/NCT-CRC-HE-100K/NORM/NORM-GSINMRVK.tif,NORM
data/NCT-CRC-HE-100K/NORM/NORM-VVHMQQCV.tif,NORM
data/NCT-CRC-HE-100K/NORM/NORM-CRVQTPRI.tif,NORM
data/NCT-CRC-HE-100K/NORM/NORM-HYCYEHEN.tif,NORM
data/NCT-CRC-HE-100K/NORM/NORM-CKTPVSWQ.tif,NORM
data/NCT-CRC-HE-100K/NORM/NORM-WLWIINPV.tif,NORM
data/NCT-CRC-HE-100K/NORM/NORM-ACAMSPSR.tif,NORM
data/NCT-CRC-HE-100K/NORM/NORM-GSIAWRYP.tif,NORM
data/NCT-CRC-HE-100K/NORM/NORM-ERPSKFVS.tif,NORM
data/NCT-CRC-HE-100K/NORM/NORM-GVTQQVEF.tif,NORM
data/NCT-CRC-HE-100K/NORM/NORM-YKFPRIHL.tif,NORM
data/NCT-CRC-HE-100K/NORM/NORM-IQMTTFQN.tif,NORM
data/NCT-CRC-HE-100K/NORM/NORM-FAHGFFPK.tif,NORM
data/NCT-CRC-HE-100K/NORM/NORM-FHGLWHEI.tif,NORM
data/NCT-CRC-HE-100K/NORM/NORM-SWMAQHDT.tif,NORM
data/NCT-CRC-HE-100K/NORM/NORM-HVPFANSV.tif,NORM
data/NCT-CRC-HE-100K/NORM/NORM-YRRIILTV.tif,NORM
data/NCT-CRC-HE-100K/NORM/NORM-ARSEDPWV.tif,NORM
data/NCT-CRC-HE-100K/NORM/NORM-GTNFRHAS.tif,NORM
data/NCT-CRC-HE-100K/NORM/NORM-RCIPAGWC.tif,NORM
data/NCT-CRC-HE-100K/NORM/NORM-GSYQEWQH.tif,NORM
data/NCT-CRC-HE-100K/NORM/NORM-FFTAGIWI.tif,NORM
data/NCT-CRC-HE-100K/NORM/NORM-SQHDMHIP.tif,NORM
data/NCT-CRC-HE-100K/NORM/NORM-PKRKLQFT.tif,NORM
data/NCT-CRC-HE-100K/NORM/NORM-YETPPFCQ.tif,NORM
data/NCT-CRC-HE-100K/NORM/NORM-VAADILFW.tif,NORM
data/NCT-CRC-HE-100K/NORM/NORM-DDDRIYSL.tif,NORM
data/NCT-CRC-HE-100K/NORM/NORM-EYSSMIGR.tif,NORM
data/NCT-CRC-HE-100K/NORM/NORM-EWVSPQDN.tif,NORM
data/NCT-CRC-HE-100K/NORM/NORM-IFHCNKYV.tif,NORM
data/NCT-CRC-HE-100K/NORM/NORM-YPFVKPTY.tif,NORM
data/NCT-CRC-HE-100K/NORM/NORM-ESHPTHHT.tif,NORM
data/NCT-CRC-HE-100K/NORM/NORM-ERLCTFKN.tif,NORM
data/NCT-CRC-HE-100K/NORM/NORM-EAYWYLVH.tif,NORM
data/NCT-CRC-HE-100K/NORM/NORM-DTIWSQRV.tif,NORM
data/NCT-CRC-HE-100K/NORM/NORM-AHHSFEAL.tif,NORM
data/NCT-CRC-HE-100K/NORM/NORM-HMTEVHHI.tif,NORM
data/NCT-CRC-HE-100K/NORM/NORM-LGWAPLSS.tif,NORM
data/NCT-CRC-HE-100K/NORM/NORM-VARYVWGF.tif,NORM
data/NCT-CRC-HE-100K/NORM/NORM-YNSCTQHP.tif,NORM
data/NCT-CRC-HE-100K/NORM/NORM-GFGENWGK.tif,NORM
data/NCT-CRC-HE-100K/NORM/NORM-NLGCEAFK.tif,NORM
data/NCT-CRC-HE-100K/NORM/NORM-MWEFSCLC.tif,NORM
data/NCT-CRC-HE-100K/NORM/NORM-KCRVGFRR.tif,NORM
data/NCT-CRC-HE-100K/NORM/NORM-NWLEDYEG.tif,NORM
data/NCT-CRC-HE-100K/NORM/NORM-MHGDDHRV.tif,NORM
data/NCT-CRC-HE-100K/NORM/NORM-FPQIPHND.tif,NORM
data/NCT-CRC-HE-100K/NORM/NORM-WLWCGKFY.tif,NORM
data/NCT-CRC-HE-100K/NORM/NORM-GYLFKSMG.tif,NORM
data/NCT-CRC-HE-100K/NORM/NORM-PFFYQLKE.tif,NORM
data/NCT-CRC-HE-100K/NORM/NORM-IFWGPDME.tif,NORM
data/NCT-CRC-HE-100K/NORM/NORM-KQMGKCAA.tif,NORM
data/NCT-CRC-HE-100K/NORM/NORM-FMIPETMA.tif,NORM
data/NCT-CRC-HE-100K/NORM/NORM-RQRIMCQF.tif,NORM
data/NCT-CRC-HE-100K/NORM/NORM-VQIQLFFA.tif,NORM
data/NCT-CRC-HE-100K/NORM/NORM-RDIHARDL.tif,NORM
data/NCT-CRC-HE-100K/NORM/NORM-DDPHLFVY.tif,NORM
data/NCT-CRC-HE-100K/NORM/NORM-HPQVLVPC.tif,NORM
data/NCT-CRC-HE-100K/NORM/NORM-APNVGEWS.tif,NORM
data/NCT-CRC-HE-100K/NORM/NORM-MKYPGAIF.tif,NORM
data/NCT-CRC-HE-100K/NORM/NORM-EMAICWYD.tif,NORM
data/NCT-CRC-HE-100K/NORM/NORM-CPDWGNWW.tif,NORM
data/NCT-CRC-HE-100K/NORM/NORM-SWPVMARG.tif,NORM
data/NCT-CRC-HE-100K/NORM/NORM-CEMDWVGL.tif,NORM
data/NCT-CRC-HE-100K/NORM/NORM-GILCAAQC.tif,NORM
data/NCT-CRC-HE-100K/NORM/NORM-IQGSEVIY.tif,NORM
data/NCT-CRC-HE-100K/NORM/NORM-NHILQFQF.tif,NORM
data/NCT-CRC-HE-100K/NORM/NORM-DRPRQSMK.tif,NORM
data/NCT-CRC-HE-100K/NORM/NORM-IAGCFPPD.tif,NORM
data/NCT-CRC-HE-100K/NORM/NORM-AQEHFMVA.tif,NORM
data/NCT-CRC-HE-100K/NORM/NORM-TSKVMPHT.tif,NORM
data/NCT-CRC-HE-100K/NORM/NORM-RDASEPDA.tif,NORM
data/NCT-CRC-HE-100K/NORM/NORM-TGLYGRPG.tif,NORM
data/NCT-CRC-HE-100K/NORM/NORM-VPKSIHKY.tif,NORM
data/NCT-CRC-HE-100K/NORM/NORM-MDWMAVWI.tif,NORM
data/NCT-CRC-HE-100K/NORM/NORM-DQDRVCSP.tif,NORM
data/NCT-CRC-HE-100K/NORM/NORM-QDPPTIWG.tif,NORM
data/NCT-CRC-HE-100K/NORM/NORM-WHVYPLLT.tif,NORM
data/NCT-CRC-HE-100K/NORM/NORM-SVTIGFKT.tif,NORM
data/NCT-CRC-HE-100K/NORM/NORM-PGRWNPTS.tif,NORM
data/NCT-CRC-HE-100K/NORM/NORM-ANMENTLS.tif,NORM
data/NCT-CRC-HE-100K/NORM/NORM-CDEWNLEF.tif,NORM
data/NCT-CRC-HE-100K/NORM/NORM-FCWQGCMV.tif,NORM
data/NCT-CRC-HE-100K/NORM/NORM-VMLYVAAK.tif,NORM
data/NCT-CRC-HE-100K/NORM/NORM-TIWRHALD.tif,NORM
data/NCT-CRC-HE-100K/NORM/NORM-ICNLQIMP.tif,NORM
data/NCT-CRC-HE-100K/NORM/NORM-TQMVRHQG.tif,NORM
data/NCT-CRC-HE-100K/NORM/NORM-WTLVKCYP.tif,NORM
data/NCT-CRC-HE-100K/NORM/NORM-AGAAQNAN.tif,NORM
data/NCT-CRC-HE-100K/NORM/NORM-LFAPMQDE.tif,NORM
data/NCT-CRC-HE-100K/NORM/NORM-KYGDCVCQ.tif,NORM
data/NCT-CRC-HE-100K/NORM/NORM-CKCASHQS.tif,NORM
data/NCT-CRC-HE-100K/NORM/NORM-KGEVMCTF.tif,NORM
data/NCT-CRC-HE-100K/NORM/NORM-NRHMPQST.tif,NORM
data/NCT-CRC-HE-100K/NORM/NORM-WWSDWMYS.tif,NORM
data/NCT-CRC-HE-100K/NORM/NORM-MFVSCAHK.tif,NORM
data/NCT-CRC-HE-100K/NORM/NORM-CEEAKCAI.tif,NORM
data/NCT-CRC-HE-100K/NORM/NORM-RNKNTNKQ.tif,NORM
data/NCT-CRC-HE-100K/NORM/NORM-QPAKNCAA.tif,NORM
data/NCT-CRC-HE-100K/NORM/NORM-IMPYYAMH.tif,NORM
data/NCT-CRC-HE-100K/NORM/NORM-KVNIRWKQ.tif,NORM
data/NCT-CRC-HE-100K/NORM/NORM-HVHLFDVP.tif,NORM
data/NCT-CRC-HE-100K/NORM/NORM-NQVRIQCP.tif,NORM
data/NCT-CRC-HE-100K/NORM/NORM-ANMKRTDS.tif,NORM
data/NCT-CRC-HE-100K/NORM/NORM-CQKHTILP.tif,NORM
data/NCT-CRC-HE-100K/NORM/NORM-EDVPTKDS.tif,NORM
data/NCT-CRC-HE-100K/NORM/NORM-IWHSGGLQ.tif,NORM
data/NCT-CRC-HE-100K/NORM/NORM-QEHAYGPQ.tif,NORM
data/NCT-CRC-HE-100K/NORM/NORM-ETCVMRFQ.tif,NORM
data/NCT-CRC-HE-100K/NORM/NORM-RPDAVKSC.tif,NORM
data/NCT-CRC-HE-100K/NORM/NORM-MDHMFGTH.tif,NORM
data/NCT-CRC-HE-100K/NORM/NORM-IFSEQVPT.tif,NORM
data/NCT-CRC-HE-100K/NORM/NORM-HSVITCSG.tif,NORM
data/NCT-CRC-HE-100K/NORM/NORM-THPCSMAI.tif,NORM
data/NCT-CRC-HE-100K/NORM/NORM-VCFAFFRA.tif,NORM
data/NCT-CRC-HE-100K/NORM/NORM-IWGGNVNF.tif,NORM
data/NCT-CRC-HE-100K/NORM/NORM-EHNKEDSC.tif,NORM
data/NCT-CRC-HE-100K/NORM/NORM-WRIVWQDM.tif,NORM
data/NCT-CRC-HE-100K/NORM/NORM-HPFSCVVE.tif,NORM
data/NCT-CRC-HE-100K/NORM/NORM-FKMIIMEC.tif,NORM
data/NCT-CRC-HE-100K/NORM/NORM-PQFVDAWQ.tif,NORM
data/NCT-CRC-HE-100K/NORM/NORM-HRMWWETE.tif,NORM
data/NCT-CRC-HE-100K/NORM/NORM-DNMMSPGN.tif,NORM
data/NCT-CRC-HE-100K/NORM/NORM-LLTKHMKI.tif,NORM
data/NCT-CRC-HE-100K/NORM/NORM-TDIHKTIM.tif,NORM
data/NCT-CRC-HE-100K/NORM/NORM-ILYYKYQF.tif,NORM
data/NCT-CRC-HE-100K/NORM/NORM-FREWFTGS.tif,NORM
data/NCT-CRC-HE-100K/NORM/NORM-EWFMEESS.tif,NORM
data/NCT-CRC-HE-100K/NORM/NORM-KVKQKSMP.tif,NORM
data/NCT-CRC-HE-100K/NORM/NORM-IPTTGQFF.tif,NORM
data/NCT-CRC-HE-100K/NORM/NORM-NLLQTQFN.tif,NORM
data/NCT-CRC-HE-100K/NORM/NORM-LFPNETFY.tif,NORM
data/NCT-CRC-HE-100K/NORM/NORM-CPSQINRC.tif,NORM
data/NCT-CRC-HE-100K/NORM/NORM-ETYEDSIC.tif,NORM
data/NCT-CRC-HE-100K/NORM/NORM-GHNPGPSC.tif,NORM
data/NCT-CRC-HE-100K/NORM/NORM-WPRIDIDM.tif,NORM
data/NCT-CRC-HE-100K/NORM/NORM-LPFFTNQS.tif,NORM
data/NCT-CRC-HE-100K/NORM/NORM-FSFDWVML.tif,NORM
data/NCT-CRC-HE-100K/NORM/NORM-DYVGNDKG.tif,NORM
data/NCT-CRC-HE-100K/NORM/NORM-EYTFVTCW.tif,NORM
data/NCT-CRC-HE-100K/NORM/NORM-IGYNCPGY.tif,NORM
data/NCT-CRC-HE-100K/NORM/NORM-WVSDEREL.tif,NORM
data/NCT-CRC-HE-100K/NORM/NORM-LCCMVMGQ.tif,NORM
data/NCT-CRC-HE-100K/NORM/NORM-KCCYDEFD.tif,NORM
data/NCT-CRC-HE-100K/NORM/NORM-FPWQWCNV.tif,NORM
data/NCT-CRC-HE-100K/NORM/NORM-TVFEWSAR.tif,NORM
data/NCT-CRC-HE-100K/NORM/NORM-IDTMCKTA.tif,NORM
data/NCT-CRC-HE-100K/NORM/NORM-WMWHKHCP.tif,NORM
data/NCT-CRC-HE-100K/NORM/NORM-WLYRRPMS.tif,NORM
data/NCT-CRC-HE-100K/NORM/NORM-EPWCKQQC.tif,NORM
data/NCT-CRC-HE-100K/NORM/NORM-QKQCEILP.tif,NORM
data/NCT-CRC-HE-100K/NORM/NORM-SSQYMLIL.tif,NORM
data/NCT-CRC-HE-100K/NORM/NORM-HKTELEVR.tif,NORM
data/NCT-CRC-HE-100K/NORM/NORM-ACAVNYDC.tif,NORM
data/NCT-CRC-HE-100K/NORM/NORM-SGEWWVMQ.tif,NORM
data/NCT-CRC-HE-100K/NORM/NORM-FMVFCQPI.tif,NORM
data/NCT-CRC-HE-100K/NORM/NORM-FPVQVISK.tif,NORM
data/NCT-CRC-HE-100K/NORM/NORM-RNAGMYTG.tif,NORM
data/NCT-CRC-HE-100K/NORM/NORM-QQRWKGEQ.tif,NORM
data/NCT-CRC-HE-100K/NORM/NORM-YTQTSVSL.tif,NORM
data/NCT-CRC-HE-100K/NORM/NORM-IEITNKCC.tif,NORM
data/NCT-CRC-HE-100K/NORM/NORM-IKKVDMPG.tif,NORM
data/NCT-CRC-HE-100K/NORM/NORM-QGTKHPIR.tif,NORM
data/NCT-CRC-HE-100K/NORM/NORM-KFFGMKNM.tif,NORM
data/NCT-CRC-HE-100K/NORM/NORM-WQCTESPV.tif,NORM
data/NCT-CRC-HE-100K/NORM/NORM-CQWANFWH.tif,NORM
data/NCT-CRC-HE-100K/NORM/NORM-SILPYQFQ.tif,NORM
data/NCT-CRC-HE-100K/NORM/NORM-VGTVKEND.tif,NORM
data/NCT-CRC-HE-100K/NORM/NORM-CKLYMLIH.tif,NORM
data/NCT-CRC-HE-100K/NORM/NORM-NVRTITDV.tif,NORM
data/NCT-CRC-HE-100K/NORM/NORM-IHFTKPVD.tif,NORM
data/NCT-CRC-HE-100K/NORM/NORM-NQICPMIP.tif,NORM
data/NCT-CRC-HE-100K/NORM/NORM-GVRMRCDY.tif,NORM
data/NCT-CRC-HE-100K/NORM/NORM-AYMRGEMT.tif,NORM
data/NCT-CRC-HE-100K/NORM/NORM-PCFCQDVR.tif,NORM
data/NCT-CRC-HE-100K/NORM/NORM-WHANNRDM.tif,NORM
data/NCT-CRC-HE-100K/NORM/NORM-DPAWDYER.tif,NORM
data/NCT-CRC-HE-100K/NORM/NORM-SAAWLHEA.tif,NORM
data/NCT-CRC-HE-100K/NORM/NORM-NIRAFRNV.tif,NORM
data/NCT-CRC-HE-100K/NORM/NORM-HLMFTECS.tif,NORM
data/NCT-CRC-HE-100K/NORM/NORM-KEIECLIC.tif,NORM
data/NCT-CRC-HE-100K/NORM/NORM-ANCVDGMH.tif,NORM
data/NCT-CRC-HE-100K/NORM/NORM-VRDQWPKC.tif,NORM
data/NCT-CRC-HE-100K/NORM/NORM-FDGIGQET.tif,NORM
data/NCT-CRC-HE-100K/NORM/NORM-ILMKYQVF.tif,NORM
data/NCT-CRC-HE-100K/NORM/NORM-TPLATRFS.tif,NORM
data/NCT-CRC-HE-100K/NORM/NORM-MSVGCYFN.tif,NORM
data/NCT-CRC-HE-100K/NORM/NORM-NGSGCADS.tif,NORM
data/NCT-CRC-HE-100K/NORM/NORM-MSWKHQIL.tif,NORM
data/NCT-CRC-HE-100K/NORM/NORM-AFVNAWEW.tif,NORM
data/NCT-CRC-HE-100K/NORM/NORM-QAYNVKMD.tif,NORM
data/NCT-CRC-HE-100K/NORM/NORM-LYPQKLSR.tif,NORM
data/NCT-CRC-HE-100K/NORM/NORM-EFRGAWEG.tif,NORM
data/NCT-CRC-HE-100K/NORM/NORM-AMCCLNNF.tif,NORM
data/NCT-CRC-HE-100K/NORM/NORM-VKTELPHV.tif,NORM
data/NCT-CRC-HE-100K/NORM/NORM-CNVRQQCE.tif,NORM
data/NCT-CRC-HE-100K/NORM/NORM-ECEWHDWK.tif,NORM
data/NCT-CRC-HE-100K/NORM/NORM-CWQLAGPM.tif,NORM
data/NCT-CRC-HE-100K/NORM/NORM-LIQMYHQR.tif,NORM
data/NCT-CRC-HE-100K/NORM/NORM-NMPGLIHP.tif,NORM
data/NCT-CRC-HE-100K/NORM/NORM-DPLVWNSS.tif,NORM
data/NCT-CRC-HE-100K/NORM/NORM-DFEMCNPT.tif,NORM
data/NCT-CRC-HE-100K/NORM/NORM-DTTQQEEE.tif,NORM
data/NCT-CRC-HE-100K/NORM/NORM-KDKSKINY.tif,NORM
data/NCT-CRC-HE-100K/NORM/NORM-CESIWWRY.tif,NORM
data/NCT-CRC-HE-100K/NORM/NORM-NNVMTAFI.tif,NORM
data/NCT-CRC-HE-100K/NORM/NORM-PIGYPYYL.tif,NORM
data/NCT-CRC-HE-100K/NORM/NORM-VGFYEVEM.tif,NORM
data/NCT-CRC-HE-100K/NORM/NORM-ATHSCLST.tif,NORM
data/NCT-CRC-HE-100K/NORM/NORM-YVRNVALW.tif,NORM
data/NCT-CRC-HE-100K/NORM/NORM-WEETINVL.tif,NORM
data/NCT-CRC-HE-100K/NORM/NORM-SCFICISC.tif,NORM
data/NCT-CRC-HE-100K/NORM/NORM-MSPVHNKW.tif,NORM
data/NCT-CRC-HE-100K/NORM/NORM-AVVYYDER.tif,NORM
data/NCT-CRC-HE-100K/NORM/NORM-QAQGGNPC.tif,NORM
data/NCT-CRC-HE-100K/NORM/NORM-NVSKAKQD.tif,NORM
data/NCT-CRC-HE-100K/NORM/NORM-HECTPYCR.tif,NORM
data/NCT-CRC-HE-100K/NORM/NORM-SPLGYMAH.tif,NORM
data/NCT-CRC-HE-100K/NORM/NORM-HWEFRDHI.tif,NORM
data/NCT-CRC-HE-100K/NORM/NORM-RRPAAKNN.tif,NORM
data/NCT-CRC-HE-100K/NORM/NORM-CTFGEAQE.tif,NORM
data/NCT-CRC-HE-100K/NORM/NORM-CAHQMCND.tif,NORM
data/NCT-CRC-HE-100K/NORM/NORM-IRWGKSKE.tif,NORM
data/NCT-CRC-HE-100K/NORM/NORM-NCYFRPAS.tif,NORM
data/NCT-CRC-HE-100K/NORM/NORM-GKTMYCGY.tif,NORM
data/NCT-CRC-HE-100K/NORM/NORM-AKHRAFPV.tif,NORM
data/NCT-CRC-HE-100K/NORM/NORM-RYPSMRID.tif,NORM
data/NCT-CRC-HE-100K/NORM/NORM-LKITSSST.tif,NORM
data/NCT-CRC-HE-100K/NORM/NORM-LASMVMHH.tif,NORM
data/NCT-CRC-HE-100K/NORM/NORM-APKSRMRR.tif,NORM
data/NCT-CRC-HE-100K/NORM/NORM-CIGSAEEW.tif,NORM
data/NCT-CRC-HE-100K/NORM/NORM-HLCETYMA.tif,NORM
data/NCT-CRC-HE-100K/NORM/NORM-GICKACSI.tif,NORM
data/NCT-CRC-HE-100K/NORM/NORM-KDQPCNCA.tif,NORM
data/NCT-CRC-HE-100K/NORM/NORM-PEMPLGCA.tif,NORM
data/NCT-CRC-HE-100K/NORM/NORM-NATCVKRP.tif,NORM
data/NCT-CRC-HE-100K/NORM/NORM-RNTPTAMW.tif,NORM
data/NCT-CRC-HE-100K/NORM/NORM-WRKCNVPW.tif,NORM
data/NCT-CRC-HE-100K/NORM/NORM-DSIYENQD.tif,NORM
data/NCT-CRC-HE-100K/NORM/NORM-YEKHWRLN.tif,NORM
data/NCT-CRC-HE-100K/NORM/NORM-VRWRWSSV.tif,NORM
data/NCT-CRC-HE-100K/NORM/NORM-IWYVGCDF.tif,NORM
data/NCT-CRC-HE-100K/NORM/NORM-LQADGGTA.tif,NORM
data/NCT-CRC-HE-100K/NORM/NORM-CEHDTDHE.tif,NORM
data/NCT-CRC-HE-100K/NORM/NORM-QNIKAWST.tif,NORM
data/NCT-CRC-HE-100K/NORM/NORM-NCGEPQYG.tif,NORM
data/NCT-CRC-HE-100K/NORM/NORM-LHLRPKEC.tif,NORM
data/NCT-CRC-HE-100K/NORM/NORM-KLESYTVQ.tif,NORM
data/NCT-CRC-HE-100K/NORM/NORM-NIMFKSTW.tif,NORM
data/NCT-CRC-HE-100K/NORM/NORM-PHIYALMD.tif,NORM
data/NCT-CRC-HE-100K/NORM/NORM-YNRLLIDH.tif,NORM
data/NCT-CRC-HE-100K/NORM/NORM-MVETKKTE.tif,NORM
data/NCT-CRC-HE-100K/NORM/NORM-MDQMWRYW.tif,NORM
data/NCT-CRC-HE-100K/NORM/NORM-RCKGTHGK.tif,NORM
data/NCT-CRC-HE-100K/NORM/NORM-WCICAACD.tif,NORM
data/NCT-CRC-HE-100K/NORM/NORM-FAGIYICH.tif,NORM
data/NCT-CRC-HE-100K/NORM/NORM-DSEEGRQK.tif,NORM
data/NCT-CRC-HE-100K/NORM/NORM-SMEGQDLN.tif,NORM
data/NCT-CRC-HE-100K/NORM/NORM-IDQMNHSC.tif,NORM
data/NCT-CRC-HE-100K/NORM/NORM-HHVSHQGW.tif,NORM
data/NCT-CRC-HE-100K/NORM/NORM-INGRLHST.tif,NORM
data/NCT-CRC-HE-100K/NORM/NORM-MDSWSFGG.tif,NORM
data/NCT-CRC-HE-100K/NORM/NORM-YNLAYWML.tif,NORM
data/NCT-CRC-HE-100K/NORM/NORM-TLKVRHVF.tif,NORM
data/NCT-CRC-HE-100K/NORM/NORM-TKLSGAFI.tif,NORM
data/NCT-CRC-HE-100K/NORM/NORM-SGKEPTDP.tif,NORM
data/NCT-CRC-HE-100K/NORM/NORM-IPSEDALM.tif,NORM
data/NCT-CRC-HE-100K/NORM/NORM-TNHTLDTY.tif,NORM
data/NCT-CRC-HE-100K/NORM/NORM-PQTNTPII.tif,NORM
data/NCT-CRC-HE-100K/NORM/NORM-EIGPECHG.tif,NORM
data/NCT-CRC-HE-100K/NORM/NORM-IVDTPNAM.tif,NORM
data/NCT-CRC-HE-100K/NORM/NORM-VSIKMLNW.tif,NORM
data/NCT-CRC-HE-100K/NORM/NORM-NLMKLWCG.tif,NORM
data/NCT-CRC-HE-100K/NORM/NORM-ASGCKEYF.tif,NORM
data/NCT-CRC-HE-100K/NORM/NORM-DMRRIHHV.tif,NORM
data/NCT-CRC-HE-100K/NORM/NORM-KLLIQQWH.tif,NORM
data/NCT-CRC-HE-100K/NORM/NORM-SRPGIERH.tif,NORM
data/NCT-CRC-HE-100K/NORM/NORM-NVHRGMFS.tif,NORM
data/NCT-CRC-HE-100K/NORM/NORM-WSDDDIIQ.tif,NORM
data/NCT-CRC-HE-100K/NORM/NORM-EIKYANRV.tif,NORM
data/NCT-CRC-HE-100K/NORM/NORM-EFKQFKCA.tif,NORM
data/NCT-CRC-HE-100K/NORM/NORM-VYIMLETC.tif,NORM
data/NCT-CRC-HE-100K/NORM/NORM-MYFGFMRE.tif,NORM
data/NCT-CRC-HE-100K/NORM/NORM-WLWSSLNF.tif,NORM
data/NCT-CRC-HE-100K/NORM/NORM-VIWHEPAT.tif,NORM
data/NCT-CRC-HE-100K/NORM/NORM-NLHSTYRK.tif,NORM
data/NCT-CRC-HE-100K/NORM/NORM-VPHQEQWL.tif,NORM
data/NCT-CRC-HE-100K/NORM/NORM-QSYDEVEA.tif,NORM
data/NCT-CRC-HE-100K/NORM/NORM-VPYFCWRV.tif,NORM
data/NCT-CRC-HE-100K/NORM/NORM-FMPDVTCH.tif,NORM
data/NCT-CRC-HE-100K/NORM/NORM-KFGSHFQC.tif,NORM
data/NCT-CRC-HE-100K/NORM/NORM-CQNKPVWC.tif,NORM
data/NCT-CRC-HE-100K/NORM/NORM-TRRPYKRN.tif,NORM
data/NCT-CRC-HE-100K/NORM/NORM-LDMQEDIN.tif,NORM
data/NCT-CRC-HE-100K/NORM/NORM-KFIIPYQY.tif,NORM
data/NCT-CRC-HE-100K/NORM/NORM-CEVLFNQR.tif,NORM
data/NCT-CRC-HE-100K/NORM/NORM-MMKAFPTK.tif,NORM
data/NCT-CRC-HE-100K/NORM/NORM-EWVKMASR.tif,NORM
data/NCT-CRC-HE-100K/NORM/NORM-RITWLARQ.tif,NORM
data/NCT-CRC-HE-100K/NORM/NORM-PLWRGEPP.tif,NORM
data/NCT-CRC-HE-100K/NORM/NORM-SLRWIQQH.tif,NORM
data/NCT-CRC-HE-100K/NORM/NORM-PTYYAYIS.tif,NORM
data/NCT-CRC-HE-100K/NORM/NORM-GCYAVNRE.tif,NORM
data/NCT-CRC-HE-100K/NORM/NORM-RGRGQKTT.tif,NORM
data/NCT-CRC-HE-100K/NORM/NORM-TYYQFHDV.tif,NORM
data/NCT-CRC-HE-100K/NORM/NORM-FNRISSKR.tif,NORM
data/NCT-CRC-HE-100K/NORM/NORM-SKIQRAIC.tif,NORM
data/NCT-CRC-HE-100K/NORM/NORM-GQVPFSYK.tif,NORM
data/NCT-CRC-HE-100K/NORM/NORM-KIKSIYNY.tif,NORM
data/NCT-CRC-HE-100K/NORM/NORM-QWGAYKSI.tif,NORM
data/NCT-CRC-HE-100K/NORM/NORM-VEGAWGGC.tif,NORM
data/NCT-CRC-HE-100K/NORM/NORM-TVWPTHPC.tif,NORM
data/NCT-CRC-HE-100K/NORM/NORM-FCHCHQKE.tif,NORM
data/NCT-CRC-HE-100K/NORM/NORM-LLVDMWTA.tif,NORM
data/NCT-CRC-HE-100K/NORM/NORM-FPDQYWRM.tif,NORM
data/NCT-CRC-HE-100K/NORM/NORM-NAYLMMVR.tif,NORM
data/NCT-CRC-HE-100K/NORM/NORM-CFYTQKLG.tif,NORM
data/NCT-CRC-HE-100K/NORM/NORM-ICNIDNYP.tif,NORM
data/NCT-CRC-HE-100K/NORM/NORM-YNGWAISL.tif,NORM
data/NCT-CRC-HE-100K/NORM/NORM-MVGACPII.tif,NORM
data/NCT-CRC-HE-100K/NORM/NORM-LNEEDCNV.tif,NORM
data/NCT-CRC-HE-100K/NORM/NORM-KQAHAKRM.tif,NORM
data/NCT-CRC-HE-100K/NORM/NORM-DVYYCWQD.tif,NORM
data/NCT-CRC-HE-100K/NORM/NORM-VCGYHISF.tif,NORM
data/NCT-CRC-HE-100K/NORM/NORM-FCAAFADQ.tif,NORM
data/NCT-CRC-HE-100K/NORM/NORM-YVHKAFLL.tif,NORM
data/NCT-CRC-HE-100K/NORM/NORM-WDSTDNYY.tif,NORM
data/NCT-CRC-HE-100K/NORM/NORM-NVMRLKSG.tif,NORM
data/NCT-CRC-HE-100K/NORM/NORM-HNATKSLN.tif,NORM
data/NCT-CRC-HE-100K/NORM/NORM-NHNFTETS.tif,NORM
data/NCT-CRC-HE-100K/NORM/NORM-WSRIYKSA.tif,NORM
data/NCT-CRC-HE-100K/NORM/NORM-ERMSTIWM.tif,NORM
data/NCT-CRC-HE-100K/NORM/NORM-ADHIFHDM.tif,NORM
data/NCT-CRC-HE-100K/NORM/NORM-IYSGAGKW.tif,NORM
data/NCT-CRC-HE-100K/NORM/NORM-QKVRFQFL.tif,NORM
data/NCT-CRC-HE-100K/NORM/NORM-HMADKGQI.tif,NORM
data/NCT-CRC-HE-100K/NORM/NORM-QVREFQIR.tif,NORM
data/NCT-CRC-HE-100K/NORM/NORM-PHMNAKYG.tif,NORM
data/NCT-CRC-HE-100K/NORM/NORM-KILLTFEM.tif,NORM
data/NCT-CRC-HE-100K/NORM/NORM-NLRLLAYE.tif,NORM
data/NCT-CRC-HE-100K/NORM/NORM-IAVNNDWV.tif,NORM
data/NCT-CRC-HE-100K/NORM/NORM-YFIEGQVI.tif,NORM
data/NCT-CRC-HE-100K/NORM/NORM-RCYSSYAH.tif,NORM
data/NCT-CRC-HE-100K/NORM/NORM-LILLCLTM.tif,NORM
data/NCT-CRC-HE-100K/NORM/NORM-MSGIDVES.tif,NORM
data/NCT-CRC-HE-100K/NORM/NORM-RLIRYPSD.tif,NORM
data/NCT-CRC-HE-100K/NORM/NORM-LWRNFRIN.tif,NORM
data/NCT-CRC-HE-100K/NORM/NORM-EAEIKIIE.tif,NORM
data/NCT-CRC-HE-100K/NORM/NORM-DAPWQQTW.tif,NORM
data/NCT-CRC-HE-100K/NORM/NORM-AAGYAITA.tif,NORM
data/NCT-CRC-HE-100K/NORM/NORM-FQTMWGGR.tif,NORM
data/NCT-CRC-HE-100K/NORM/NORM-KFVQITVE.tif,NORM
data/NCT-CRC-HE-100K/NORM/NORM-AASQSWTC.tif,NORM
data/NCT-CRC-HE-100K/NORM/NORM-FMRMGMTI.tif,NORM
data/NCT-CRC-HE-100K/NORM/NORM-MRMKAVEL.tif,NORM
data/NCT-CRC-HE-100K/NORM/NORM-HFISLWKL.tif,NORM
data/NCT-CRC-HE-100K/NORM/NORM-GSWQWAVL.tif,NORM
data/NCT-CRC-HE-100K/NORM/NORM-WDMLICIG.tif,NORM
data/NCT-CRC-HE-100K/NORM/NORM-CGSYWIWT.tif,NORM
data/NCT-CRC-HE-100K/NORM/NORM-WMWAHNQT.tif,NORM
data/NCT-CRC-HE-100K/NORM/NORM-NMRWRLNA.tif,NORM
data/NCT-CRC-HE-100K/NORM/NORM-QGARLTCS.tif,NORM
data/NCT-CRC-HE-100K/NORM/NORM-FGDMILDN.tif,NORM
data/NCT-CRC-HE-100K/NORM/NORM-IPGHFYLF.tif,NORM
data/NCT-CRC-HE-100K/NORM/NORM-IYPTCARR.tif,NORM
data/NCT-CRC-HE-100K/NORM/NORM-GMCRPRNW.tif,NORM
data/NCT-CRC-HE-100K/NORM/NORM-GNHACGRV.tif,NORM
data/NCT-CRC-HE-100K/NORM/NORM-MIMVNKMT.tif,NORM
data/NCT-CRC-HE-100K/NORM/NORM-YGPMMNSF.tif,NORM
data/NCT-CRC-HE-100K/NORM/NORM-VSERKPPM.tif,NORM
data/NCT-CRC-HE-100K/NORM/NORM-NHSYKAMF.tif,NORM
data/NCT-CRC-HE-100K/NORM/NORM-TPWNTMCR.tif,NORM
data/NCT-CRC-HE-100K/NORM/NORM-MYASGFMN.tif,NORM
data/NCT-CRC-HE-100K/NORM/NORM-HYSCVQCT.tif,NORM
data/NCT-CRC-HE-100K/NORM/NORM-PSDEKWSR.tif,NORM
data/NCT-CRC-HE-100K/NORM/NORM-ILQDTFQG.tif,NORM
data/NCT-CRC-HE-100K/NORM/NORM-FSLQMTTD.tif,NORM
data/NCT-CRC-HE-100K/NORM/NORM-VEVPILPL.tif,NORM
data/NCT-CRC-HE-100K/NORM/NORM-VSSFVANF.tif,NORM
data/NCT-CRC-HE-100K/NORM/NORM-GVSPHLYR.tif,NORM
data/NCT-CRC-HE-100K/NORM/NORM-YDWFSAHY.tif,NORM
data/NCT-CRC-HE-100K/NORM/NORM-KCHPCVFI.tif,NORM
data/NCT-CRC-HE-100K/NORM/NORM-SYWVRKTW.tif,NORM
data/NCT-CRC-HE-100K/NORM/NORM-RMLRWDDG.tif,NORM
data/NCT-CRC-HE-100K/NORM/NORM-MGHKYYYP.tif,NORM
data/NCT-CRC-HE-100K/NORM/NORM-IVRSHRSY.tif,NORM
data/NCT-CRC-HE-100K/NORM/NORM-PWTWFNKM.tif,NORM
data/NCT-CRC-HE-100K/NORM/NORM-NILARTTT.tif,NORM
data/NCT-CRC-HE-100K/NORM/NORM-VFIWGKQS.tif,NORM
data/NCT-CRC-HE-100K/NORM/NORM-FQPISPKE.tif,NORM
data/NCT-CRC-HE-100K/NORM/NORM-TDAAERVA.tif,NORM
data/NCT-CRC-HE-100K/NORM/NORM-RASYPCTW.tif,NORM
data/NCT-CRC-HE-100K/NORM/NORM-TRIWIYHD.tif,NORM
data/NCT-CRC-HE-100K/NORM/NORM-SFNTYEVT.tif,NORM
data/NCT-CRC-HE-100K/NORM/NORM-IQCLEKLM.tif,NORM
data/NCT-CRC-HE-100K/NORM/NORM-CRWEEACS.tif,NORM
data/NCT-CRC-HE-100K/NORM/NORM-LHNTWINC.tif,NORM
data/NCT-CRC-HE-100K/NORM/NORM-YLYYAYHM.tif,NORM
data/NCT-CRC-HE-100K/NORM/NORM-CRDLQRWV.tif,NORM
data/NCT-CRC-HE-100K/NORM/NORM-VWPQQCCN.tif,NORM
data/NCT-CRC-HE-100K/NORM/NORM-SHWPPRGK.tif,NORM
data/NCT-CRC-HE-100K/NORM/NORM-HGQKTMAC.tif,NORM
data/NCT-CRC-HE-100K/NORM/NORM-AYFFLDNF.tif,NORM
data/NCT-CRC-HE-100K/NORM/NORM-LFCTGGFF.tif,NORM
data/NCT-CRC-HE-100K/NORM/NORM-HIELSRYG.tif,NORM
data/NCT-CRC-HE-100K/NORM/NORM-DKNWGITA.tif,NORM
data/NCT-CRC-HE-100K/NORM/NORM-CCTGAYLW.tif,NORM
data/NCT-CRC-HE-100K/NORM/NORM-MCQRYRYC.tif,NORM
data/NCT-CRC-HE-100K/NORM/NORM-PHIYWRTS.tif,NORM
data/NCT-CRC-HE-100K/NORM/NORM-ASGKYPYC.tif,NORM
data/NCT-CRC-HE-100K/NORM/NORM-NDARHVEF.tif,NORM
data/NCT-CRC-HE-100K/NORM/NORM-RPDVDVHH.tif,NORM
data/NCT-CRC-HE-100K/NORM/NORM-EPVQCPVY.tif,NORM
data/NCT-CRC-HE-100K/NORM/NORM-SEEIVFAK.tif,NORM
data/NCT-CRC-HE-100K/NORM/NORM-PGGDPTVL.tif,NORM
data/NCT-CRC-HE-100K/NORM/NORM-ILFSEVDE.tif,NORM
data/NCT-CRC-HE-100K/NORM/NORM-LCLDLFRL.tif,NORM
data/NCT-CRC-HE-100K/NORM/NORM-GWGPIPDG.tif,NORM
data/NCT-CRC-HE-100K/NORM/NORM-TMKKCGKP.tif,NORM
data/NCT-CRC-HE-100K/NORM/NORM-RHTGACRR.tif,NORM
data/NCT-CRC-HE-100K/NORM/NORM-NPSGSDCQ.tif,NORM
data/NCT-CRC-HE-100K/NORM/NORM-TTSRFIKG.tif,NORM
data/NCT-CRC-HE-100K/NORM/NORM-GHMARIDW.tif,NORM
data/NCT-CRC-HE-100K/NORM/NORM-ELIIMCFL.tif,NORM
data/NCT-CRC-HE-100K/NORM/NORM-MLMDGSKH.tif,NORM
data/NCT-CRC-HE-100K/NORM/NORM-FDQTHGQE.tif,NORM
data/NCT-CRC-HE-100K/NORM/NORM-FTREYTND.tif,NORM
data/NCT-CRC-HE-100K/NORM/NORM-YYWQWRLY.tif,NORM
data/NCT-CRC-HE-100K/NORM/NORM-WQIEYFCN.tif,NORM
data/NCT-CRC-HE-100K/NORM/NORM-PQEAMWKC.tif,NORM
data/NCT-CRC-HE-100K/NORM/NORM-SGMKNDMT.tif,NORM
data/NCT-CRC-HE-100K/NORM/NORM-PKPCMSYA.tif,NORM
data/NCT-CRC-HE-100K/NORM/NORM-DINRRVMV.tif,NORM
data/NCT-CRC-HE-100K/NORM/NORM-QLAVIQLI.tif,NORM
data/NCT-CRC-HE-100K/NORM/NORM-WIQVFESC.tif,NORM
data/NCT-CRC-HE-100K/NORM/NORM-ALQRSVHC.tif,NORM
data/NCT-CRC-HE-100K/NORM/NORM-FAASDWDQ.tif,NORM
data/NCT-CRC-HE-100K/NORM/NORM-GGYHFAVK.tif,NORM
data/NCT-CRC-HE-100K/NORM/NORM-FTMNKFPV.tif,NORM
data/NCT-CRC-HE-100K/NORM/NORM-LHVIMHLC.tif,NORM
data/NCT-CRC-HE-100K/NORM/NORM-MFTRAYWR.tif,NORM
data/NCT-CRC-HE-100K/NORM/NORM-FMNGDFVH.tif,NORM
data/NCT-CRC-HE-100K/NORM/NORM-KQYTACRL.tif,NORM
data/NCT-CRC-HE-100K/NORM/NORM-GTYALLVS.tif,NORM
data/NCT-CRC-HE-100K/NORM/NORM-PYPTKHDN.tif,NORM
data/NCT-CRC-HE-100K/NORM/NORM-WRDPVGQK.tif,NORM
data/NCT-CRC-HE-100K/NORM/NORM-KAPFIFMT.tif,NORM
data/NCT-CRC-HE-100K/NORM/NORM-KMDVMIKN.tif,NORM
data/NCT-CRC-HE-100K/NORM/NORM-CMWTFNSN.tif,NORM
data/NCT-CRC-HE-100K/NORM/NORM-YFPLWFTA.tif,NORM
data/NCT-CRC-HE-100K/NORM/NORM-ICHFNNWQ.tif,NORM
data/NCT-CRC-HE-100K/NORM/NORM-WFLLLCVD.tif,NORM
data/NCT-CRC-HE-100K/NORM/NORM-QVPGDWHN.tif,NORM
data/NCT-CRC-HE-100K/NORM/NORM-HGQIPVCP.tif,NORM
data/NCT-CRC-HE-100K/NORM/NORM-RRKLRIFG.tif,NORM
data/NCT-CRC-HE-100K/NORM/NORM-VLFLVRPQ.tif,NORM
data/NCT-CRC-HE-100K/NORM/NORM-WLYDDEHD.tif,NORM
data/NCT-CRC-HE-100K/NORM/NORM-IIPGLVCA.tif,NORM
data/NCT-CRC-HE-100K/NORM/NORM-TQLLTPWC.tif,NORM
data/NCT-CRC-HE-100K/NORM/NORM-RHKAEYDK.tif,NORM
data/NCT-CRC-HE-100K/NORM/NORM-NEVAFYVD.tif,NORM
data/NCT-CRC-HE-100K/NORM/NORM-KFNSKYIF.tif,NORM
data/NCT-CRC-HE-100K/NORM/NORM-FGYAAMNV.tif,NORM
data/NCT-CRC-HE-100K/NORM/NORM-YGSLWTIH.tif,NORM
data/NCT-CRC-HE-100K/NORM/NORM-VFQNVESD.tif,NORM
data/NCT-CRC-HE-100K/NORM/NORM-SKIMFCRN.tif,NORM
data/NCT-CRC-HE-100K/NORM/NORM-NRDSTISE.tif,NORM
data/NCT-CRC-HE-100K/NORM/NORM-ECGKHNNP.tif,NORM
data/NCT-CRC-HE-100K/NORM/NORM-ELIRCHGP.tif,NORM
data/NCT-CRC-HE-100K/NORM/NORM-GIVKKNCF.tif,NORM
data/NCT-CRC-HE-100K/NORM/NORM-WLRGNLMH.tif,NORM
data/NCT-CRC-HE-100K/NORM/NORM-YWQFRCCH.tif,NORM
data/NCT-CRC-HE-100K/NORM/NORM-HMRWLMIY.tif,NORM
data/NCT-CRC-HE-100K/NORM/NORM-DCKVLVNI.tif,NORM
data/NCT-CRC-HE-100K/NORM/NORM-VDCGQTYP.tif,NORM
data/NCT-CRC-HE-100K/NORM/NORM-HSFATKNF.tif,NORM
data/NCT-CRC-HE-100K/NORM/NORM-YQDTWDWT.tif,NORM
data/NCT-CRC-HE-100K/NORM/NORM-VWDFMGFR.tif,NORM
data/NCT-CRC-HE-100K/NORM/NORM-FPAHPKEE.tif,NORM
data/NCT-CRC-HE-100K/NORM/NORM-AWAAWHWR.tif,NORM
data/NCT-CRC-HE-100K/NORM/NORM-KQDIADES.tif,NORM
data/NCT-CRC-HE-100K/NORM/NORM-HSVFFDLK.tif,NORM
data/NCT-CRC-HE-100K/NORM/NORM-IDPNCMGD.tif,NORM
data/NCT-CRC-HE-100K/NORM/NORM-PYWVVHIL.tif,NORM
data/NCT-CRC-HE-100K/NORM/NORM-VWKAYCWN.tif,NORM
data/NCT-CRC-HE-100K/NORM/NORM-NLIGNIND.tif,NORM
data/NCT-CRC-HE-100K/NORM/NORM-PFEFKHMM.tif,NORM
data/NCT-CRC-HE-100K/NORM/NORM-PLEIMPYW.tif,NORM
data/NCT-CRC-HE-100K/NORM/NORM-NWWNGTRE.tif,NORM
data/NCT-CRC-HE-100K/NORM/NORM-ECAAHETM.tif,NORM
data/NCT-CRC-HE-100K/NORM/NORM-NFFGLDME.tif,NORM
data/NCT-CRC-HE-100K/NORM/NORM-SCYMSMPG.tif,NORM
data/NCT-CRC-HE-100K/NORM/NORM-DPLCSTLP.tif,NORM
data/NCT-CRC-HE-100K/NORM/NORM-WGKSNHRS.tif,NORM
data/NCT-CRC-HE-100K/NORM/NORM-NSIQSYKQ.tif,NORM
data/NCT-CRC-HE-100K/NORM/NORM-QAQKVCHI.tif,NORM
data/NCT-CRC-HE-100K/NORM/NORM-TALIKTCC.tif,NORM
data/NCT-CRC-HE-100K/NORM/NORM-EHTEAFTP.tif,NORM
data/NCT-CRC-HE-100K/NORM/NORM-FGNLRDRM.tif,NORM
data/NCT-CRC-HE-100K/NORM/NORM-AMHASMDG.tif,NORM
data/NCT-CRC-HE-100K/NORM/NORM-YWHPQTAT.tif,NORM
data/NCT-CRC-HE-100K/NORM/NORM-QPCKHVYP.tif,NORM
data/NCT-CRC-HE-100K/NORM/NORM-KTKDNFNQ.tif,NORM
data/NCT-CRC-HE-100K/NORM/NORM-ATRQKWNW.tif,NORM
data/NCT-CRC-HE-100K/NORM/NORM-DTGEKEFP.tif,NORM
data/NCT-CRC-HE-100K/NORM/NORM-EQLNMPSN.tif,NORM
data/NCT-CRC-HE-100K/NORM/NORM-NINIYYML.tif,NORM
data/NCT-CRC-HE-100K/NORM/NORM-STWPPGYH.tif,NORM
data/NCT-CRC-HE-100K/NORM/NORM-RGYAQQLL.tif,NORM
data/NCT-CRC-HE-100K/NORM/NORM-MTLQDYYA.tif,NORM
data/NCT-CRC-HE-100K/NORM/NORM-NWIWIWDV.tif,NORM
data/NCT-CRC-HE-100K/NORM/NORM-VSFFDYTY.tif,NORM
data/NCT-CRC-HE-100K/NORM/NORM-KNFNMAIS.tif,NORM
data/NCT-CRC-HE-100K/NORM/NORM-MDAFGVTQ.tif,NORM
data/NCT-CRC-HE-100K/NORM/NORM-PFVEQKIE.tif,NORM
data/NCT-CRC-HE-100K/NORM/NORM-SIPEAQVH.tif,NORM
data/NCT-CRC-HE-100K/NORM/NORM-PCTAYMWI.tif,NORM
data/NCT-CRC-HE-100K/NORM/NORM-CYLVTQWM.tif,NORM
data/NCT-CRC-HE-100K/NORM/NORM-DWYTQYSR.tif,NORM
data/NCT-CRC-HE-100K/NORM/NORM-DSIHPDPD.tif,NORM
data/NCT-CRC-HE-100K/NORM/NORM-CHSDLLQP.tif,NORM
data/NCT-CRC-HE-100K/NORM/NORM-NPCFMRCY.tif,NORM
data/NCT-CRC-HE-100K/NORM/NORM-FSDSLGQV.tif,NORM
data/NCT-CRC-HE-100K/NORM/NORM-CTATTHIN.tif,NORM
data/NCT-CRC-HE-100K/NORM/NORM-NEWYWYNL.tif,NORM
data/NCT-CRC-HE-100K/NORM/NORM-LQQSTVWD.tif,NORM
data/NCT-CRC-HE-100K/NORM/NORM-KCSHMCQW.tif,NORM
data/NCT-CRC-HE-100K/NORM/NORM-YGPYRRAE.tif,NORM
data/NCT-CRC-HE-100K/NORM/NORM-NWMAMDPY.tif,NORM
data/NCT-CRC-HE-100K/NORM/NORM-ISNDWRKA.tif,NORM
data/NCT-CRC-HE-100K/NORM/NORM-IMCGYDYA.tif,NORM
data/NCT-CRC-HE-100K/NORM/NORM-FWFTLMGY.tif,NORM
data/NCT-CRC-HE-100K/NORM/NORM-TQNESVCV.tif,NORM
data/NCT-CRC-HE-100K/NORM/NORM-RAYNNEAW.tif,NORM
data/NCT-CRC-HE-100K/NORM/NORM-GNPVCEIG.tif,NORM
data/NCT-CRC-HE-100K/NORM/NORM-DVQEYRDH.tif,NORM
data/NCT-CRC-HE-100K/NORM/NORM-LQHCKVDP.tif,NORM
data/NCT-CRC-HE-100K/NORM/NORM-QYTHTCFR.tif,NORM
data/NCT-CRC-HE-100K/NORM/NORM-PEANCFGM.tif,NORM
data/NCT-CRC-HE-100K/NORM/NORM-PFFFPKCF.tif,NORM
data/NCT-CRC-HE-100K/NORM/NORM-MVPHSQID.tif,NORM
data/NCT-CRC-HE-100K/NORM/NORM-TELMYTLR.tif,NORM
data/NCT-CRC-HE-100K/NORM/NORM-PGNRVDDS.tif,NORM
data/NCT-CRC-HE-100K/NORM/NORM-ICGSGRKQ.tif,NORM
data/NCT-CRC-HE-100K/NORM/NORM-ANLGISVY.tif,NORM
data/NCT-CRC-HE-100K/NORM/NORM-SSHQNWVA.tif,NORM
data/NCT-CRC-HE-100K/NORM/NORM-NPYHMEHF.tif,NORM
data/NCT-CRC-HE-100K/NORM/NORM-DPDEYTII.tif,NORM
data/NCT-CRC-HE-100K/NORM/NORM-FQFGWEEL.tif,NORM
data/NCT-CRC-HE-100K/NORM/NORM-YRWCDPHT.tif,NORM
data/NCT-CRC-HE-100K/NORM/NORM-FNNALELS.tif,NORM
data/NCT-CRC-HE-100K/NORM/NORM-VYSYVFQP.tif,NORM
data/NCT-CRC-HE-100K/NORM/NORM-CNHSGCHE.tif,NORM
data/NCT-CRC-HE-100K/NORM/NORM-TNQKHPAG.tif,NORM
data/NCT-CRC-HE-100K/NORM/NORM-TKQHNDIF.tif,NORM
data/NCT-CRC-HE-100K/NORM/NORM-GGIFHGIT.tif,NORM
data/NCT-CRC-HE-100K/NORM/NORM-RLPVLGAW.tif,NORM
data/NCT-CRC-HE-100K/NORM/NORM-ECESFYCA.tif,NORM
data/NCT-CRC-HE-100K/NORM/NORM-KPWQHCSP.tif,NORM
data/NCT-CRC-HE-100K/NORM/NORM-VAKCNIDM.tif,NORM
data/NCT-CRC-HE-100K/NORM/NORM-SLWSQEQC.tif,NORM
data/NCT-CRC-HE-100K/NORM/NORM-PDKVVLAN.tif,NORM
data/NCT-CRC-HE-100K/NORM/NORM-KDWSHWGD.tif,NORM
data/NCT-CRC-HE-100K/NORM/NORM-CLTSRLPY.tif,NORM
data/NCT-CRC-HE-100K/NORM/NORM-ARKGMEPG.tif,NORM
data/NCT-CRC-HE-100K/NORM/NORM-MEQAFFHV.tif,NORM
data/NCT-CRC-HE-100K/NORM/NORM-RYHFCMPL.tif,NORM
data/NCT-CRC-HE-100K/NORM/NORM-GEDHGKMM.tif,NORM
data/NCT-CRC-HE-100K/NORM/NORM-IWKYRGKE.tif,NORM
data/NCT-CRC-HE-100K/NORM/NORM-KHDTQVNP.tif,NORM
data/NCT-CRC-HE-100K/NORM/NORM-SKRRAKDF.tif,NORM
data/NCT-CRC-HE-100K/NORM/NORM-WSIIDGYG.tif,NORM
data/NCT-CRC-HE-100K/NORM/NORM-HHKNAHGW.tif,NORM
data/NCT-CRC-HE-100K/NORM/NORM-GFDWHCAD.tif,NORM
data/NCT-CRC-HE-100K/NORM/NORM-CREQNSHI.tif,NORM
data/NCT-CRC-HE-100K/NORM/NORM-KSQVTTRM.tif,NORM
data/NCT-CRC-HE-100K/NORM/NORM-ELHKSRED.tif,NORM
data/NCT-CRC-HE-100K/NORM/NORM-ADTARAEQ.tif,NORM
data/NCT-CRC-HE-100K/NORM/NORM-KQFVLFDV.tif,NORM
data/NCT-CRC-HE-100K/NORM/NORM-FDAAPMRN.tif,NORM
data/NCT-CRC-HE-100K/NORM/NORM-DFRKNGTE.tif,NORM
data/NCT-CRC-HE-100K/NORM/NORM-CKAQEHTW.tif,NORM
data/NCT-CRC-HE-100K/NORM/NORM-LAQFPHTD.tif,NORM
data/NCT-CRC-HE-100K/NORM/NORM-GMIKADCT.tif,NORM
data/NCT-CRC-HE-100K/NORM/NORM-IVKYKPNY.tif,NORM
data/NCT-CRC-HE-100K/NORM/NORM-PLIFNRKQ.tif,NORM
data/NCT-CRC-HE-100K/NORM/NORM-SEFMVALM.tif,NORM
data/NCT-CRC-HE-100K/NORM/NORM-YREKFSSI.tif,NORM
data/NCT-CRC-HE-100K/NORM/NORM-SFEWNVDH.tif,NORM
data/NCT-CRC-HE-100K/NORM/NORM-DWTIAQYG.tif,NORM
data/NCT-CRC-HE-100K/NORM/NORM-EDQKQKVT.tif,NORM
data/NCT-CRC-HE-100K/NORM/NORM-NQAAEEEI.tif,NORM
data/NCT-CRC-HE-100K/NORM/NORM-RLSHMQGM.tif,NORM
data/NCT-CRC-HE-100K/NORM/NORM-FHWCYKVV.tif,NORM
data/NCT-CRC-HE-100K/NORM/NORM-YDDQQGSF.tif,NORM
data/NCT-CRC-HE-100K/NORM/NORM-PCNTPCGE.tif,NORM
data/NCT-CRC-HE-100K/NORM/NORM-CSSWTPNQ.tif,NORM
data/NCT-CRC-HE-100K/NORM/NORM-CPWILIPY.tif,NORM
data/NCT-CRC-HE-100K/NORM/NORM-MWIEINQF.tif,NORM
data/NCT-CRC-HE-100K/NORM/NORM-CFYMKMKW.tif,NORM
data/NCT-CRC-HE-100K/NORM/NORM-HDLMTNHK.tif,NORM
data/NCT-CRC-HE-100K/NORM/NORM-EVMAHPVE.tif,NORM
data/NCT-CRC-HE-100K/NORM/NORM-QVWMSFMR.tif,NORM
data/NCT-CRC-HE-100K/NORM/NORM-QDAIMDSM.tif,NORM
data/NCT-CRC-HE-100K/NORM/NORM-MNFKLQGM.tif,NORM
data/NCT-CRC-HE-100K/NORM/NORM-HEWVWRFC.tif,NORM
data/NCT-CRC-HE-100K/NORM/NORM-STWFHKSN.tif,NORM
data/NCT-CRC-HE-100K/NORM/NORM-HVVKSRTS.tif,NORM
data/NCT-CRC-HE-100K/NORM/NORM-KVTLQSLG.tif,NORM
data/NCT-CRC-HE-100K/NORM/NORM-FHYPDNEY.tif,NORM
data/NCT-CRC-HE-100K/NORM/NORM-SLAMKTVI.tif,NORM
data/NCT-CRC-HE-100K/NORM/NORM-GRQLGWFT.tif,NORM
data/NCT-CRC-HE-100K/STR/STR-SNNDSCHH.tif,STR
data/NCT-CRC-HE-100K/STR/STR-WMGGGAWV.tif,STR
data/NCT-CRC-HE-100K/STR/STR-TEKKFGYI.tif,STR
data/NCT-CRC-HE-100K/STR/STR-REQVKDVP.tif,STR
data/NCT-CRC-HE-100K/STR/STR-TWHYIHWR.tif,STR
data/NCT-CRC-HE-100K/STR/STR-TKWENINQ.tif,STR
data/NCT-CRC-HE-100K/STR/STR-GKKDTQKF.tif,STR
data/NCT-CRC-HE-100K/STR/STR-AADLAKYL.tif,STR
data/NCT-CRC-HE-100K/STR/STR-DVVNQCKH.tif,STR
data/NCT-CRC-HE-100K/STR/STR-AMEGEMLL.tif,STR
data/NCT-CRC-HE-100K/STR/STR-SCKERDLL.tif,STR
data/NCT-CRC-HE-100K/STR/STR-FQMFLQQE.tif,STR
data/NCT-CRC-HE-100K/STR/STR-HGHGAYCE.tif,STR
data/NCT-CRC-HE-100K/STR/STR-MESDKSCD.tif,STR
data/NCT-CRC-HE-100K/STR/STR-VWERGYYI.tif,STR
data/NCT-CRC-HE-100K/STR/STR-CNHKLLVA.tif,STR
data/NCT-CRC-HE-100K/STR/STR-DPYPRSCG.tif,STR
data/NCT-CRC-HE-100K/STR/STR-SSNHRGHW.tif,STR
data/NCT-CRC-HE-100K/STR/STR-THVLWGEW.tif,STR
data/NCT-CRC-HE-100K/STR/STR-ITWGVYRF.tif,STR
data/NCT-CRC-HE-100K/STR/STR-EVTMDNAQ.tif,STR
data/NCT-CRC-HE-100K/STR/STR-IYVTHCQH.tif,STR
data/NCT-CRC-HE-100K/STR/STR-MGFRSLSM.tif,STR
data/NCT-CRC-HE-100K/STR/STR-QFVEARNW.tif,STR
data/NCT-CRC-HE-100K/STR/STR-ENVNDFCL.tif,STR
data/NCT-CRC-HE-100K/STR/STR-PGCVCTLH.tif,STR
data/NCT-CRC-HE-100K/STR/STR-ADPDPFKF.tif,STR
data/NCT-CRC-HE-100K/STR/STR-KTKGILCM.tif,STR
data/NCT-CRC-HE-100K/STR/STR-VHPIVCHT.tif,STR
data/NCT-CRC-HE-100K/STR/STR-LHAQIYRA.tif,STR
data/NCT-CRC-HE-100K/STR/STR-PWVQTVGE.tif,STR
data/NCT-CRC-HE-100K/STR/STR-YCRRWNFV.tif,STR
data/NCT-CRC-HE-100K/STR/STR-LVLRAART.tif,STR
data/NCT-CRC-HE-100K/STR/STR-SLIENYEK.tif,STR
data/NCT-CRC-HE-100K/STR/STR-LMQPATGY.tif,STR
data/NCT-CRC-HE-100K/STR/STR-CQGVHTMR.tif,STR
data/NCT-CRC-HE-100K/STR/STR-ALTGKRSA.tif,STR
data/NCT-CRC-HE-100K/STR/STR-SKPEINWF.tif,STR
data/NCT-CRC-HE-100K/STR/STR-EVESYACF.tif,STR
data/NCT-CRC-HE-100K/STR/STR-ERFKPNET.tif,STR
data/NCT-CRC-HE-100K/STR/STR-AYMGIYHY.tif,STR
data/NCT-CRC-HE-100K/STR/STR-HICLANGE.tif,STR
data/NCT-CRC-HE-100K/STR/STR-IQMAFFGM.tif,STR
data/NCT-CRC-HE-100K/STR/STR-HWGDKVSQ.tif,STR
data/NCT-CRC-HE-100K/STR/STR-EPNLTAMV.tif,STR
data/NCT-CRC-HE-100K/STR/STR-YRCQDMRN.tif,STR
data/NCT-CRC-HE-100K/STR/STR-TFYELCPH.tif,STR
data/NCT-CRC-HE-100K/STR/STR-HTAQKLVA.tif,STR
data/NCT-CRC-HE-100K/STR/STR-GRTMFILQ.tif,STR
data/NCT-CRC-HE-100K/STR/STR-SSNHDAIW.tif,STR
data/NCT-CRC-HE-100K/STR/STR-LERNSCKP.tif,STR
data/NCT-CRC-HE-100K/STR/STR-QMKFMTHT.tif,STR
data/NCT-CRC-HE-100K/STR/STR-LEKSVAKM.tif,STR
data/NCT-CRC-HE-100K/STR/STR-RKHQRIRL.tif,STR
data/NCT-CRC-HE-100K/STR/STR-RYPIRNGS.tif,STR
data/NCT-CRC-HE-100K/STR/STR-YITVFLEK.tif,STR
data/NCT-CRC-HE-100K/STR/STR-VYLCEVKY.tif,STR
data/NCT-CRC-HE-100K/STR/STR-QAGRPCFV.tif,STR
data/NCT-CRC-HE-100K/STR/STR-HLNAGYLG.tif,STR
data/NCT-CRC-HE-100K/STR/STR-HELMEHRQ.tif,STR
data/NCT-CRC-HE-100K/STR/STR-ADRAMISL.tif,STR
data/NCT-CRC-HE-100K/STR/STR-HNEFKVIY.tif,STR
data/NCT-CRC-HE-100K/STR/STR-NKDNVHKI.tif,STR
data/NCT-CRC-HE-100K/STR/STR-GCMIAANS.tif,STR
data/NCT-CRC-HE-100K/STR/STR-LMWADEGL.tif,STR
data/NCT-CRC-HE-100K/STR/STR-HPDHEMRP.tif,STR
data/NCT-CRC-HE-100K/STR/STR-CAAWRCRW.tif,STR
data/NCT-CRC-HE-100K/STR/STR-VMAFHEGP.tif,STR
data/NCT-CRC-HE-100K/STR/STR-QNHPHRRQ.tif,STR
data/NCT-CRC-HE-100K/STR/STR-PRYSCEPK.tif,STR
data/NCT-CRC-HE-100K/STR/STR-TYGNMIQN.tif,STR
data/NCT-CRC-HE-100K/STR/STR-MMQYSVNS.tif,STR
data/NCT-CRC-HE-100K/STR/STR-HLCFNCIT.tif,STR
data/NCT-CRC-HE-100K/STR/STR-EWFNFSQD.tif,STR
data/NCT-CRC-HE-100K/STR/STR-LDKCLRYY.tif,STR
data/NCT-CRC-HE-100K/STR/STR-DRDQPCCC.tif,STR
data/NCT-CRC-HE-100K/STR/STR-EWQCKYWD.tif,STR
data/NCT-CRC-HE-100K/STR/STR-CTRTRNQN.tif,STR
data/NCT-CRC-HE-100K/STR/STR-MGDDFQHP.tif,STR
data/NCT-CRC-HE-100K/STR/STR-CMRNKADT.tif,STR
data/NCT-CRC-HE-100K/STR/STR-EWMAHEWW.tif,STR
data/NCT-CRC-HE-100K/STR/STR-DCTGAAHV.tif,STR
data/NCT-CRC-HE-100K/STR/STR-TQCAEQTP.tif,STR
data/NCT-CRC-HE-100K/STR/STR-EIAWWMIV.tif,STR
data/NCT-CRC-HE-100K/STR/STR-EIPEAFMK.tif,STR
data/NCT-CRC-HE-100K/STR/STR-CKTAYYCV.tif,STR
data/NCT-CRC-HE-100K/STR/STR-EPFYATME.tif,STR
data/NCT-CRC-HE-100K/STR/STR-FKYDWAER.tif,STR
data/NCT-CRC-HE-100K/STR/STR-NRKELLAF.tif,STR
data/NCT-CRC-HE-100K/STR/STR-YGEGHTCA.tif,STR
data/NCT-CRC-HE-100K/STR/STR-LLNGGFML.tif,STR
data/NCT-CRC-HE-100K/STR/STR-AWLETLRP.tif,STR
data/NCT-CRC-HE-100K/STR/STR-QSFMIQFF.tif,STR
data/NCT-CRC-HE-100K/STR/STR-EDFESRDS.tif,STR
data/NCT-CRC-HE-100K/STR/STR-GRWCEGCS.tif,STR
data/NCT-CRC-HE-100K/STR/STR-YCHKIESR.tif,STR
data/NCT-CRC-HE-100K/STR/STR-YDFKCPYR.tif,STR
data/NCT-CRC-HE-100K/STR/STR-SYDQSDHS.tif,STR
data/NCT-CRC-HE-100K/STR/STR-VQLRVSQK.tif,STR
data/NCT-CRC-HE-100K/STR/STR-AHMMHLND.tif,STR
data/NCT-CRC-HE-100K/STR/STR-IDAMPHVY.tif,STR
data/NCT-CRC-HE-100K/STR/STR-GATNWKNK.tif,STR
data/NCT-CRC-HE-100K/STR/STR-AFMVRTID.tif,STR
data/NCT-CRC-HE-100K/STR/STR-VYPCTTLT.tif,STR
data/NCT-CRC-HE-100K/STR/STR-QPVRHPDP.tif,STR
data/NCT-CRC-HE-100K/STR/STR-KDVKNISL.tif,STR
data/NCT-CRC-HE-100K/STR/STR-LAITVMFF.tif,STR
data/NCT-CRC-HE-100K/STR/STR-WQTCEDLG.tif,STR
data/NCT-CRC-HE-100K/STR/STR-WWQRPAFM.tif,STR
data/NCT-CRC-HE-100K/STR/STR-GLWTAIIN.tif,STR
data/NCT-CRC-HE-100K/STR/STR-SYYMCPIE.tif,STR
data/NCT-CRC-HE-100K/STR/STR-WSTAILAR.tif,STR
data/NCT-CRC-HE-100K/STR/STR-PGVCEETL.tif,STR
data/NCT-CRC-HE-100K/STR/STR-LTKNKVQG.tif,STR
data/NCT-CRC-HE-100K/STR/STR-EFEFNHSD.tif,STR
data/NCT-CRC-HE-100K/STR/STR-GCWWWPPL.tif,STR
data/NCT-CRC-HE-100K/STR/STR-EPKHQTTV.tif,STR
data/NCT-CRC-HE-100K/STR/STR-VGNIGNKG.tif,STR
data/NCT-CRC-HE-100K/STR/STR-FKDQDAPA.tif,STR
data/NCT-CRC-HE-100K/STR/STR-RTPLYLLY.tif,STR
data/NCT-CRC-HE-100K/STR/STR-FSDENSYQ.tif,STR
data/NCT-CRC-HE-100K/STR/STR-AGPCYLTF.tif,STR
data/NCT-CRC-HE-100K/STR/STR-WWGDQKMN.tif,STR
data/NCT-CRC-HE-100K/STR/STR-CAFVSCWT.tif,STR
data/NCT-CRC-HE-100K/STR/STR-LFLLKHCR.tif,STR
data/NCT-CRC-HE-100K/STR/STR-HPAGCIQG.tif,STR
data/NCT-CRC-HE-100K/STR/STR-ENYNAWLG.tif,STR
data/NCT-CRC-HE-100K/STR/STR-IYTRVTKR.tif,STR
data/NCT-CRC-HE-100K/STR/STR-IWLLFPTM.tif,STR
data/NCT-CRC-HE-100K/STR/STR-RASIEYLG.tif,STR
data/NCT-CRC-HE-100K/STR/STR-SFEVDEMF.tif,STR
data/NCT-CRC-HE-100K/STR/STR-HSQMYMGI.tif,STR
data/NCT-CRC-HE-100K/STR/STR-KHIDDPCG.tif,STR
data/NCT-CRC-HE-100K/STR/STR-WYYFHQEH.tif,STR
data/NCT-CRC-HE-100K/STR/STR-VLEQSVEI.tif,STR
data/NCT-CRC-HE-100K/STR/STR-QPGEKLPG.tif,STR
data/NCT-CRC-HE-100K/STR/STR-RFRRDWYR.tif,STR
data/NCT-CRC-HE-100K/STR/STR-LIVLYCDY.tif,STR
data/NCT-CRC-HE-100K/STR/STR-QVDSADTP.tif,STR
data/NCT-CRC-HE-100K/STR/STR-HQSQCTSR.tif,STR
data/NCT-CRC-HE-100K/STR/STR-WQMLKACR.tif,STR
data/NCT-CRC-HE-100K/STR/STR-VARATTAY.tif,STR
data/NCT-CRC-HE-100K/STR/STR-QCCGVQDL.tif,STR
data/NCT-CRC-HE-100K/STR/STR-EFPARIEN.tif,STR
data/NCT-CRC-HE-100K/STR/STR-QADMHYAP.tif,STR
data/NCT-CRC-HE-100K/STR/STR-PFPQCILD.tif,STR
data/NCT-CRC-HE-100K/STR/STR-HCHNCRDL.tif,STR
data/NCT-CRC-HE-100K/STR/STR-ERCYYAWQ.tif,STR
data/NCT-CRC-HE-100K/STR/STR-NHTHRWWG.tif,STR
data/NCT-CRC-HE-100K/STR/STR-YSKCYKID.tif,STR
data/NCT-CRC-HE-100K/STR/STR-VQPASVTA.tif,STR
data/NCT-CRC-HE-100K/STR/STR-IKEVLRSL.tif,STR
data/NCT-CRC-HE-100K/STR/STR-ANMVCENN.tif,STR
data/NCT-CRC-HE-100K/STR/STR-SQAWWEFS.tif,STR
data/NCT-CRC-HE-100K/STR/STR-DDWDMSVI.tif,STR
data/NCT-CRC-HE-100K/STR/STR-APEDRYID.tif,STR
data/NCT-CRC-HE-100K/STR/STR-PQWTYQAR.tif,STR
data/NCT-CRC-HE-100K/STR/STR-NDSAIPRE.tif,STR
data/NCT-CRC-HE-100K/STR/STR-HCNAAREN.tif,STR
data/NCT-CRC-HE-100K/STR/STR-HFEEVGAS.tif,STR
data/NCT-CRC-HE-100K/STR/STR-MFIFTQQK.tif,STR
data/NCT-CRC-HE-100K/STR/STR-QNMTEFTT.tif,STR
data/NCT-CRC-HE-100K/STR/STR-EHKIIARL.tif,STR
data/NCT-CRC-HE-100K/STR/STR-CITATPSP.tif,STR
data/NCT-CRC-HE-100K/STR/STR-SINISPHQ.tif,STR
data/NCT-CRC-HE-100K/STR/STR-QMFVFIQT.tif,STR
data/NCT-CRC-HE-100K/STR/STR-LMDFDGNW.tif,STR
data/NCT-CRC-HE-100K/STR/STR-KKPPDHPF.tif,STR
data/NCT-CRC-HE-100K/STR/STR-PDISEIES.tif,STR
data/NCT-CRC-HE-100K/STR/STR-YCVGWNDN.tif,STR
data/NCT-CRC-HE-100K/STR/STR-KPFVNPFA.tif,STR
data/NCT-CRC-HE-100K/STR/STR-NWPGQLDK.tif,STR
data/NCT-CRC-HE-100K/STR/STR-WEYEYFSM.tif,STR
data/NCT-CRC-HE-100K/STR/STR-FQYERTVG.tif,STR
data/NCT-CRC-HE-100K/STR/STR-YRFQASVM.tif,STR
data/NCT-CRC-HE-100K/STR/STR-ESTGTNVR.tif,STR
data/NCT-CRC-HE-100K/STR/STR-ALIVQAWA.tif,STR
data/NCT-CRC-HE-100K/STR/STR-DEFETWWV.tif,STR
data/NCT-CRC-HE-100K/STR/STR-GGLTNQQI.tif,STR
data/NCT-CRC-HE-100K/STR/STR-CGNYILRI.tif,STR
data/NCT-CRC-HE-100K/STR/STR-LVLKSLMP.tif,STR
data/NCT-CRC-HE-100K/STR/STR-YCNWAGSG.tif,STR
data/NCT-CRC-HE-100K/STR/STR-NHYHQSDC.tif,STR
data/NCT-CRC-HE-100K/STR/STR-TPFEKEWS.tif,STR
data/NCT-CRC-HE-100K/STR/STR-RNQGAFSI.tif,STR
data/NCT-CRC-HE-100K/STR/STR-QNSMRCII.tif,STR
data/NCT-CRC-HE-100K/STR/STR-HDTKKKSS.tif,STR
data/NCT-CRC-HE-100K/STR/STR-PMFCVITW.tif,STR
data/NCT-CRC-HE-100K/STR/STR-CWAPKDNF.tif,STR
data/NCT-CRC-HE-100K/STR/STR-NDSKCEML.tif,STR
data/NCT-CRC-HE-100K/STR/STR-SSDSESTF.tif,STR
data/NCT-CRC-HE-100K/STR/STR-NWYHELEY.tif,STR
data/NCT-CRC-HE-100K/STR/STR-RHCMEWCM.tif,STR
data/NCT-CRC-HE-100K/STR/STR-VTKYCRQG.tif,STR
data/NCT-CRC-HE-100K/STR/STR-WVDYLAGH.tif,STR
data/NCT-CRC-HE-100K/STR/STR-PNEIDQCC.tif,STR
data/NCT-CRC-HE-100K/STR/STR-VVVLLESH.tif,STR
data/NCT-CRC-HE-100K/STR/STR-ISPPRQRD.tif,STR
data/NCT-CRC-HE-100K/STR/STR-WVSNRHTM.tif,STR
data/NCT-CRC-HE-100K/STR/STR-WLPDKKQM.tif,STR
data/NCT-CRC-HE-100K/STR/STR-EIFVQEMY.tif,STR
data/NCT-CRC-HE-100K/STR/STR-YWTIENYA.tif,STR
data/NCT-CRC-HE-100K/STR/STR-GGYGWQSR.tif,STR
data/NCT-CRC-HE-100K/STR/STR-KVTDFKKM.tif,STR
data/NCT-CRC-HE-100K/STR/STR-GFMIEHWW.tif,STR
data/NCT-CRC-HE-100K/STR/STR-YWTGFQGR.tif,STR
data/NCT-CRC-HE-100K/STR/STR-VHSHSNVP.tif,STR
data/NCT-CRC-HE-100K/STR/STR-WGKHCIRN.tif,STR
data/NCT-CRC-HE-100K/STR/STR-TWHHPVSW.tif,STR
data/NCT-CRC-HE-100K/STR/STR-PPIGKGHA.tif,STR
data/NCT-CRC-HE-100K/STR/STR-IWHKVLDM.tif,STR
data/NCT-CRC-HE-100K/STR/STR-FFNTDNQV.tif,STR
data/NCT-CRC-HE-100K/STR/STR-WCHTSPRP.tif,STR
data/NCT-CRC-HE-100K/STR/STR-DMCEMEKY.tif,STR
data/NCT-CRC-HE-100K/STR/STR-LQGRIQGG.tif,STR
data/NCT-CRC-HE-100K/STR/STR-LKPDSDWR.tif,STR
data/NCT-CRC-HE-100K/STR/STR-QNCPLCWA.tif,STR
data/NCT-CRC-HE-100K/STR/STR-YHRFLIIC.tif,STR
data/NCT-CRC-HE-100K/STR/STR-ACSEMEPC.tif,STR
data/NCT-CRC-HE-100K/STR/STR-SNIFMCHH.tif,STR
data/NCT-CRC-HE-100K/STR/STR-HEVPENDA.tif,STR
data/NCT-CRC-HE-100K/STR/STR-TIVVYMYS.tif,STR
data/NCT-CRC-HE-100K/STR/STR-KSYNAQHS.tif,STR
data/NCT-CRC-HE-100K/STR/STR-HEAKNRML.tif,STR
data/NCT-CRC-HE-100K/STR/STR-AIASYNAY.tif,STR
data/NCT-CRC-HE-100K/STR/STR-YCAWMTGP.tif,STR
data/NCT-CRC-HE-100K/STR/STR-TDTSARDC.tif,STR
data/NCT-CRC-HE-100K/STR/STR-DYRPWYMN.tif,STR
data/NCT-CRC-HE-100K/STR/STR-PQNETYVY.tif,STR
data/NCT-CRC-HE-100K/STR/STR-NGMTCLAL.tif,STR
data/NCT-CRC-HE-100K/STR/STR-NWEDLMVC.tif,STR
data/NCT-CRC-HE-100K/STR/STR-NKAHNAWE.tif,STR
data/NCT-CRC-HE-100K/STR/STR-YCWAFMNW.tif,STR
data/NCT-CRC-HE-100K/STR/STR-NWLGYPRW.tif,STR
data/NCT-CRC-HE-100K/STR/STR-HIDISRFQ.tif,STR
data/NCT-CRC-HE-100K/STR/STR-LRMPSITY.tif,STR
data/NCT-CRC-HE-100K/STR/STR-CTLDGELE.tif,STR
data/NCT-CRC-HE-100K/STR/STR-EDCTKMPM.tif,STR
data/NCT-CRC-HE-100K/STR/STR-YMITLQNV.tif,STR
data/NCT-CRC-HE-100K/STR/STR-SSFMCIDS.tif,STR
data/NCT-CRC-HE-100K/STR/STR-PYQPDAMW.tif,STR
data/NCT-CRC-HE-100K/STR/STR-PWHDIYHI.tif,STR
data/NCT-CRC-HE-100K/STR/STR-MKWAATLK.tif,STR
data/NCT-CRC-HE-100K/STR/STR-YQVFSCVF.tif,STR
data/NCT-CRC-HE-100K/STR/STR-HRAKKHVM.tif,STR
data/NCT-CRC-HE-100K/STR/STR-MNEYTLLF.tif,STR
data/NCT-CRC-HE-100K/STR/STR-MIITYLQD.tif,STR
data/NCT-CRC-HE-100K/STR/STR-MTEKIWYM.tif,STR
data/NCT-CRC-HE-100K/STR/STR-NMDVHAWL.tif,STR
data/NCT-CRC-HE-100K/STR/STR-LRKTSPPN.tif,STR
data/NCT-CRC-HE-100K/STR/STR-MMSAYRTP.tif,STR
data/NCT-CRC-HE-100K/STR/STR-DNYYPLWI.tif,STR
data/NCT-CRC-HE-100K/STR/STR-ITFASAVY.tif,STR
data/NCT-CRC-HE-100K/STR/STR-MPRFKDND.tif,STR
data/NCT-CRC-HE-100K/STR/STR-KLHQERTF.tif,STR
data/NCT-CRC-HE-100K/STR/STR-YYPYFRQY.tif,STR
data/NCT-CRC-HE-100K/STR/STR-KRFNMCNQ.tif,STR
data/NCT-CRC-HE-100K/STR/STR-FPCYGNEA.tif,STR
data/NCT-CRC-HE-100K/STR/STR-PVDLPYHH.tif,STR
data/NCT-CRC-HE-100K/STR/STR-WILSYSFR.tif,STR
data/NCT-CRC-HE-100K/STR/STR-PIHSLNLQ.tif,STR
data/NCT-CRC-HE-100K/STR/STR-HRPRFNEV.tif,STR
data/NCT-CRC-HE-100K/STR/STR-YDLWSNMV.tif,STR
data/NCT-CRC-HE-100K/STR/STR-EENHILGC.tif,STR
data/NCT-CRC-HE-100K/STR/STR-IACRCQWF.tif,STR
data/NCT-CRC-HE-100K/STR/STR-KHAKEERH.tif,STR
data/NCT-CRC-HE-100K/STR/STR-QYLGILDW.tif,STR
data/NCT-CRC-HE-100K/STR/STR-YPVFEFYS.tif,STR
data/NCT-CRC-HE-100K/STR/STR-EWLQRWSY.tif,STR
data/NCT-CRC-HE-100K/STR/STR-KTIKDRVL.tif,STR
data/NCT-CRC-HE-100K/STR/STR-FEYWERIQ.tif,STR
data/NCT-CRC-HE-100K/STR/STR-KMNFAEQN.tif,STR
data/NCT-CRC-HE-100K/STR/STR-CKYQKTGT.tif,STR
data/NCT-CRC-HE-100K/STR/STR-AGERERYV.tif,STR
data/NCT-CRC-HE-100K/STR/STR-IHCWIHGH.tif,STR
data/NCT-CRC-HE-100K/STR/STR-NGHAIMPR.tif,STR
data/NCT-CRC-HE-100K/STR/STR-MHVYWVWP.tif,STR
data/NCT-CRC-HE-100K/STR/STR-YPTNNAQA.tif,STR
data/NCT-CRC-HE-100K/STR/STR-EMVHWFRS.tif,STR
data/NCT-CRC-HE-100K/STR/STR-RCRENLCF.tif,STR
data/NCT-CRC-HE-100K/STR/STR-YYSGKAQF.tif,STR
data/NCT-CRC-HE-100K/STR/STR-CVANEQRM.tif,STR
data/NCT-CRC-HE-100K/STR/STR-KKSKKKHA.tif,STR
data/NCT-CRC-HE-100K/STR/STR-FQLETIID.tif,STR
data/NCT-CRC-HE-100K/STR/STR-SGEMLRLT.tif,STR
data/NCT-CRC-HE-100K/STR/STR-HNLCMEYW.tif,STR
data/NCT-CRC-HE-100K/STR/STR-HWQPYNNW.tif,STR
data/NCT-CRC-HE-100K/STR/STR-DTNVKKYI.tif,STR
data/NCT-CRC-HE-100K/STR/STR-EFWINWDP.tif,STR
data/NCT-CRC-HE-100K/STR/STR-KCSIVPQE.tif,STR
data/NCT-CRC-HE-100K/STR/STR-SHYEDIYK.tif,STR
data/NCT-CRC-HE-100K/STR/STR-RPILPVQQ.tif,STR
data/NCT-CRC-HE-100K/STR/STR-QCPIFSEQ.tif,STR
data/NCT-CRC-HE-100K/STR/STR-NHKAAFWA.tif,STR
data/NCT-CRC-HE-100K/STR/STR-WFEVHCSW.tif,STR
data/NCT-CRC-HE-100K/STR/STR-GPIATGYH.tif,STR
data/NCT-CRC-HE-100K/STR/STR-DTFPTAKI.tif,STR
data/NCT-CRC-HE-100K/STR/STR-ENFCMANG.tif,STR
data/NCT-CRC-HE-100K/STR/STR-ETFNKCKV.tif,STR
data/NCT-CRC-HE-100K/STR/STR-PNQVVEWW.tif,STR
data/NCT-CRC-HE-100K/STR/STR-KIYPFVYN.tif,STR
data/NCT-CRC-HE-100K/STR/STR-DQATYWQG.tif,STR
data/NCT-CRC-HE-100K/STR/STR-VASMHQKN.tif,STR
data/NCT-CRC-HE-100K/STR/STR-WNVVVTVP.tif,STR
data/NCT-CRC-HE-100K/STR/STR-KYWGYAYW.tif,STR
data/NCT-CRC-HE-100K/STR/STR-THLVRQIP.tif,STR
data/NCT-CRC-HE-100K/STR/STR-GCSRNNEP.tif,STR
data/NCT-CRC-HE-100K/STR/STR-RTCPGHLH.tif,STR
data/NCT-CRC-HE-100K/STR/STR-PWILCIVL.tif,STR
data/NCT-CRC-HE-100K/STR/STR-IMMYYFII.tif,STR
data/NCT-CRC-HE-100K/STR/STR-NPIAWYNE.tif,STR
data/NCT-CRC-HE-100K/STR/STR-KKVMGYKE.tif,STR
data/NCT-CRC-HE-100K/STR/STR-KIFVWWVE.tif,STR
data/NCT-CRC-HE-100K/STR/STR-MFGKPLGM.tif,STR
data/NCT-CRC-HE-100K/STR/STR-GHNEDKYT.tif,STR
data/NCT-CRC-HE-100K/STR/STR-IYQQADDY.tif,STR
data/NCT-CRC-HE-100K/STR/STR-EAFPCWWI.tif,STR
data/NCT-CRC-HE-100K/STR/STR-LAYREMAQ.tif,STR
data/NCT-CRC-HE-100K/STR/STR-PAPICWYW.tif,STR
data/NCT-CRC-HE-100K/STR/STR-PLRLCYFC.tif,STR
data/NCT-CRC-HE-100K/STR/STR-MMLDISGA.tif,STR
data/NCT-CRC-HE-100K/STR/STR-RLWWTAND.tif,STR
data/NCT-CRC-HE-100K/STR/STR-DWRDWLAC.tif,STR
data/NCT-CRC-HE-100K/STR/STR-DEIKQFII.tif,STR
data/NCT-CRC-HE-100K/STR/STR-VNCIWMDN.tif,STR
data/NCT-CRC-HE-100K/STR/STR-ILDIVDFI.tif,STR
data/NCT-CRC-HE-100K/STR/STR-GCCPMAQK.tif,STR
data/NCT-CRC-HE-100K/STR/STR-RGRYTTEM.tif,STR
data/NCT-CRC-HE-100K/STR/STR-GRECIYCH.tif,STR
data/NCT-CRC-HE-100K/STR/STR-WGVKYIYH.tif,STR
data/NCT-CRC-HE-100K/STR/STR-NFKMKCPW.tif,STR
data/NCT-CRC-HE-100K/STR/STR-KEVPVKGN.tif,STR
data/NCT-CRC-HE-100K/STR/STR-CCRSTMMN.tif,STR
data/NCT-CRC-HE-100K/STR/STR-FDTAWQMS.tif,STR
data/NCT-CRC-HE-100K/STR/STR-AFIEFARE.tif,STR
data/NCT-CRC-HE-100K/STR/STR-NLAAYAFD.tif,STR
data/NCT-CRC-HE-100K/STR/STR-QVGLKCSG.tif,STR
data/NCT-CRC-HE-100K/STR/STR-KVGPGWFG.tif,STR
data/NCT-CRC-HE-100K/STR/STR-VRYVWTWC.tif,STR
data/NCT-CRC-HE-100K/STR/STR-LQHAYLPS.tif,STR
data/NCT-CRC-HE-100K/STR/STR-YQYVHAWT.tif,STR
data/NCT-CRC-HE-100K/STR/STR-MFDHEFRF.tif,STR
data/NCT-CRC-HE-100K/STR/STR-GKTMQWWD.tif,STR
data/NCT-CRC-HE-100K/STR/STR-AKFPLDRD.tif,STR
data/NCT-CRC-HE-100K/STR/STR-WEQATTWV.tif,STR
data/NCT-CRC-HE-100K/STR/STR-LFIDYKGK.tif,STR
data/NCT-CRC-HE-100K/STR/STR-GAECYTLW.tif,STR
data/NCT-CRC-HE-100K/STR/STR-ASMLLCTK.tif,STR
data/NCT-CRC-HE-100K/STR/STR-QRMRGTIV.tif,STR
data/NCT-CRC-HE-100K/STR/STR-QTRGGHPM.tif,STR
data/NCT-CRC-HE-100K/STR/STR-EPTLLAYD.tif,STR
data/NCT-CRC-HE-100K/STR/STR-QPVKHTVH.tif,STR
data/NCT-CRC-HE-100K/STR/STR-RSYHQGFH.tif,STR
data/NCT-CRC-HE-100K/STR/STR-DMTQETII.tif,STR
data/NCT-CRC-HE-100K/STR/STR-CCFCKLEA.tif,STR
data/NCT-CRC-HE-100K/STR/STR-RLYKTVFW.tif,STR
data/NCT-CRC-HE-100K/STR/STR-QPMDTPIG.tif,STR
data/NCT-CRC-HE-100K/STR/STR-HVEPYAGT.tif,STR
data/NCT-CRC-HE-100K/STR/STR-KMGTPPVA.tif,STR
data/NCT-CRC-HE-100K/STR/STR-EVHYKCDD.tif,STR
data/NCT-CRC-HE-100K/STR/STR-WNSSFDLI.tif,STR
data/NCT-CRC-HE-100K/STR/STR-RYMKFNAK.tif,STR
data/NCT-CRC-HE-100K/STR/STR-QWLYTISS.tif,STR
data/NCT-CRC-HE-100K/STR/STR-DQGFTLWW.tif,STR
data/NCT-CRC-HE-100K/STR/STR-NAHKARVD.tif,STR
data/NCT-CRC-HE-100K/STR/STR-PWDFCNWP.tif,STR
data/NCT-CRC-HE-100K/STR/STR-TWVVNGPD.tif,STR
data/NCT-CRC-HE-100K/STR/STR-LPGWLARD.tif,STR
data/NCT-CRC-HE-100K/STR/STR-SMGWFNQG.tif,STR
data/NCT-CRC-HE-100K/STR/STR-RTEWPVDE.tif,STR
data/NCT-CRC-HE-100K/STR/STR-RCNGMLQK.tif,STR
data/NCT-CRC-HE-100K/STR/STR-LRWATWWC.tif,STR
data/NCT-CRC-HE-100K/STR/STR-VTEMTHMQ.tif,STR
data/NCT-CRC-HE-100K/STR/STR-LPDNNRNA.tif,STR
data/NCT-CRC-HE-100K/STR/STR-DNHVVIME.tif,STR
data/NCT-CRC-HE-100K/STR/STR-EMEETGQG.tif,STR
data/NCT-CRC-HE-100K/STR/STR-DINSHEYY.tif,STR
data/NCT-CRC-HE-100K/STR/STR-IMVHLRTR.tif,STR
data/NCT-CRC-HE-100K/STR/STR-QFHRHRPF.tif,STR
data/NCT-CRC-HE-100K/STR/STR-QSIAFDQW.tif,STR
data/NCT-CRC-HE-100K/STR/STR-DDTPEYKK.tif,STR
data/NCT-CRC-HE-100K/STR/STR-WMYLPEPS.tif,STR
data/NCT-CRC-HE-100K/STR/STR-RMCIQAFR.tif,STR
data/NCT-CRC-HE-100K/STR/STR-AQMSKPTY.tif,STR
data/NCT-CRC-HE-100K/STR/STR-TYLPRVRT.tif,STR
data/NCT-CRC-HE-100K/STR/STR-GKKCNQQC.tif,STR
data/NCT-CRC-HE-100K/STR/STR-FHDRTGLM.tif,STR
data/NCT-CRC-HE-100K/STR/STR-PTIMGKGR.tif,STR
data/NCT-CRC-HE-100K/STR/STR-VPGYSNSQ.tif,STR
data/NCT-CRC-HE-100K/STR/STR-MGDVFMIN.tif,STR
data/NCT-CRC-HE-100K/STR/STR-GCWIQSDT.tif,STR
data/NCT-CRC-HE-100K/STR/STR-MKPIIQIP.tif,STR
data/NCT-CRC-HE-100K/STR/STR-FTIQGLKR.tif,STR
data/NCT-CRC-HE-100K/STR/STR-ILAQMRWF.tif,STR
data/NCT-CRC-HE-100K/STR/STR-SCKELGSD.tif,STR
data/NCT-CRC-HE-100K/STR/STR-GEMCVERM.tif,STR
data/NCT-CRC-HE-100K/STR/STR-DYIPGAMA.tif,STR
data/NCT-CRC-HE-100K/STR/STR-NIVALGKQ.tif,STR
data/NCT-CRC-HE-100K/STR/STR-FVTKKAVG.tif,STR
data/NCT-CRC-HE-100K/STR/STR-RFMVAEHA.tif,STR
data/NCT-CRC-HE-100K/STR/STR-DYKEGNLC.tif,STR
data/NCT-CRC-HE-100K/STR/STR-FPHRFHPA.tif,STR
data/NCT-CRC-HE-100K/STR/STR-MGYMGEFS.tif,STR
data/NCT-CRC-HE-100K/STR/STR-CDMYLLCS.tif,STR
data/NCT-CRC-HE-100K/STR/STR-EMCFMKSI.tif,STR
data/NCT-CRC-HE-100K/STR/STR-LGMIYRIH.tif,STR
data/NCT-CRC-HE-100K/STR/STR-LRDGYREL.tif,STR
data/NCT-CRC-HE-100K/STR/STR-KLMRNNFC.tif,STR
data/NCT-CRC-HE-100K/STR/STR-GHDKRAMQ.tif,STR
data/NCT-CRC-HE-100K/STR/STR-WIQSDEQV.tif,STR
data/NCT-CRC-HE-100K/STR/STR-HGQFWING.tif,STR
data/NCT-CRC-HE-100K/STR/STR-PGHWILAV.tif,STR
data/NCT-CRC-HE-100K/STR/STR-RSNMWWDY.tif,STR
data/NCT-CRC-HE-100K/STR/STR-VLSVANHG.tif,STR
data/NCT-CRC-HE-100K/STR/STR-ANQARCVK.tif,STR
data/NCT-CRC-HE-100K/STR/STR-KHFFFNIE.tif,STR
data/NCT-CRC-HE-100K/STR/STR-YTQTGILS.tif,STR
data/NCT-CRC-HE-100K/STR/STR-PLMTWEFI.tif,STR
data/NCT-CRC-HE-100K/STR/STR-VVETKGAC.tif,STR
data/NCT-CRC-HE-100K/STR/STR-EKKSYWFQ.tif,STR
data/NCT-CRC-HE-100K/STR/STR-LFLYAEPC.tif,STR
data/NCT-CRC-HE-100K/STR/STR-NMGHCEWV.tif,STR
data/NCT-CRC-HE-100K/STR/STR-TWMWYWHE.tif,STR
data/NCT-CRC-HE-100K/STR/STR-VHNHKGVT.tif,STR
data/NCT-CRC-HE-100K/STR/STR-NVTEARTY.tif,STR
data/NCT-CRC-HE-100K/STR/STR-KYAWQPCK.tif,STR
data/NCT-CRC-HE-100K/STR/STR-LESNMHVE.tif,STR
data/NCT-CRC-HE-100K/STR/STR-DLLKDSFF.tif,STR
data/NCT-CRC-HE-100K/STR/STR-RACFMWFA.tif,STR
data/NCT-CRC-HE-100K/STR/STR-HVFYYFFH.tif,STR
data/NCT-CRC-HE-100K/STR/STR-KYLKSIMT.tif,STR
data/NCT-CRC-HE-100K/STR/STR-RTPPYWYP.tif,STR
data/NCT-CRC-HE-100K/STR/STR-APFYHVWR.tif,STR
data/NCT-CRC-HE-100K/STR/STR-IGPWATEE.tif,STR
data/NCT-CRC-HE-100K/STR/STR-AMKSRFVH.tif,STR
data/NCT-CRC-HE-100K/STR/STR-EHVQKYGW.tif,STR
data/NCT-CRC-HE-100K/STR/STR-AQHMLCSD.tif,STR
data/NCT-CRC-HE-100K/STR/STR-MKILHCFI.tif,STR
data/NCT-CRC-HE-100K/STR/STR-QEWMGGKY.tif,STR
data/NCT-CRC-HE-100K/STR/STR-FHVLPHTS.tif,STR
data/NCT-CRC-HE-100K/STR/STR-LGFTCFLE.tif,STR
data/NCT-CRC-HE-100K/STR/STR-CEQWMMHQ.tif,STR
data/NCT-CRC-HE-100K/STR/STR-EDITKGTK.tif,STR
data/NCT-CRC-HE-100K/STR/STR-EAEATLCI.tif,STR
data/NCT-CRC-HE-100K/STR/STR-LNIRGQGD.tif,STR
data/NCT-CRC-HE-100K/STR/STR-RPWKMTRW.tif,STR
data/NCT-CRC-HE-100K/STR/STR-LMTRMEDG.tif,STR
data/NCT-CRC-HE-100K/STR/STR-FGDDPQRF.tif,STR
data/NCT-CRC-HE-100K/STR/STR-QIECQPFK.tif,STR
data/NCT-CRC-HE-100K/STR/STR-ITDPNAAD.tif,STR
data/NCT-CRC-HE-100K/STR/STR-NGGVWLPQ.tif,STR
data/NCT-CRC-HE-100K/STR/STR-IYRRSSTY.tif,STR
data/NCT-CRC-HE-100K/STR/STR-QAIPDCQM.tif,STR
data/NCT-CRC-HE-100K/STR/STR-QDRGGAPW.tif,STR
data/NCT-CRC-HE-100K/STR/STR-WEFPDMSL.tif,STR
data/NCT-CRC-HE-100K/STR/STR-TEPYIVSY.tif,STR
data/NCT-CRC-HE-100K/STR/STR-LQWLCHAM.tif,STR
data/NCT-CRC-HE-100K/STR/STR-WDQCAMIV.tif,STR
data/NCT-CRC-HE-100K/STR/STR-SDIEECIH.tif,STR
data/NCT-CRC-HE-100K/STR/STR-QPMISRNL.tif,STR
data/NCT-CRC-HE-100K/STR/STR-IGMGAQEI.tif,STR
data/NCT-CRC-HE-100K/STR/STR-YRLCYSFM.tif,STR
data/NCT-CRC-HE-100K/STR/STR-GKWIWQNI.tif,STR
data/NCT-CRC-HE-100K/STR/STR-RFFFFSEV.tif,STR
data/NCT-CRC-HE-100K/STR/STR-KVTVKHPN.tif,STR
data/NCT-CRC-HE-100K/STR/STR-FCETRHGN.tif,STR
data/NCT-CRC-HE-100K/STR/STR-VQTLWFAK.tif,STR
data/NCT-CRC-HE-100K/STR/STR-GMIGRSFV.tif,STR
data/NCT-CRC-HE-100K/STR/STR-EWGNEREV.tif,STR
data/NCT-CRC-HE-100K/STR/STR-IRFPQHPC.tif,STR
data/NCT-CRC-HE-100K/STR/STR-KRCQHTGH.tif,STR
data/NCT-CRC-HE-100K/STR/STR-KMWQYPGH.tif,STR
data/NCT-CRC-HE-100K/STR/STR-EFRCSCLC.tif,STR
data/NCT-CRC-HE-100K/STR/STR-LVEGEWLS.tif,STR
data/NCT-CRC-HE-100K/STR/STR-EITNRISC.tif,STR
data/NCT-CRC-HE-100K/STR/STR-ADPVDIFG.tif,STR
data/NCT-CRC-HE-100K/STR/STR-GYKKKCIN.tif,STR
data/NCT-CRC-HE-100K/STR/STR-DCATECCR.tif,STR
data/NCT-CRC-HE-100K/STR/STR-WDISQPDW.tif,STR
data/NCT-CRC-HE-100K/STR/STR-LVRAVMIL.tif,STR
data/NCT-CRC-HE-100K/STR/STR-TPHTYKTY.tif,STR
data/NCT-CRC-HE-100K/STR/STR-CIHLQWMW.tif,STR
data/NCT-CRC-HE-100K/STR/STR-KFEPRMKN.tif,STR
data/NCT-CRC-HE-100K/STR/STR-WWPWWVDN.tif,STR
data/NCT-CRC-HE-100K/STR/STR-SFTELSIV.tif,STR
data/NCT-CRC-HE-100K/STR/STR-QGYVKQES.tif,STR
data/NCT-CRC-HE-100K/STR/STR-EPSTMWAH.tif,STR
data/NCT-CRC-HE-100K/STR/STR-GFAKWIPQ.tif,STR
data/NCT-CRC-HE-100K/STR/STR-IWAMCWIT.tif,STR
data/NCT-CRC-HE-100K/STR/STR-GVTLICVW.tif,STR
data/NCT-CRC-HE-100K/STR/STR-ICFSWDWN.tif,STR
data/NCT-CRC-HE-100K/STR/STR-WSKVRKYC.tif,STR
data/NCT-CRC-HE-100K/STR/STR-LSHSHDNH.tif,STR
data/NCT-CRC-HE-100K/STR/STR-GLHIYCMN.tif,STR
data/NCT-CRC-HE-100K/STR/STR-CPDANCNC.tif,STR
data/NCT-CRC-HE-100K/STR/STR-AASERCGV.tif,STR
data/NCT-CRC-HE-100K/STR/STR-GWFTWFGD.tif,STR
data/NCT-CRC-HE-100K/STR/STR-DWHVALSQ.tif,STR
data/NCT-CRC-HE-100K/STR/STR-CMGNLSYV.tif,STR
data/NCT-CRC-HE-100K/STR/STR-SLQLQLTG.tif,STR
data/NCT-CRC-HE-100K/STR/STR-DTKNIIES.tif,STR
data/NCT-CRC-HE-100K/STR/STR-LMICGQYC.tif,STR
data/NCT-CRC-HE-100K/STR/STR-GYHAFIMH.tif,STR
data/NCT-CRC-HE-100K/STR/STR-SSNNLEFP.tif,STR
data/NCT-CRC-HE-100K/STR/STR-NDHIGMIA.tif,STR
data/NCT-CRC-HE-100K/STR/STR-YSYQPRAG.tif,STR
data/NCT-CRC-HE-100K/STR/STR-QGMLHWWF.tif,STR
data/NCT-CRC-HE-100K/STR/STR-FWEDMNTC.tif,STR
data/NCT-CRC-HE-100K/STR/STR-IICFLLGN.tif,STR
data/NCT-CRC-HE-100K/STR/STR-SREYVGLQ.tif,STR
data/NCT-CRC-HE-100K/STR/STR-VKNHYYKI.tif,STR
data/NCT-CRC-HE-100K/STR/STR-WGPDNWHY.tif,STR
data/NCT-CRC-HE-100K/STR/STR-RESDACTD.tif,STR
data/NCT-CRC-HE-100K/STR/STR-NYIPGLAC.tif,STR
data/NCT-CRC-HE-100K/STR/STR-HCSVMDSM.tif,STR
data/NCT-CRC-HE-100K/STR/STR-CQERLILH.tif,STR
data/NCT-CRC-HE-100K/STR/STR-TPKCSPIL.tif,STR
data/NCT-CRC-HE-100K/STR/STR-YHYLRLAN.tif,STR
data/NCT-CRC-HE-100K/STR/STR-YIMAENRS.tif,STR
data/NCT-CRC-HE-100K/STR/STR-QGVGYQTM.tif,STR
data/NCT-CRC-HE-100K/STR/STR-VTRKNYFE.tif,STR
data/NCT-CRC-HE-100K/STR/STR-SKGGLWTR.tif,STR
data/NCT-CRC-HE-100K/STR/STR-FNAHWSIW.tif,STR
data/NCT-CRC-HE-100K/STR/STR-PQWNNLFA.tif,STR
data/NCT-CRC-HE-100K/STR/STR-YDWQMCSE.tif,STR
data/NCT-CRC-HE-100K/STR/STR-TDWSVSRK.tif,STR
data/NCT-CRC-HE-100K/STR/STR-SWDNAINN.tif,STR
data/NCT-CRC-HE-100K/STR/STR-DKCDCVDA.tif,STR
data/NCT-CRC-HE-100K/STR/STR-GFVYHGNG.tif,STR
data/NCT-CRC-HE-100K/STR/STR-WARQDDIY.tif,STR
data/NCT-CRC-HE-100K/STR/STR-GEKVELVL.tif,STR
data/NCT-CRC-HE-100K/STR/STR-LTSGEPCM.tif,STR
data/NCT-CRC-HE-100K/STR/STR-YLAHTWNG.tif,STR
data/NCT-CRC-HE-100K/STR/STR-FWISLAAQ.tif,STR
data/NCT-CRC-HE-100K/STR/STR-YFGFHQSA.tif,STR
data/NCT-CRC-HE-100K/STR/STR-PTMPQCMR.tif,STR
data/NCT-CRC-HE-100K/STR/STR-NFPWTSKQ.tif,STR
data/NCT-CRC-HE-100K/STR/STR-YHFFDFYY.tif,STR
data/NCT-CRC-HE-100K/STR/STR-QECQSRDL.tif,STR
data/NCT-CRC-HE-100K/STR/STR-PYPLCFMC.tif,STR
data/NCT-CRC-HE-100K/STR/STR-LACFICMR.tif,STR
data/NCT-CRC-HE-100K/STR/STR-HGDTLCQQ.tif,STR
data/NCT-CRC-HE-100K/STR/STR-PPPMGHKH.tif,STR
data/NCT-CRC-HE-100K/STR/STR-PRCLMKGY.tif,STR
data/NCT-CRC-HE-100K/STR/STR-WINYCGAR.tif,STR
data/NCT-CRC-HE-100K/STR/STR-PYMNGQNT.tif,STR
data/NCT-CRC-HE-100K/STR/STR-SQEPSLHR.tif,STR
data/NCT-CRC-HE-100K/STR/STR-HTSWVQMF.tif,STR
data/NCT-CRC-HE-100K/STR/STR-RIADMIEK.tif,STR
data/NCT-CRC-HE-100K/STR/STR-DQAGKCPY.tif,STR
data/NCT-CRC-HE-100K/STR/STR-AGPSPQVR.tif,STR
data/NCT-CRC-HE-100K/STR/STR-WNYIQEMY.tif,STR
data/NCT-CRC-HE-100K/STR/STR-RWFNDICL.tif,STR
data/NCT-CRC-HE-100K/STR/STR-TLWFSLWQ.tif,STR
data/NCT-CRC-HE-100K/STR/STR-CCMEKDQI.tif,STR
data/NCT-CRC-HE-100K/STR/STR-MCSNVTLY.tif,STR
data/NCT-CRC-HE-100K/STR/STR-MLIRWHEA.tif,STR
data/NCT-CRC-HE-100K/STR/STR-MCHAFWGM.tif,STR
data/NCT-CRC-HE-100K/STR/STR-SDWVKLAA.tif,STR
data/NCT-CRC-HE-100K/STR/STR-YVLIYKPR.tif,STR
data/NCT-CRC-HE-100K/STR/STR-WASGCCHS.tif,STR
data/NCT-CRC-HE-100K/STR/STR-KSAYVPDH.tif,STR
data/NCT-CRC-HE-100K/STR/STR-WAWRRGEF.tif,STR
data/NCT-CRC-HE-100K/STR/STR-TPPRVRTM.tif,STR
data/NCT-CRC-HE-100K/STR/STR-DFYRMARW.tif,STR
data/NCT-CRC-HE-100K/STR/STR-CWFNGSRG.tif,STR
data/NCT-CRC-HE-100K/STR/STR-DDLFPWSH.tif,STR
data/NCT-CRC-HE-100K/STR/STR-LEVCVNYD.tif,STR
data/NCT-CRC-HE-100K/STR/STR-GNNDTVYQ.tif,STR
data/NCT-CRC-HE-100K/STR/STR-KKPHANVC.tif,STR
data/NCT-CRC-HE-100K/STR/STR-ILELQAHM.tif,STR
data/NCT-CRC-HE-100K/STR/STR-DRGDAMYC.tif,STR
data/NCT-CRC-HE-100K/STR/STR-VWRMKAGR.tif,STR
data/NCT-CRC-HE-100K/STR/STR-GRKMHGPG.tif,STR
data/NCT-CRC-HE-100K/STR/STR-CAGWTHWN.tif,STR
data/NCT-CRC-HE-100K/STR/STR-LKIMTGTA.tif,STR
data/NCT-CRC-HE-100K/STR/STR-QPGRFCWH.tif,STR
data/NCT-CRC-HE-100K/STR/STR-IVIFWVNS.tif,STR
data/NCT-CRC-HE-100K/STR/STR-DPEACWDD.tif,STR
data/NCT-CRC-HE-100K/STR/STR-SYWRRPEE.tif,STR
data/NCT-CRC-HE-100K/STR/STR-AYMNVEAG.tif,STR
data/NCT-CRC-HE-100K/STR/STR-AMTTGNVN.tif,STR
data/NCT-CRC-HE-100K/STR/STR-EWQIMHAY.tif,STR
data/NCT-CRC-HE-100K/STR/STR-IDMDHIMW.tif,STR
data/NCT-CRC-HE-100K/STR/STR-DPAIPNRM.tif,STR
data/NCT-CRC-HE-100K/STR/STR-QFLSGECK.tif,STR
data/NCT-CRC-HE-100K/STR/STR-EYLPHVPP.tif,STR
data/NCT-CRC-HE-100K/STR/STR-WPDSRIDV.tif,STR
data/NCT-CRC-HE-100K/STR/STR-YDFVRDYM.tif,STR
data/NCT-CRC-HE-100K/STR/STR-MWFHIDNE.tif,STR
data/NCT-CRC-HE-100K/STR/STR-DITIKEHF.tif,STR
data/NCT-CRC-HE-100K/STR/STR-HGIYESNF.tif,STR
data/NCT-CRC-HE-100K/STR/STR-HYPRQLIL.tif,STR
data/NCT-CRC-HE-100K/STR/STR-VSNSQTVS.tif,STR
data/NCT-CRC-HE-100K/STR/STR-DTDKPHLW.tif,STR
data/NCT-CRC-HE-100K/STR/STR-TIEDNCKE.tif,STR
data/NCT-CRC-HE-100K/STR/STR-HSWAEHYN.tif,STR
data/NCT-CRC-HE-100K/STR/STR-SWSHPIGM.tif,STR
data/NCT-CRC-HE-100K/STR/STR-RKRWNIGS.tif,STR
data/NCT-CRC-HE-100K/STR/STR-FTSRMRDV.tif,STR
data/NCT-CRC-HE-100K/STR/STR-RGVHIGCH.tif,STR
data/NCT-CRC-HE-100K/STR/STR-WWWMACWT.tif,STR
data/NCT-CRC-HE-100K/STR/STR-NPTYVWPF.tif,STR
data/NCT-CRC-HE-100K/STR/STR-IQIPRVHN.tif,STR
data/NCT-CRC-HE-100K/STR/STR-ELAFPEQR.tif,STR
data/NCT-CRC-HE-100K/STR/STR-LLTLLYFW.tif,STR
data/NCT-CRC-HE-100K/STR/STR-SFRPYYPT.tif,STR
data/NCT-CRC-HE-100K/STR/STR-SSMCQWGA.tif,STR
data/NCT-CRC-HE-100K/STR/STR-CTRPMNFG.tif,STR
data/NCT-CRC-HE-100K/STR/STR-PNIKHMEE.tif,STR
data/NCT-CRC-HE-100K/STR/STR-HPAWDQAI.tif,STR
data/NCT-CRC-HE-100K/STR/STR-QLQYIHHC.tif,STR
data/NCT-CRC-HE-100K/STR/STR-REHQPQCS.tif,STR
data/NCT-CRC-HE-100K/STR/STR-WKYHLCRA.tif,STR
data/NCT-CRC-HE-100K/STR/STR-PAHPIPVF.tif,STR
data/NCT-CRC-HE-100K/STR/STR-CEPTYFYH.tif,STR
data/NCT-CRC-HE-100K/STR/STR-VNQEDWKN.tif,STR
data/NCT-CRC-HE-100K/STR/STR-ACYTEQML.tif,STR
data/NCT-CRC-HE-100K/STR/STR-SSDVFHTP.tif,STR
data/NCT-CRC-HE-100K/STR/STR-INMRMEQK.tif,STR
data/NCT-CRC-HE-100K/STR/STR-TSIAQFYV.tif,STR
data/NCT-CRC-HE-100K/STR/STR-WESYPLWA.tif,STR
data/NCT-CRC-HE-100K/STR/STR-NKCVKHLL.tif,STR
data/NCT-CRC-HE-100K/STR/STR-AWSDEGNI.tif,STR
data/NCT-CRC-HE-100K/STR/STR-EYRVQRPF.tif,STR
data/NCT-CRC-HE-100K/STR/STR-DSHDAQRQ.tif,STR
data/NCT-CRC-HE-100K/STR/STR-TKQVITMI.tif,STR
data/NCT-CRC-HE-100K/STR/STR-HRLIIKHL.tif,STR
data/NCT-CRC-HE-100K/STR/STR-GASFKFER.tif,STR
data/NCT-CRC-HE-100K/STR/STR-PCQDDHND.tif,STR
data/NCT-CRC-HE-100K/STR/STR-NNFAGWRM.tif,STR
data/NCT-CRC-HE-100K/STR/STR-HGDLRAHA.tif,STR
data/NCT-CRC-HE-100K/STR/STR-DGETQHSM.tif,STR
data/NCT-CRC-HE-100K/STR/STR-PSFDTAAE.tif,STR
data/NCT-CRC-HE-100K/STR/STR-HANLIDKD.tif,STR
data/NCT-CRC-HE-100K/STR/STR-FIMYNHEI.tif,STR
data/NCT-CRC-HE-100K/STR/STR-ICRDCAWW.tif,STR
data/NCT-CRC-HE-100K/STR/STR-RRSAVMEG.tif,STR
data/NCT-CRC-HE-100K/STR/STR-YGAQKQCP.tif,STR
data/NCT-CRC-HE-100K/STR/STR-PTACFRIK.tif,STR
data/NCT-CRC-HE-100K/STR/STR-LGQMVFHD.tif,STR
data/NCT-CRC-HE-100K/STR/STR-MYRLWVTG.tif,STR
data/NCT-CRC-HE-100K/STR/STR-FTNTLKID.tif,STR
data/NCT-CRC-HE-100K/STR/STR-KMKMEQKN.tif,STR
data/NCT-CRC-HE-100K/STR/STR-PIVFKPKT.tif,STR
data/NCT-CRC-HE-100K/STR/STR-NPRPMHPC.tif,STR
data/NCT-CRC-HE-100K/STR/STR-IGQGGVHM.tif,STR
data/NCT-CRC-HE-100K/STR/STR-HANHRKGK.tif,STR
data/NCT-CRC-HE-100K/STR/STR-PVLCLKYT.tif,STR
data/NCT-CRC-HE-100K/STR/STR-YQILPFQP.tif,STR
data/NCT-CRC-HE-100K/STR/STR-FEALHAEC.tif,STR
data/NCT-CRC-HE-100K/STR/STR-PPKTKRCY.tif,STR
data/NCT-CRC-HE-100K/STR/STR-KRMQYITD.tif,STR
data/NCT-CRC-HE-100K/STR/STR-HFWYIANH.tif,STR
data/NCT-CRC-HE-100K/STR/STR-GEDCANDF.tif,STR
data/NCT-CRC-HE-100K/STR/STR-CGGWLNIK.tif,STR
data/NCT-CRC-HE-100K/STR/STR-LVRCVRNY.tif,STR
data/NCT-CRC-HE-100K/STR/STR-MNKIRDIL.tif,STR
data/NCT-CRC-HE-100K/STR/STR-WYTQKIEC.tif,STR
data/NCT-CRC-HE-100K/STR/STR-CAVVNSAV.tif,STR
data/NCT-CRC-HE-100K/STR/STR-LAAYFRCN.tif,STR
data/NCT-CRC-HE-100K/STR/STR-GQHAIDII.tif,STR
data/NCT-CRC-HE-100K/STR/STR-FCRFCMIW.tif,STR
data/NCT-CRC-HE-100K/STR/STR-CIPVRSKV.tif,STR
data/NCT-CRC-HE-100K/STR/STR-GCFDDKPC.tif,STR
data/NCT-CRC-HE-100K/STR/STR-VPSSKIMY.tif,STR
data/NCT-CRC-HE-100K/STR/STR-HHMMDYKP.tif,STR
data/NCT-CRC-HE-100K/STR/STR-RIGWVHLA.tif,STR
data/NCT-CRC-HE-100K/STR/STR-QEYDHPVG.tif,STR
data/NCT-CRC-HE-100K/STR/STR-TNRITTTP.tif,STR
data/NCT-CRC-HE-100K/STR/STR-EVIIEYAA.tif,STR
data/NCT-CRC-HE-100K/STR/STR-GLWMHDPL.tif,STR
data/NCT-CRC-HE-100K/STR/STR-SDHQQKMF.tif,STR
data/NCT-CRC-HE-100K/STR/STR-TKNDGMGE.tif,STR
data/NCT-CRC-HE-100K/STR/STR-YGQSNQMR.tif,STR
data/NCT-CRC-HE-100K/STR/STR-FIPPFHNV.tif,STR
data/NCT-CRC-HE-100K/STR/STR-WSSAGMWP.tif,STR
data/NCT-CRC-HE-100K/STR/STR-CFGEMTEC.tif,STR
data/NCT-CRC-HE-100K/STR/STR-PNALVARS.tif,STR
data/NCT-CRC-HE-100K/STR/STR-FAIDDCEH.tif,STR
data/NCT-CRC-HE-100K/STR/STR-CWTNSHLI.tif,STR
data/NCT-CRC-HE-100K/STR/STR-HDQMQTCK.tif,STR
data/NCT-CRC-HE-100K/STR/STR-VTYGHHNQ.tif,STR
data/NCT-CRC-HE-100K/STR/STR-NWHSFWTR.tif,STR
data/NCT-CRC-HE-100K/STR/STR-HIMAKFNL.tif,STR
data/NCT-CRC-HE-100K/STR/STR-RYCWCGVT.tif,STR
data/NCT-CRC-HE-100K/STR/STR-ADLEMTWD.tif,STR
data/NCT-CRC-HE-100K/STR/STR-PNPSKYSL.tif,STR
data/NCT-CRC-HE-100K/STR/STR-TMGHGDFA.tif,STR
data/NCT-CRC-HE-100K/STR/STR-TYEHDWKF.tif,STR
data/NCT-CRC-HE-100K/STR/STR-ESGIMTGY.tif,STR
data/NCT-CRC-HE-100K/STR/STR-KAGGDGER.tif,STR
data/NCT-CRC-HE-100K/STR/STR-RKVMIFCQ.tif,STR
data/NCT-CRC-HE-100K/STR/STR-CMTYRMAI.tif,STR
data/NCT-CRC-HE-100K/STR/STR-LSYFESFD.tif,STR
data/NCT-CRC-HE-100K/STR/STR-SDWQRITP.tif,STR
data/NCT-CRC-HE-100K/STR/STR-CQNLNSMY.tif,STR
data/NCT-CRC-HE-100K/STR/STR-SEWIRRVL.tif,STR
data/NCT-CRC-HE-100K/STR/STR-FEHVFVMR.tif,STR
data/NCT-CRC-HE-100K/STR/STR-FDNIAPST.tif,STR
data/NCT-CRC-HE-100K/STR/STR-YGRTKGYW.tif,STR
data/NCT-CRC-HE-100K/STR/STR-MYPGIVWD.tif,STR
data/NCT-CRC-HE-100K/STR/STR-RFYNQIQK.tif,STR
data/NCT-CRC-HE-100K/STR/STR-MEDGDICQ.tif,STR
data/NCT-CRC-HE-100K/STR/STR-CWAPFHAT.tif,STR
data/NCT-CRC-HE-100K/STR/STR-DNRFYYKH.tif,STR
data/NCT-CRC-HE-100K/STR/STR-GYTYESKN.tif,STR
data/NCT-CRC-HE-100K/STR/STR-WLEGPQQH.tif,STR
data/NCT-CRC-HE-100K/STR/STR-AAPRWGFL.tif,STR
data/NCT-CRC-HE-100K/STR/STR-DNAGILSI.tif,STR
data/NCT-CRC-HE-100K/STR/STR-PVTGASSA.tif,STR
data/NCT-CRC-HE-100K/STR/STR-KIPSEHIT.tif,STR
data/NCT-CRC-HE-100K/STR/STR-HGPELRDW.tif,STR
data/NCT-CRC-HE-100K/STR/STR-EMHRVKTI.tif,STR
data/NCT-CRC-HE-100K/STR/STR-MLQCIPYD.tif,STR
data/NCT-CRC-HE-100K/STR/STR-IDRIYCGF.tif,STR
data/NCT-CRC-HE-100K/STR/STR-MIKGMYVK.tif,STR
data/NCT-CRC-HE-100K/STR/STR-VKGIQKQN.tif,STR
data/NCT-CRC-HE-100K/STR/STR-PFPWIKKQ.tif,STR
data/NCT-CRC-HE-100K/STR/STR-VETPMWYW.tif,STR
data/NCT-CRC-HE-100K/STR/STR-GSVIITTG.tif,STR
data/NCT-CRC-HE-100K/STR/STR-IASHWCLL.tif,STR
data/NCT-CRC-HE-100K/STR/STR-PEYLVHMW.tif,STR
data/NCT-CRC-HE-100K/STR/STR-DFPEILPS.tif,STR
data/NCT-CRC-HE-100K/STR/STR-SEPYDWAF.tif,STR
data/NCT-CRC-HE-100K/STR/STR-SEQMHLET.tif,STR
data/NCT-CRC-HE-100K/STR/STR-ALWRLMDA.tif,STR
data/NCT-CRC-HE-100K/STR/STR-QQHVDILG.tif,STR
data/NCT-CRC-HE-100K/STR/STR-GYNTGTTK.tif,STR
data/NCT-CRC-HE-100K/STR/STR-ACKDYSDG.tif,STR
data/NCT-CRC-HE-100K/STR/STR-GYMKSTEV.tif,STR
data/NCT-CRC-HE-100K/STR/STR-HWDITDFW.tif,STR
data/NCT-CRC-HE-100K/STR/STR-LPAQWGPL.tif,STR
data/NCT-CRC-HE-100K/STR/STR-YDLFATWC.tif,STR
data/NCT-CRC-HE-100K/STR/STR-TEKIIDDV.tif,STR
data/NCT-CRC-HE-100K/STR/STR-GCWTTKLR.tif,STR
data/NCT-CRC-HE-100K/STR/STR-DTNRIADH.tif,STR
data/NCT-CRC-HE-100K/STR/STR-SEPNIMLM.tif,STR
data/NCT-CRC-HE-100K/STR/STR-WSLYVRVG.tif,STR
data/NCT-CRC-HE-100K/STR/STR-PGNDIKSN.tif,STR
data/NCT-CRC-HE-100K/STR/STR-PEKGMPVY.tif,STR
data/NCT-CRC-HE-100K/STR/STR-GGTLLTRA.tif,STR
data/NCT-CRC-HE-100K/STR/STR-AVESVVIF.tif,STR
data/NCT-CRC-HE-100K/STR/STR-CWSVSFTR.tif,STR
data/NCT-CRC-HE-100K/STR/STR-DKMYEGHY.tif,STR
data/NCT-CRC-HE-100K/STR/STR-EAKPVRSK.tif,STR
data/NCT-CRC-HE-100K/STR/STR-SLPQQYWF.tif,STR
data/NCT-CRC-HE-100K/STR/STR-WSDKNLVE.tif,STR
data/NCT-CRC-HE-100K/STR/STR-DWPRNNNR.tif,STR
data/NCT-CRC-HE-100K/STR/STR-DGMEHEDQ.tif,STR
data/NCT-CRC-HE-100K/STR/STR-LYMPTRIP.tif,STR
data/NCT-CRC-HE-100K/STR/STR-KLMKSHEN.tif,STR
data/NCT-CRC-HE-100K/STR/STR-CQWMLAIS.tif,STR
data/NCT-CRC-HE-100K/STR/STR-YCFCHSQG.tif,STR
data/NCT-CRC-HE-100K/STR/STR-YTYSWIFL.tif,STR
data/NCT-CRC-HE-100K/STR/STR-SQFAACEG.tif,STR
data/NCT-CRC-HE-100K/STR/STR-WINTPCNQ.tif,STR
data/NCT-CRC-HE-100K/STR/STR-RWNYSACR.tif,STR
data/NCT-CRC-HE-100K/STR/STR-VCRAWFYM.tif,STR
data/NCT-CRC-HE-100K/STR/STR-MDQQALPR.tif,STR
data/NCT-CRC-HE-100K/STR/STR-DYTLHIGG.tif,STR
data/NCT-CRC-HE-100K/STR/STR-MNLTMHFG.tif,STR
data/NCT-CRC-HE-100K/STR/STR-ANKDHDRD.tif,STR
data/NCT-CRC-HE-100K/STR/STR-KHRCLGWG.tif,STR
data/NCT-CRC-HE-100K/STR/STR-CVGAAEPK.tif,STR
data/NCT-CRC-HE-100K/STR/STR-CAEWVVIN.tif,STR
data/NCT-CRC-HE-100K/STR/STR-PNPYHHTW.tif,STR
data/NCT-CRC-HE-100K/STR/STR-MTWSEVYN.tif,STR
data/NCT-CRC-HE-100K/STR/STR-AEDMVHYK.tif,STR
data/NCT-CRC-HE-100K/STR/STR-RSNGKSNQ.tif,STR
data/NCT-CRC-HE-100K/STR/STR-VSHVHEIF.tif,STR
data/NCT-CRC-HE-100K/STR/STR-MWCVTDIN.tif,STR
data/NCT-CRC-HE-100K/STR/STR-GPLSWMGD.tif,STR
data/NCT-CRC-HE-100K/STR/STR-ILSLKVKF.tif,STR
data/NCT-CRC-HE-100K/STR/STR-SWLGYHLW.tif,STR
data/NCT-CRC-HE-100K/STR/STR-WRHVCSNN.tif,STR
data/NCT-CRC-HE-100K/STR/STR-YGLGMNNN.tif,STR
data/NCT-CRC-HE-100K/STR/STR-GCAFHAYI.tif,STR
data/NCT-CRC-HE-100K/STR/STR-KLYAYEHE.tif,STR
data/NCT-CRC-HE-100K/STR/STR-QQINDFHS.tif,STR
data/NCT-CRC-HE-100K/STR/STR-RHRQIMSH.tif,STR
data/NCT-CRC-HE-100K/STR/STR-FEIAWCFW.tif,STR
data/NCT-CRC-HE-100K/STR/STR-HNKDMLDG.tif,STR
data/NCT-CRC-HE-100K/STR/STR-KHTSLECY.tif,STR
data/NCT-CRC-HE-100K/STR/STR-GPWPKFPK.tif,STR
data/NCT-CRC-HE-100K/STR/STR-ERWWLIKL.tif,STR
data/NCT-CRC-HE-100K/STR/STR-HSMEMRKT.tif,STR
data/NCT-CRC-HE-100K/STR/STR-FFRRLGVH.tif,STR
data/NCT-CRC-HE-100K/STR/STR-DNMYGLWC.tif,STR
data/NCT-CRC-HE-100K/STR/STR-KHFSFRLD.tif,STR
data/NCT-CRC-HE-100K/STR/STR-RAGDDPIS.tif,STR
data/NCT-CRC-HE-100K/STR/STR-RRNGKARK.tif,STR
data/NCT-CRC-HE-100K/STR/STR-MRLITGCS.tif,STR
data/NCT-CRC-HE-100K/STR/STR-AFWKHVDV.tif,STR
data/NCT-CRC-HE-100K/STR/STR-FIPGMYCS.tif,STR
data/NCT-CRC-HE-100K/STR/STR-GWLASMLK.tif,STR
data/NCT-CRC-HE-100K/STR/STR-MVWDWENT.tif,STR
data/NCT-CRC-HE-100K/STR/STR-INDPWDHA.tif,STR
data/NCT-CRC-HE-100K/STR/STR-CHFSRHDS.tif,STR
data/NCT-CRC-HE-100K/STR/STR-AMPQNDHM.tif,STR
data/NCT-CRC-HE-100K/STR/STR-IWIEKNPP.tif,STR
data/NCT-CRC-HE-100K/STR/STR-GQFDASKN.tif,STR
data/NCT-CRC-HE-100K/STR/STR-WAQWFASR.tif,STR
data/NCT-CRC-HE-100K/STR/STR-CDHRLIKF.tif,STR
data/NCT-CRC-HE-100K/STR/STR-QQICNHMW.tif,STR
data/NCT-CRC-HE-100K/STR/STR-NELMLSKA.tif,STR
data/NCT-CRC-HE-100K/STR/STR-WGCCNRFT.tif,STR
data/NCT-CRC-HE-100K/STR/STR-EFNRPWVF.tif,STR
data/NCT-CRC-HE-100K/STR/STR-YQMYALDT.tif,STR
data/NCT-CRC-HE-100K/STR/STR-NQMLARRW.tif,STR
data/NCT-CRC-HE-100K/STR/STR-KHWNMECA.tif,STR
data/NCT-CRC-HE-100K/STR/STR-MAMDSLNV.tif,STR
data/NCT-CRC-HE-100K/STR/STR-PMNYLEFA.tif,STR
data/NCT-CRC-HE-100K/STR/STR-MNYYWLSR.tif,STR
data/NCT-CRC-HE-100K/STR/STR-NQVVVTNN.tif,STR
data/NCT-CRC-HE-100K/STR/STR-MYHGLRLN.tif,STR
data/NCT-CRC-HE-100K/STR/STR-LVHPNSII.tif,STR
data/NCT-CRC-HE-100K/STR/STR-GTNHMGVR.tif,STR
data/NCT-CRC-HE-100K/STR/STR-TLSGLWMS.tif,STR
data/NCT-CRC-HE-100K/STR/STR-LKSMMNKA.tif,STR
data/NCT-CRC-HE-100K/STR/STR-SHDHCMEN.tif,STR
data/NCT-CRC-HE-100K/STR/STR-GYIWEHES.tif,STR
data/NCT-CRC-HE-100K/STR/STR-CHPPGLRN.tif,STR
data/NCT-CRC-HE-100K/STR/STR-KPKPILRL.tif,STR
data/NCT-CRC-HE-100K/STR/STR-NDNTFQPT.tif,STR
data/NCT-CRC-HE-100K/STR/STR-FSQLDTAI.tif,STR
data/NCT-CRC-HE-100K/STR/STR-YMQRCYQY.tif,STR
data/NCT-CRC-HE-100K/STR/STR-WGWYNVKH.tif,STR
data/NCT-CRC-HE-100K/STR/STR-RTRGQAIW.tif,STR
data/NCT-CRC-HE-100K/STR/STR-LKRDMDQH.tif,STR
data/NCT-CRC-HE-100K/STR/STR-NWRGHQHL.tif,STR
data/NCT-CRC-HE-100K/STR/STR-IMNIHRKF.tif,STR
data/NCT-CRC-HE-100K/STR/STR-ARKQAHSV.tif,STR
data/NCT-CRC-HE-100K/STR/STR-FNCDEIWM.tif,STR
data/NCT-CRC-HE-100K/STR/STR-VGHEECYP.tif,STR
data/NCT-CRC-HE-100K/STR/STR-KKQMHEGW.tif,STR
data/NCT-CRC-HE-100K/STR/STR-GGRRWCIY.tif,STR
data/NCT-CRC-HE-100K/STR/STR-PQGFRYTA.tif,STR
data/NCT-CRC-HE-100K/STR/STR-LKTKTMWP.tif,STR
data/NCT-CRC-HE-100K/STR/STR-YFKLHDLT.tif,STR
data/NCT-CRC-HE-100K/STR/STR-KDQKAGRD.tif,STR
data/NCT-CRC-HE-100K/STR/STR-AMRFQMQK.tif,STR
data/NCT-CRC-HE-100K/STR/STR-MSPKHVMG.tif,STR
data/NCT-CRC-HE-100K/STR/STR-EHLGISCH.tif,STR
data/NCT-CRC-HE-100K/STR/STR-VRAFPYGY.tif,STR
data/NCT-CRC-HE-100K/STR/STR-NKNPGNIN.tif,STR
data/NCT-CRC-HE-100K/STR/STR-MQIDLRKA.tif,STR
data/NCT-CRC-HE-100K/STR/STR-TFWGACPW.tif,STR
data/NCT-CRC-HE-100K/STR/STR-MECPHGAI.tif,STR
data/NCT-CRC-HE-100K/STR/STR-WVKWIRCV.tif,STR
data/NCT-CRC-HE-100K/STR/STR-HSVKQGIR.tif,STR
data/NCT-CRC-HE-100K/STR/STR-SVQENQIL.tif,STR
data/NCT-CRC-HE-100K/STR/STR-IFYMNWEN.tif,STR
data/NCT-CRC-HE-100K/STR/STR-ISQLLVGG.tif,STR
data/NCT-CRC-HE-100K/STR/STR-AMLNWQMT.tif,STR
data/NCT-CRC-HE-100K/STR/STR-TCGPAKTD.tif,STR
data/NCT-CRC-HE-100K/STR/STR-GCNCLIDV.tif,STR
data/NCT-CRC-HE-100K/STR/STR-LSYRPIKN.tif,STR
data/NCT-CRC-HE-100K/STR/STR-TGTSLPRH.tif,STR
data/NCT-CRC-HE-100K/STR/STR-HHFMEVST.tif,STR
data/NCT-CRC-HE-100K/STR/STR-YLYSIRFN.tif,STR
data/NCT-CRC-HE-100K/STR/STR-KDWTMREE.tif,STR
data/NCT-CRC-HE-100K/STR/STR-MQMVRNKR.tif,STR
data/NCT-CRC-HE-100K/STR/STR-ILWNVPIV.tif,STR
data/NCT-CRC-HE-100K/STR/STR-PEYYTMVC.tif,STR
data/NCT-CRC-HE-100K/STR/STR-MRCGPTMH.tif,STR
data/NCT-CRC-HE-100K/STR/STR-NSNQNSPE.tif,STR
data/NCT-CRC-HE-100K/STR/STR-LYDKIQAD.tif,STR
data/NCT-CRC-HE-100K/STR/STR-MFYEHRET.tif,STR
data/NCT-CRC-HE-100K/STR/STR-QNPEKTNG.tif,STR
data/NCT-CRC-HE-100K/STR/STR-PPHTTHKP.tif,STR
data/NCT-CRC-HE-100K/STR/STR-LDCFGTNS.tif,STR
data/NCT-CRC-HE-100K/STR/STR-IDDPSYWK.tif,STR
data/NCT-CRC-HE-100K/STR/STR-TTCNGQWD.tif,STR
data/NCT-CRC-HE-100K/STR/STR-KPMAVLNY.tif,STR
data/NCT-CRC-HE-100K/STR/STR-DPVEVGFT.tif,STR
data/NCT-CRC-HE-100K/STR/STR-MPGDWFAR.tif,STR
data/NCT-CRC-HE-100K/STR/STR-RHNQYGTL.tif,STR
data/NCT-CRC-HE-100K/STR/STR-FLNRIGQW.tif,STR
data/NCT-CRC-HE-100K/STR/STR-TWEQRCKR.tif,STR
data/NCT-CRC-HE-100K/STR/STR-SGIELRAY.tif,STR
data/NCT-CRC-HE-100K/STR/STR-VDKLLYKS.tif,STR
data/NCT-CRC-HE-100K/STR/STR-DNLAKVNY.tif,STR
data/NCT-CRC-HE-100K/STR/STR-IVHGFPPT.tif,STR
data/NCT-CRC-HE-100K/STR/STR-HKSKFVWW.tif,STR
data/NCT-CRC-HE-100K/STR/STR-GAAHTDWW.tif,STR
data/NCT-CRC-HE-100K/STR/STR-ENSIIRRT.tif,STR
data/NCT-CRC-HE-100K/STR/STR-KGQKCAAS.tif,STR
data/NCT-CRC-HE-100K/STR/STR-MDCFNQPV.tif,STR
data/NCT-CRC-HE-100K/STR/STR-VFSVCRQN.tif,STR
data/NCT-CRC-HE-100K/STR/STR-AKVYDDRT.tif,STR
data/NCT-CRC-HE-100K/STR/STR-MNSFYQFS.tif,STR
data/NCT-CRC-HE-100K/STR/STR-SVVMPMEH.tif,STR
data/NCT-CRC-HE-100K/STR/STR-AAMAYWIW.tif,STR
data/NCT-CRC-HE-100K/STR/STR-FQLFQYCM.tif,STR
data/NCT-CRC-HE-100K/STR/STR-NFGAIEDM.tif,STR
data/NCT-CRC-HE-100K/STR/STR-SCKVWLLR.tif,STR
data/NCT-CRC-HE-100K/STR/STR-WSIANTFH.tif,STR
data/NCT-CRC-HE-100K/STR/STR-IKWQCTRE.tif,STR
data/NCT-CRC-HE-100K/STR/STR-PAYEQHNL.tif,STR
data/NCT-CRC-HE-100K/STR/STR-IASPEEPL.tif,STR
data/NCT-CRC-HE-100K/STR/STR-KDYAPCCK.tif,STR
data/NCT-CRC-HE-100K/STR/STR-AEGPWMFL.tif,STR
data/NCT-CRC-HE-100K/STR/STR-WVWQVRWL.tif,STR
data/NCT-CRC-HE-100K/STR/STR-MRNWSQMF.tif,STR
data/NCT-CRC-HE-100K/STR/STR-TWFWFWGW.tif,STR
data/NCT-CRC-HE-100K/STR/STR-VSPTDTNK.tif,STR
data/NCT-CRC-HE-100K/STR/STR-KGQYQPEC.tif,STR
data/NCT-CRC-HE-100K/STR/STR-LWRRIIWY.tif,STR
data/NCT-CRC-HE-100K/STR/STR-AWQYHNWY.tif,STR
data/NCT-CRC-HE-100K/STR/STR-SVTEVPWQ.tif,STR
data/NCT-CRC-HE-100K/STR/STR-YCVFGRWN.tif,STR
data/NCT-CRC-HE-100K/STR/STR-ACKILWHA.tif,STR
data/NCT-CRC-HE-100K/STR/STR-WDQNPDLT.tif,STR
data/NCT-CRC-HE-100K/STR/STR-PCIVLKVK.tif,STR
data/NCT-CRC-HE-100K/STR/STR-IHWMRSFN.tif,STR
data/NCT-CRC-HE-100K/STR/STR-RIFNYQQK.tif,STR
data/NCT-CRC-HE-100K/STR/STR-SEKYLCFT.tif,STR
data/NCT-CRC-HE-100K/STR/STR-LCFHSPKF.tif,STR
data/NCT-CRC-HE-100K/STR/STR-ETNCRHWD.tif,STR
data/NCT-CRC-HE-100K/STR/STR-PAEPYKPE.tif,STR
data/NCT-CRC-HE-100K/STR/STR-ATKWMEIN.tif,STR
data/NCT-CRC-HE-100K/STR/STR-HPLTCWPV.tif,STR
data/NCT-CRC-HE-100K/STR/STR-HWNFCQFL.tif,STR
data/NCT-CRC-HE-100K/STR/STR-QEGSIGDE.tif,STR
data/NCT-CRC-HE-100K/STR/STR-DANMDMFF.tif,STR
data/NCT-CRC-HE-100K/STR/STR-DVMLQPML.tif,STR
data/NCT-CRC-HE-100K/STR/STR-LQFWYWTA.tif,STR
data/NCT-CRC-HE-100K/STR/STR-DGHRTRYL.tif,STR
data/NCT-CRC-HE-100K/STR/STR-MLTQIQGS.tif,STR
data/NCT-CRC-HE-100K/STR/STR-FAFTHLLT.tif,STR
data/NCT-CRC-HE-100K/STR/STR-QIRHQMEK.tif,STR
data/NCT-CRC-HE-100K/STR/STR-EMFCHTCD.tif,STR
data/NCT-CRC-HE-100K/STR/STR-EKSIMYAS.tif,STR
data/NCT-CRC-HE-100K/STR/STR-HKKCGYHE.tif,STR
data/NCT-CRC-HE-100K/STR/STR-GHGFQKRS.tif,STR
data/NCT-CRC-HE-100K/STR/STR-HCHKITWW.tif,STR
data/NCT-CRC-HE-100K/STR/STR-TSNNYKIW.tif,STR
data/NCT-CRC-HE-100K/STR/STR-NLITAGDK.tif,STR
data/NCT-CRC-HE-100K/STR/STR-DKTMEFQS.tif,STR
data/NCT-CRC-HE-100K/STR/STR-TLERWAMN.tif,STR
data/NCT-CRC-HE-100K/STR/STR-IQCTRPNE.tif,STR
data/NCT-CRC-HE-100K/STR/STR-SPVYSWVV.tif,STR
data/NCT-CRC-HE-100K/STR/STR-GTGCYVPH.tif,STR
data/NCT-CRC-HE-100K/STR/STR-KLQTWIPM.tif,STR
data/NCT-CRC-HE-100K/STR/STR-DLCMYMPF.tif,STR
data/NCT-CRC-HE-100K/STR/STR-HIMRAVQN.tif,STR
data/NCT-CRC-HE-100K/STR/STR-YHQFSPLS.tif,STR
data/NCT-CRC-HE-100K/STR/STR-SAHWLQIA.tif,STR
data/NCT-CRC-HE-100K/STR/STR-IGIALNCP.tif,STR
data/NCT-CRC-HE-100K/STR/STR-DFLYTREA.tif,STR
data/NCT-CRC-HE-100K/STR/STR-WMPKCSMH.tif,STR
data/NCT-CRC-HE-100K/STR/STR-MRQDTWKP.tif,STR
data/NCT-CRC-HE-100K/STR/STR-ACFRNHAC.tif,STR
data/NCT-CRC-HE-100K/STR/STR-WKYQFMGW.tif,STR
data/NCT-CRC-HE-100K/STR/STR-LLWKWCYD.tif,STR
data/NCT-CRC-HE-100K/STR/STR-GFVLKVHD.tif,STR
data/NCT-CRC-HE-100K/STR/STR-HIFYAHTM.tif,STR
data/NCT-CRC-HE-100K/STR/STR-AMISRFFF.tif,STR
data/NCT-CRC-HE-100K/STR/STR-TSCSVSTN.tif,STR
data/NCT-CRC-HE-100K/STR/STR-RNYDPPDQ.tif,STR
data/NCT-CRC-HE-100K/STR/STR-YGPHDDKI.tif,STR
data/NCT-CRC-HE-100K/STR/STR-YTSGTMCT.tif,STR
data/NCT-CRC-HE-100K/STR/STR-TMDTMRVI.tif,STR
data/NCT-CRC-HE-100K/STR/STR-YDTIQDEV.tif,STR
data/NCT-CRC-HE-100K/STR/STR-HVYQMTST.tif,STR
data/NCT-CRC-HE-100K/STR/STR-PMWAWVCF.tif,STR
data/NCT-CRC-HE-100K/STR/STR-FFQACYRM.tif,STR
data/NCT-CRC-HE-100K/STR/STR-WRDHKMKM.tif,STR
data/NCT-CRC-HE-100K/STR/STR-NKRGNMCQ.tif,STR
data/NCT-CRC-HE-100K/STR/STR-SWFYPLVI.tif,STR
data/NCT-CRC-HE-100K/STR/STR-FWHMEETH.tif,STR
data/NCT-CRC-HE-100K/STR/STR-SLYVVFTQ.tif,STR
data/NCT-CRC-HE-100K/STR/STR-DHTGGWRC.tif,STR
data/NCT-CRC-HE-100K/STR/STR-HGYWPNFT.tif,STR
data/NCT-CRC-HE-100K/STR/STR-SPCFWYVN.tif,STR
data/NCT-CRC-HE-100K/STR/STR-NGQNIDWQ.tif,STR
data/NCT-CRC-HE-100K/STR/STR-RSHFRMTE.tif,STR
data/NCT-CRC-HE-100K/STR/STR-ITIAWCPP.tif,STR
data/NCT-CRC-HE-100K/STR/STR-GICSLYDW.tif,STR
data/NCT-CRC-HE-100K/STR/STR-ADFEKGHN.tif,STR
data/NCT-CRC-HE-100K/STR/STR-SHDVWPTQ.tif,STR
data/NCT-CRC-HE-100K/STR/STR-KDVAPAGM.tif,STR
data/NCT-CRC-HE-100K/STR/STR-CFPIGLQL.tif,STR
data/NCT-CRC-HE-100K/STR/STR-WVHIIKEK.tif,STR
data/NCT-CRC-HE-100K/STR/STR-AYIGVFFC.tif,STR
data/NCT-CRC-HE-100K/STR/STR-MQYQLPKW.tif,STR
data/NCT-CRC-HE-100K/STR/STR-VNLSIWYA.tif,STR
data/NCT-CRC-HE-100K/STR/STR-SDMGWFPG.tif,STR
data/NCT-CRC-HE-100K/STR/STR-QPCDRNWK.tif,STR
data/NCT-CRC-HE-100K/STR/STR-VWWRNNKF.tif,STR
data/NCT-CRC-HE-100K/STR/STR-YYGEVMVF.tif,STR
data/NCT-CRC-HE-100K/STR/STR-SFVVGHGQ.tif,STR
data/NCT-CRC-HE-100K/STR/STR-ERSMRRIF.tif,STR
data/NCT-CRC-HE-100K/STR/STR-HCTRPKFQ.tif,STR
data/NCT-CRC-HE-100K/STR/STR-CMCKTNQE.tif,STR
data/NCT-CRC-HE-100K/STR/STR-NMINARWF.tif,STR
data/NCT-CRC-HE-100K/STR/STR-PDGLCTMN.tif,STR
data/NCT-CRC-HE-100K/STR/STR-MQYFHHDA.tif,STR
data/NCT-CRC-HE-100K/STR/STR-TMMYGWFK.tif,STR
data/NCT-CRC-HE-100K/TUM/TUM-QPVTFRCW.tif,TUM
data/NCT-CRC-HE-100K/TUM/TUM-ITTGPASI.tif,TUM
data/NCT-CRC-HE-100K/TUM/TUM-WWRFAEHT.tif,TUM
data/NCT-CRC-HE-100K/TUM/TUM-EGTERRQA.tif,TUM
data/NCT-CRC-HE-100K/TUM/TUM-INKTHMHW.tif,TUM
data/NCT-CRC-HE-100K/TUM/TUM-EMHGGSET.tif,TUM
data/NCT-CRC-HE-100K/TUM/TUM-DTEGELML.tif,TUM
data/NCT-CRC-HE-100K/TUM/TUM-TPMNDPYV.tif,TUM
data/NCT-CRC-HE-100K/TUM/TUM-KGHHHFVV.tif,TUM
data/NCT-CRC-HE-100K/TUM/TUM-DDESPPSV.tif,TUM
data/NCT-CRC-HE-100K/TUM/TUM-HGVPVACM.tif,TUM
data/NCT-CRC-HE-100K/TUM/TUM-KDLNHSMF.tif,TUM
data/NCT-CRC-HE-100K/TUM/TUM-LEMQGTLL.tif,TUM
data/NCT-CRC-HE-100K/TUM/TUM-DKFINQIA.tif,TUM
data/NCT-CRC-HE-100K/TUM/TUM-IFNMLKCY.tif,TUM
data/NCT-CRC-HE-100K/TUM/TUM-QIGVTLAM.tif,TUM
data/NCT-CRC-HE-100K/TUM/TUM-EHGQDRPD.tif,TUM
data/NCT-CRC-HE-100K/TUM/TUM-YFFRTSMK.tif,TUM
data/NCT-CRC-HE-100K/TUM/TUM-KYFAQHSM.tif,TUM
data/NCT-CRC-HE-100K/TUM/TUM-NNWPTNRC.tif,TUM
data/NCT-CRC-HE-100K/TUM/TUM-HNLWKMTM.tif,TUM
data/NCT-CRC-HE-100K/TUM/TUM-GWCWTAHF.tif,TUM
data/NCT-CRC-HE-100K/TUM/TUM-KGSSVQCL.tif,TUM
data/NCT-CRC-HE-100K/TUM/TUM-ESKNDEIM.tif,TUM
data/NCT-CRC-HE-100K/TUM/TUM-PVRILLCV.tif,TUM
data/NCT-CRC-HE-100K/TUM/TUM-CHFCLCDC.tif,TUM
data/NCT-CRC-HE-100K/TUM/TUM-DNKLIVEF.tif,TUM
data/NCT-CRC-HE-100K/TUM/TUM-FLSWEWDA.tif,TUM
data/NCT-CRC-HE-100K/TUM/TUM-MVTVMITF.tif,TUM
data/NCT-CRC-HE-100K/TUM/TUM-DDTVRTEN.tif,TUM
data/NCT-CRC-HE-100K/TUM/TUM-IGCCPNIR.tif,TUM
data/NCT-CRC-HE-100K/TUM/TUM-GDWERSAV.tif,TUM
data/NCT-CRC-HE-100K/TUM/TUM-GWVVQQIH.tif,TUM
data/NCT-CRC-HE-100K/TUM/TUM-WATMWRKA.tif,TUM
data/NCT-CRC-HE-100K/TUM/TUM-MEMPDQSV.tif,TUM
data/NCT-CRC-HE-100K/TUM/TUM-EWCPMTCS.tif,TUM
data/NCT-CRC-HE-100K/TUM/TUM-LVAHFDAG.tif,TUM
data/NCT-CRC-HE-100K/TUM/TUM-RHHTVNRG.tif,TUM
data/NCT-CRC-HE-100K/TUM/TUM-FRELKLAK.tif,TUM
data/NCT-CRC-HE-100K/TUM/TUM-PPWQFDNG.tif,TUM
data/NCT-CRC-HE-100K/TUM/TUM-NYHADGFG.tif,TUM
data/NCT-CRC-HE-100K/TUM/TUM-PMEEDMSC.tif,TUM
data/NCT-CRC-HE-100K/TUM/TUM-MLDQADMI.tif,TUM
data/NCT-CRC-HE-100K/TUM/TUM-FIEGYEGC.tif,TUM
data/NCT-CRC-HE-100K/TUM/TUM-NEDGDVII.tif,TUM
data/NCT-CRC-HE-100K/TUM/TUM-SYNTNGEN.tif,TUM
data/NCT-CRC-HE-100K/TUM/TUM-ECFPWADW.tif,TUM
data/NCT-CRC-HE-100K/TUM/TUM-MVVACHCP.tif,TUM
data/NCT-CRC-HE-100K/TUM/TUM-NCIGMEAA.tif,TUM
data/NCT-CRC-HE-100K/TUM/TUM-PSCLYFGM.tif,TUM
data/NCT-CRC-HE-100K/TUM/TUM-TSIAVENI.tif,TUM
data/NCT-CRC-HE-100K/TUM/TUM-KHVYQMEK.tif,TUM
data/NCT-CRC-HE-100K/TUM/TUM-SNWVFHHK.tif,TUM
data/NCT-CRC-HE-100K/TUM/TUM-QYMIYPRC.tif,TUM
data/NCT-CRC-HE-100K/TUM/TUM-SKSYERRR.tif,TUM
data/NCT-CRC-HE-100K/TUM/TUM-NMSIAFQS.tif,TUM
data/NCT-CRC-HE-100K/TUM/TUM-VLNYLRHY.tif,TUM
data/NCT-CRC-HE-100K/TUM/TUM-SYIGTMAK.tif,TUM
data/NCT-CRC-HE-100K/TUM/TUM-ARYMFQWN.tif,TUM
data/NCT-CRC-HE-100K/TUM/TUM-FVHKQFCH.tif,TUM
data/NCT-CRC-HE-100K/TUM/TUM-ETMFTHSG.tif,TUM
data/NCT-CRC-HE-100K/TUM/TUM-CMYPHEYW.tif,TUM
data/NCT-CRC-HE-100K/TUM/TUM-TCILLFEY.tif,TUM
data/NCT-CRC-HE-100K/TUM/TUM-YGTHQPQD.tif,TUM
data/NCT-CRC-HE-100K/TUM/TUM-KRKWPNPE.tif,TUM
data/NCT-CRC-HE-100K/TUM/TUM-NKVNFDQM.tif,TUM
data/NCT-CRC-HE-100K/TUM/TUM-LDNKAETH.tif,TUM
data/NCT-CRC-HE-100K/TUM/TUM-RGDTVWKK.tif,TUM
data/NCT-CRC-HE-100K/TUM/TUM-PANMAIYR.tif,TUM
data/NCT-CRC-HE-100K/TUM/TUM-LGRQDPWF.tif,TUM
data/NCT-CRC-HE-100K/TUM/TUM-ATCMEIRW.tif,TUM
data/NCT-CRC-HE-100K/TUM/TUM-QMFVYLWE.tif,TUM
data/NCT-CRC-HE-100K/TUM/TUM-IHHAKWDD.tif,TUM
data/NCT-CRC-HE-100K/TUM/TUM-EILVDPQF.tif,TUM
data/NCT-CRC-HE-100K/TUM/TUM-ERDIRGIP.tif,TUM
data/NCT-CRC-HE-100K/TUM/TUM-HDDFTWVS.tif,TUM
data/NCT-CRC-HE-100K/TUM/TUM-RNPGECVH.tif,TUM
data/NCT-CRC-HE-100K/TUM/TUM-SYYRQWAT.tif,TUM
data/NCT-CRC-HE-100K/TUM/TUM-ESSFIRIW.tif,TUM
data/NCT-CRC-HE-100K/TUM/TUM-QHFTYPDG.tif,TUM
data/NCT-CRC-HE-100K/TUM/TUM-EWGPFGFF.tif,TUM
data/NCT-CRC-HE-100K/TUM/TUM-MPHKLFAY.tif,TUM
data/NCT-CRC-HE-100K/TUM/TUM-VSVDMVNR.tif,TUM
data/NCT-CRC-HE-100K/TUM/TUM-WQIAVFVG.tif,TUM
data/NCT-CRC-HE-100K/TUM/TUM-DHAHSLAA.tif,TUM
data/NCT-CRC-HE-100K/TUM/TUM-QNQCNSYI.tif,TUM
data/NCT-CRC-HE-100K/TUM/TUM-TTMPGTKI.tif,TUM
data/NCT-CRC-HE-100K/TUM/TUM-KDPPNWNV.tif,TUM
data/NCT-CRC-HE-100K/TUM/TUM-WTYVNLHT.tif,TUM
data/NCT-CRC-HE-100K/TUM/TUM-RCCFYKSE.tif,TUM
data/NCT-CRC-HE-100K/TUM/TUM-WWCNKCPE.tif,TUM
data/NCT-CRC-HE-100K/TUM/TUM-RGFGGPAM.tif,TUM
data/NCT-CRC-HE-100K/TUM/TUM-GEYPIIWP.tif,TUM
data/NCT-CRC-HE-100K/TUM/TUM-PHDTTPMG.tif,TUM
data/NCT-CRC-HE-100K/TUM/TUM-RPFGNKQQ.tif,TUM
data/NCT-CRC-HE-100K/TUM/TUM-LHDVQMIV.tif,TUM
data/NCT-CRC-HE-100K/TUM/TUM-IIPVEKAK.tif,TUM
data/NCT-CRC-HE-100K/TUM/TUM-EEWVWWFR.tif,TUM
data/NCT-CRC-HE-100K/TUM/TUM-QGANPERT.tif,TUM
data/NCT-CRC-HE-100K/TUM/TUM-NWSTAEVA.tif,TUM
data/NCT-CRC-HE-100K/TUM/TUM-WDEEESYA.tif,TUM
data/NCT-CRC-HE-100K/TUM/TUM-QWDFMPCF.tif,TUM
data/NCT-CRC-HE-100K/TUM/TUM-MFHIRGFG.tif,TUM
data/NCT-CRC-HE-100K/TUM/TUM-PCIRDHMM.tif,TUM
data/NCT-CRC-HE-100K/TUM/TUM-DMKMWNWQ.tif,TUM
data/NCT-CRC-HE-100K/TUM/TUM-LDVKIDEM.tif,TUM
data/NCT-CRC-HE-100K/TUM/TUM-YERFHKYN.tif,TUM
data/NCT-CRC-HE-100K/TUM/TUM-KPVWGERL.tif,TUM
data/NCT-CRC-HE-100K/TUM/TUM-HSFEPHIY.tif,TUM
data/NCT-CRC-HE-100K/TUM/TUM-IQCGPVGI.tif,TUM
data/NCT-CRC-HE-100K/TUM/TUM-MEFSMQPQ.tif,TUM
data/NCT-CRC-HE-100K/TUM/TUM-PVDRSSVV.tif,TUM
data/NCT-CRC-HE-100K/TUM/TUM-SATHLLKH.tif,TUM
data/NCT-CRC-HE-100K/TUM/TUM-WKHVWGHM.tif,TUM
data/NCT-CRC-HE-100K/TUM/TUM-RPNAAGKH.tif,TUM
data/NCT-CRC-HE-100K/TUM/TUM-IHTKVWHP.tif,TUM
data/NCT-CRC-HE-100K/TUM/TUM-KVNHSDMY.tif,TUM
data/NCT-CRC-HE-100K/TUM/TUM-MLQGVAGF.tif,TUM
data/NCT-CRC-HE-100K/TUM/TUM-DLEHMSCY.tif,TUM
data/NCT-CRC-HE-100K/TUM/TUM-DWMDCGLR.tif,TUM
data/NCT-CRC-HE-100K/TUM/TUM-NKTNFTDH.tif,TUM
data/NCT-CRC-HE-100K/TUM/TUM-NDWLQEEI.tif,TUM
data/NCT-CRC-HE-100K/TUM/TUM-MEFIINFM.tif,TUM
data/NCT-CRC-HE-100K/TUM/TUM-FDCQEIAR.tif,TUM
data/NCT-CRC-HE-100K/TUM/TUM-VLDTVMEY.tif,TUM
data/NCT-CRC-HE-100K/TUM/TUM-FYEILISA.tif,TUM
data/NCT-CRC-HE-100K/TUM/TUM-TWWNCLAM.tif,TUM
data/NCT-CRC-HE-100K/TUM/TUM-FAFAEPRL.tif,TUM
data/NCT-CRC-HE-100K/TUM/TUM-TCDDMYFE.tif,TUM
data/NCT-CRC-HE-100K/TUM/TUM-DNVMHYFP.tif,TUM
data/NCT-CRC-HE-100K/TUM/TUM-RKMVLLDE.tif,TUM
data/NCT-CRC-HE-100K/TUM/TUM-YCCLKFRI.tif,TUM
data/NCT-CRC-HE-100K/TUM/TUM-TAYDKSDH.tif,TUM
data/NCT-CRC-HE-100K/TUM/TUM-RIHKWIWY.tif,TUM
data/NCT-CRC-HE-100K/TUM/TUM-KCFPAQLM.tif,TUM
data/NCT-CRC-HE-100K/TUM/TUM-DYYDKQGV.tif,TUM
data/NCT-CRC-HE-100K/TUM/TUM-VYTKDNQL.tif,TUM
data/NCT-CRC-HE-100K/TUM/TUM-YAAAESIY.tif,TUM
data/NCT-CRC-HE-100K/TUM/TUM-QDVTEEWF.tif,TUM
data/NCT-CRC-HE-100K/TUM/TUM-NSVQPFYH.tif,TUM
data/NCT-CRC-HE-100K/TUM/TUM-FFYLVGNR.tif,TUM
data/NCT-CRC-HE-100K/TUM/TUM-QIHNSSPI.tif,TUM
data/NCT-CRC-HE-100K/TUM/TUM-RSSNVKEY.tif,TUM
data/NCT-CRC-HE-100K/TUM/TUM-PRMCRFKW.tif,TUM
data/NCT-CRC-HE-100K/TUM/TUM-MELDLVIP.tif,TUM
data/NCT-CRC-HE-100K/TUM/TUM-GECMFEGD.tif,TUM
data/NCT-CRC-HE-100K/TUM/TUM-GERHQIVN.tif,TUM
data/NCT-CRC-HE-100K/TUM/TUM-PRKEEQAP.tif,TUM
data/NCT-CRC-HE-100K/TUM/TUM-LIYACYRV.tif,TUM
data/NCT-CRC-HE-100K/TUM/TUM-MTLMEMVQ.tif,TUM
data/NCT-CRC-HE-100K/TUM/TUM-RMHHFANE.tif,TUM
data/NCT-CRC-HE-100K/TUM/TUM-FETRSRCM.tif,TUM
data/NCT-CRC-HE-100K/TUM/TUM-CAKMTWRQ.tif,TUM
data/NCT-CRC-HE-100K/TUM/TUM-RFIQCRWD.tif,TUM
data/NCT-CRC-HE-100K/TUM/TUM-PDNPTHGE.tif,TUM
data/NCT-CRC-HE-100K/TUM/TUM-HEYHFKCW.tif,TUM
data/NCT-CRC-HE-100K/TUM/TUM-HRRQECWH.tif,TUM
data/NCT-CRC-HE-100K/TUM/TUM-NLWIIMWF.tif,TUM
data/NCT-CRC-HE-100K/TUM/TUM-DESDIAGV.tif,TUM
data/NCT-CRC-HE-100K/TUM/TUM-WFMETDWK.tif,TUM
data/NCT-CRC-HE-100K/TUM/TUM-ALWLDGPS.tif,TUM
data/NCT-CRC-HE-100K/TUM/TUM-NGWGHLNL.tif,TUM
data/NCT-CRC-HE-100K/TUM/TUM-HKNIIYNF.tif,TUM
data/NCT-CRC-HE-100K/TUM/TUM-LTEGAFWC.tif,TUM
data/NCT-CRC-HE-100K/TUM/TUM-AVWYEQEI.tif,TUM
data/NCT-CRC-HE-100K/TUM/TUM-TIAAERSA.tif,TUM
data/NCT-CRC-HE-100K/TUM/TUM-GTSCTICN.tif,TUM
data/NCT-CRC-HE-100K/TUM/TUM-MYSAYNTR.tif,TUM
data/NCT-CRC-HE-100K/TUM/TUM-AYLEFQPI.tif,TUM
data/NCT-CRC-HE-100K/TUM/TUM-WSMMKVNP.tif,TUM
data/NCT-CRC-HE-100K/TUM/TUM-PLMWYGEC.tif,TUM
data/NCT-CRC-HE-100K/TUM/TUM-YCRHNDGN.tif,TUM
data/NCT-CRC-HE-100K/TUM/TUM-MVPHHDAP.tif,TUM
data/NCT-CRC-HE-100K/TUM/TUM-VHCILPRQ.tif,TUM
data/NCT-CRC-HE-100K/TUM/TUM-NCPVFCFQ.tif,TUM
data/NCT-CRC-HE-100K/TUM/TUM-QFWSFSGT.tif,TUM
data/NCT-CRC-HE-100K/TUM/TUM-PDTSWCQY.tif,TUM
data/NCT-CRC-HE-100K/TUM/TUM-ISGWWDCT.tif,TUM
data/NCT-CRC-HE-100K/TUM/TUM-RYDTKQEC.tif,TUM
data/NCT-CRC-HE-100K/TUM/TUM-SQEQECYR.tif,TUM
data/NCT-CRC-HE-100K/TUM/TUM-MWYNQMMG.tif,TUM
data/NCT-CRC-HE-100K/TUM/TUM-LRLQMSKV.tif,TUM
data/NCT-CRC-HE-100K/TUM/TUM-PKVRLENY.tif,TUM
data/NCT-CRC-HE-100K/TUM/TUM-HKFRYTTC.tif,TUM
data/NCT-CRC-HE-100K/TUM/TUM-RFMWNENQ.tif,TUM
data/NCT-CRC-HE-100K/TUM/TUM-AVEEAAMM.tif,TUM
data/NCT-CRC-HE-100K/TUM/TUM-CQNQQNRA.tif,TUM
data/NCT-CRC-HE-100K/TUM/TUM-DAWVINMH.tif,TUM
data/NCT-CRC-HE-100K/TUM/TUM-GGSCRVET.tif,TUM
data/NCT-CRC-HE-100K/TUM/TUM-FIQICLCW.tif,TUM
data/NCT-CRC-HE-100K/TUM/TUM-FYTRDQYP.tif,TUM
data/NCT-CRC-HE-100K/TUM/TUM-HIMMGNSD.tif,TUM
data/NCT-CRC-HE-100K/TUM/TUM-RQFTAQKG.tif,TUM
data/NCT-CRC-HE-100K/TUM/TUM-YFVGARRC.tif,TUM
data/NCT-CRC-HE-100K/TUM/TUM-RRTNCYLR.tif,TUM
data/NCT-CRC-HE-100K/TUM/TUM-IGSDMHCS.tif,TUM
data/NCT-CRC-HE-100K/TUM/TUM-RYLTCPAF.tif,TUM
data/NCT-CRC-HE-100K/TUM/TUM-PGVFEIPP.tif,TUM
data/NCT-CRC-HE-100K/TUM/TUM-YIGTHPTV.tif,TUM
data/NCT-CRC-HE-100K/TUM/TUM-FCIGDTQK.tif,TUM
data/NCT-CRC-HE-100K/TUM/TUM-PKIKYPAS.tif,TUM
data/NCT-CRC-HE-100K/TUM/TUM-LHWNWVYK.tif,TUM
data/NCT-CRC-HE-100K/TUM/TUM-GGPQWQMQ.tif,TUM
data/NCT-CRC-HE-100K/TUM/TUM-GQIPEGEG.tif,TUM
data/NCT-CRC-HE-100K/TUM/TUM-NRYNYLKR.tif,TUM
data/NCT-CRC-HE-100K/TUM/TUM-DCDDQRQL.tif,TUM
data/NCT-CRC-HE-100K/TUM/TUM-AMPTSGHR.tif,TUM
data/NCT-CRC-HE-100K/TUM/TUM-VMHCCVEW.tif,TUM
data/NCT-CRC-HE-100K/TUM/TUM-KLLMVKQH.tif,TUM
data/NCT-CRC-HE-100K/TUM/TUM-AHEYRRSW.tif,TUM
data/NCT-CRC-HE-100K/TUM/TUM-FEVLIKFM.tif,TUM
data/NCT-CRC-HE-100K/TUM/TUM-IDAMWCPA.tif,TUM
data/NCT-CRC-HE-100K/TUM/TUM-LGEFYPIQ.tif,TUM
data/NCT-CRC-HE-100K/TUM/TUM-MWMFIMSG.tif,TUM
data/NCT-CRC-HE-100K/TUM/TUM-CKFWKKWY.tif,TUM
data/NCT-CRC-HE-100K/TUM/TUM-EKGMLCCP.tif,TUM
data/NCT-CRC-HE-100K/TUM/TUM-SGYHVYSP.tif,TUM
data/NCT-CRC-HE-100K/TUM/TUM-SRAEYEYS.tif,TUM
data/NCT-CRC-HE-100K/TUM/TUM-KKWHCCPK.tif,TUM
data/NCT-CRC-HE-100K/TUM/TUM-WLSCKCKR.tif,TUM
data/NCT-CRC-HE-100K/TUM/TUM-VKQQQGSN.tif,TUM
data/NCT-CRC-HE-100K/TUM/TUM-QPNIKAPH.tif,TUM
data/NCT-CRC-HE-100K/TUM/TUM-DVNKIIKC.tif,TUM
data/NCT-CRC-HE-100K/TUM/TUM-IAWWENMC.tif,TUM
data/NCT-CRC-HE-100K/TUM/TUM-EKLCLDHV.tif,TUM
data/NCT-CRC-HE-100K/TUM/TUM-KTIGCMRI.tif,TUM
data/NCT-CRC-HE-100K/TUM/TUM-SGHSQIWY.tif,TUM
data/NCT-CRC-HE-100K/TUM/TUM-SVDASYPC.tif,TUM
data/NCT-CRC-HE-100K/TUM/TUM-LQGWNMKV.tif,TUM
data/NCT-CRC-HE-100K/TUM/TUM-SDKMPGVD.tif,TUM
data/NCT-CRC-HE-100K/TUM/TUM-NFDMQGMA.tif,TUM
data/NCT-CRC-HE-100K/TUM/TUM-MTFSFIFH.tif,TUM
data/NCT-CRC-HE-100K/TUM/TUM-ILENPGAW.tif,TUM
data/NCT-CRC-HE-100K/TUM/TUM-TKMPWLMY.tif,TUM
data/NCT-CRC-HE-100K/TUM/TUM-PYKVGKMT.tif,TUM
data/NCT-CRC-HE-100K/TUM/TUM-EWPGCVFE.tif,TUM
data/NCT-CRC-HE-100K/TUM/TUM-GTHNAGKV.tif,TUM
data/NCT-CRC-HE-100K/TUM/TUM-IYECQPLN.tif,TUM
data/NCT-CRC-HE-100K/TUM/TUM-IHMAAMSM.tif,TUM
data/NCT-CRC-HE-100K/TUM/TUM-REKNSDDK.tif,TUM
data/NCT-CRC-HE-100K/TUM/TUM-EYQDEKHY.tif,TUM
data/NCT-CRC-HE-100K/TUM/TUM-QEMDKSAI.tif,TUM
data/NCT-CRC-HE-100K/TUM/TUM-LIFHNTPP.tif,TUM
data/NCT-CRC-HE-100K/TUM/TUM-TYLMGGSP.tif,TUM
data/NCT-CRC-HE-100K/TUM/TUM-KTCMAQFH.tif,TUM
data/NCT-CRC-HE-100K/TUM/TUM-IQRNNQPR.tif,TUM
data/NCT-CRC-HE-100K/TUM/TUM-WFDYEGWH.tif,TUM
data/NCT-CRC-HE-100K/TUM/TUM-IMNILMGL.tif,TUM
data/NCT-CRC-HE-100K/TUM/TUM-YIAELPAG.tif,TUM
data/NCT-CRC-HE-100K/TUM/TUM-VAQNWHEC.tif,TUM
data/NCT-CRC-HE-100K/TUM/TUM-PKFWEFLQ.tif,TUM
data/NCT-CRC-HE-100K/TUM/TUM-WQITKQTH.tif,TUM
data/NCT-CRC-HE-100K/TUM/TUM-LINSSSNS.tif,TUM
data/NCT-CRC-HE-100K/TUM/TUM-EIAINAVT.tif,TUM
data/NCT-CRC-HE-100K/TUM/TUM-MEQFHQYA.tif,TUM
data/NCT-CRC-HE-100K/TUM/TUM-CVISAVNS.tif,TUM
data/NCT-CRC-HE-100K/TUM/TUM-RVVWWFWM.tif,TUM
data/NCT-CRC-HE-100K/TUM/TUM-SQPSQGND.tif,TUM
data/NCT-CRC-HE-100K/TUM/TUM-IACNRAVE.tif,TUM
data/NCT-CRC-HE-100K/TUM/TUM-KTKEQEPN.tif,TUM
data/NCT-CRC-HE-100K/TUM/TUM-FMMHGRCG.tif,TUM
data/NCT-CRC-HE-100K/TUM/TUM-ANIHPQIK.tif,TUM
data/NCT-CRC-HE-100K/TUM/TUM-STIWLRRA.tif,TUM
data/NCT-CRC-HE-100K/TUM/TUM-NYFNKRTF.tif,TUM
data/NCT-CRC-HE-100K/TUM/TUM-VMWSKIKG.tif,TUM
data/NCT-CRC-HE-100K/TUM/TUM-MDEAANDM.tif,TUM
data/NCT-CRC-HE-100K/TUM/TUM-GDQNRLRA.tif,TUM
data/NCT-CRC-HE-100K/TUM/TUM-IAVRYTFR.tif,TUM
data/NCT-CRC-HE-100K/TUM/TUM-AGESAFTC.tif,TUM
data/NCT-CRC-HE-100K/TUM/TUM-SCNGYRPM.tif,TUM
data/NCT-CRC-HE-100K/TUM/TUM-AFHGREDH.tif,TUM
data/NCT-CRC-HE-100K/TUM/TUM-WNEGDIQK.tif,TUM
data/NCT-CRC-HE-100K/TUM/TUM-HSESHTFV.tif,TUM
data/NCT-CRC-HE-100K/TUM/TUM-RDHIFQIW.tif,TUM
data/NCT-CRC-HE-100K/TUM/TUM-WPDQATKG.tif,TUM
data/NCT-CRC-HE-100K/TUM/TUM-AAGHMFGN.tif,TUM
data/NCT-CRC-HE-100K/TUM/TUM-CLCEDTEY.tif,TUM
data/NCT-CRC-HE-100K/TUM/TUM-QRIMVMCI.tif,TUM
data/NCT-CRC-HE-100K/TUM/TUM-GNTCFGQN.tif,TUM
data/NCT-CRC-HE-100K/TUM/TUM-NSNVGPFQ.tif,TUM
data/NCT-CRC-HE-100K/TUM/TUM-IPTFRLLE.tif,TUM
data/NCT-CRC-HE-100K/TUM/TUM-KKCWMWLT.tif,TUM
data/NCT-CRC-HE-100K/TUM/TUM-KDIHVLLI.tif,TUM
data/NCT-CRC-HE-100K/TUM/TUM-WANHQHVH.tif,TUM
data/NCT-CRC-HE-100K/TUM/TUM-CYIYMMKD.tif,TUM
data/NCT-CRC-HE-100K/TUM/TUM-NSSNDMKI.tif,TUM
data/NCT-CRC-HE-100K/TUM/TUM-VRGNCWSV.tif,TUM
data/NCT-CRC-HE-100K/TUM/TUM-QGRLPILN.tif,TUM
data/NCT-CRC-HE-100K/TUM/TUM-YCYKCNFM.tif,TUM
data/NCT-CRC-HE-100K/TUM/TUM-HMHMNATG.tif,TUM
data/NCT-CRC-HE-100K/TUM/TUM-AMEPKHTP.tif,TUM
data/NCT-CRC-HE-100K/TUM/TUM-EENYVQEV.tif,TUM
data/NCT-CRC-HE-100K/TUM/TUM-CIVESMEN.tif,TUM
data/NCT-CRC-HE-100K/TUM/TUM-WGIFETMG.tif,TUM
data/NCT-CRC-HE-100K/TUM/TUM-CPMRHQFI.tif,TUM
data/NCT-CRC-HE-100K/TUM/TUM-PNRKEEWY.tif,TUM
data/NCT-CRC-HE-100K/TUM/TUM-IRCLQWQM.tif,TUM
data/NCT-CRC-HE-100K/TUM/TUM-CSSAPGCQ.tif,TUM
data/NCT-CRC-HE-100K/TUM/TUM-QLTTISFD.tif,TUM
data/NCT-CRC-HE-100K/TUM/TUM-TRHRYRCE.tif,TUM
data/NCT-CRC-HE-100K/TUM/TUM-HFTYIFAY.tif,TUM
data/NCT-CRC-HE-100K/TUM/TUM-EKFDALAA.tif,TUM
data/NCT-CRC-HE-100K/TUM/TUM-IYNCCSGV.tif,TUM
data/NCT-CRC-HE-100K/TUM/TUM-WAADYYNL.tif,TUM
data/NCT-CRC-HE-100K/TUM/TUM-RHMLSKDP.tif,TUM
data/NCT-CRC-HE-100K/TUM/TUM-QGGHCIGV.tif,TUM
data/NCT-CRC-HE-100K/TUM/TUM-RRLGLGHC.tif,TUM
data/NCT-CRC-HE-100K/TUM/TUM-GRMGGNEW.tif,TUM
data/NCT-CRC-HE-100K/TUM/TUM-QNQGCQPG.tif,TUM
data/NCT-CRC-HE-100K/TUM/TUM-AECPGENQ.tif,TUM
data/NCT-CRC-HE-100K/TUM/TUM-MCMLFSGP.tif,TUM
data/NCT-CRC-HE-100K/TUM/TUM-PLGVRNAV.tif,TUM
data/NCT-CRC-HE-100K/TUM/TUM-IVGVNGVM.tif,TUM
data/NCT-CRC-HE-100K/TUM/TUM-LTWYWGEL.tif,TUM
data/NCT-CRC-HE-100K/TUM/TUM-VCDVDLIH.tif,TUM
data/NCT-CRC-HE-100K/TUM/TUM-LDQVKYNT.tif,TUM
data/NCT-CRC-HE-100K/TUM/TUM-SQEMVFYQ.tif,TUM
data/NCT-CRC-HE-100K/TUM/TUM-KTYYEVCD.tif,TUM
data/NCT-CRC-HE-100K/TUM/TUM-MPVLSFSD.tif,TUM
data/NCT-CRC-HE-100K/TUM/TUM-SKIYKWVW.tif,TUM
data/NCT-CRC-HE-100K/TUM/TUM-DREWNSQH.tif,TUM
data/NCT-CRC-HE-100K/TUM/TUM-PCIMFNDV.tif,TUM
data/NCT-CRC-HE-100K/TUM/TUM-ADTRVGMK.tif,TUM
data/NCT-CRC-HE-100K/TUM/TUM-MEFRWQVI.tif,TUM
data/NCT-CRC-HE-100K/TUM/TUM-HCGNNYWA.tif,TUM
data/NCT-CRC-HE-100K/TUM/TUM-SLNEERCM.tif,TUM
data/NCT-CRC-HE-100K/TUM/TUM-DPMNDPAW.tif,TUM
data/NCT-CRC-HE-100K/TUM/TUM-KHKTWEWK.tif,TUM
data/NCT-CRC-HE-100K/TUM/TUM-CRPAITMW.tif,TUM
data/NCT-CRC-HE-100K/TUM/TUM-NGICAFTG.tif,TUM
data/NCT-CRC-HE-100K/TUM/TUM-IRKHDVDF.tif,TUM
data/NCT-CRC-HE-100K/TUM/TUM-PCSDVCNF.tif,TUM
data/NCT-CRC-HE-100K/TUM/TUM-LCQHRENT.tif,TUM
data/NCT-CRC-HE-100K/TUM/TUM-KRKRQTYE.tif,TUM
data/NCT-CRC-HE-100K/TUM/TUM-DHVQWDQW.tif,TUM
data/NCT-CRC-HE-100K/TUM/TUM-PFSVAAIS.tif,TUM
data/NCT-CRC-HE-100K/TUM/TUM-RGYNEGMT.tif,TUM
data/NCT-CRC-HE-100K/TUM/TUM-AAFSGCHS.tif,TUM
data/NCT-CRC-HE-100K/TUM/TUM-FEQNNDDE.tif,TUM
data/NCT-CRC-HE-100K/TUM/TUM-LLDPEMKS.tif,TUM
data/NCT-CRC-HE-100K/TUM/TUM-RQLFKIDI.tif,TUM
data/NCT-CRC-HE-100K/TUM/TUM-WTERPFKH.tif,TUM
data/NCT-CRC-HE-100K/TUM/TUM-LHTAGILA.tif,TUM
data/NCT-CRC-HE-100K/TUM/TUM-IYTKHLPK.tif,TUM
data/NCT-CRC-HE-100K/TUM/TUM-ASCPVIFL.tif,TUM
data/NCT-CRC-HE-100K/TUM/TUM-CHTKRSMC.tif,TUM
data/NCT-CRC-HE-100K/TUM/TUM-TYKEHCVN.tif,TUM
data/NCT-CRC-HE-100K/TUM/TUM-QYLRIVVF.tif,TUM
data/NCT-CRC-HE-100K/TUM/TUM-EQTDDHVP.tif,TUM
data/NCT-CRC-HE-100K/TUM/TUM-KFCVMDDM.tif,TUM
data/NCT-CRC-HE-100K/TUM/TUM-FEMSNCMC.tif,TUM
data/NCT-CRC-HE-100K/TUM/TUM-WDPMPTQE.tif,TUM
data/NCT-CRC-HE-100K/TUM/TUM-MMKFKAAF.tif,TUM
data/NCT-CRC-HE-100K/TUM/TUM-HRLEGCFT.tif,TUM
data/NCT-CRC-HE-100K/TUM/TUM-RCWRQAIT.tif,TUM
data/NCT-CRC-HE-100K/TUM/TUM-NDGMHMHR.tif,TUM
data/NCT-CRC-HE-100K/TUM/TUM-RWFYLYHP.tif,TUM
data/NCT-CRC-HE-100K/TUM/TUM-TFRKYSGG.tif,TUM
data/NCT-CRC-HE-100K/TUM/TUM-IFEVAYIH.tif,TUM
data/NCT-CRC-HE-100K/TUM/TUM-VTPCCVVG.tif,TUM
data/NCT-CRC-HE-100K/TUM/TUM-HVRGMQAL.tif,TUM
data/NCT-CRC-HE-100K/TUM/TUM-RWGATWKD.tif,TUM
data/NCT-CRC-HE-100K/TUM/TUM-DHWAPFPM.tif,TUM
data/NCT-CRC-HE-100K/TUM/TUM-KKQNEALH.tif,TUM
data/NCT-CRC-HE-100K/TUM/TUM-FAMCDPQN.tif,TUM
data/NCT-CRC-HE-100K/TUM/TUM-NHVPARHY.tif,TUM
data/NCT-CRC-HE-100K/TUM/TUM-ATNWPVQQ.tif,TUM
data/NCT-CRC-HE-100K/TUM/TUM-SYQCVLKM.tif,TUM
data/NCT-CRC-HE-100K/TUM/TUM-MMRLHERD.tif,TUM
data/NCT-CRC-HE-100K/TUM/TUM-WAMMGVCQ.tif,TUM
data/NCT-CRC-HE-100K/TUM/TUM-LWSKCYEG.tif,TUM
data/NCT-CRC-HE-100K/TUM/TUM-HFNMYCTQ.tif,TUM
data/NCT-CRC-HE-100K/TUM/TUM-KMLNITKR.tif,TUM
data/NCT-CRC-HE-100K/TUM/TUM-FMCAIDGT.tif,TUM
data/NCT-CRC-HE-100K/TUM/TUM-AENTAAVR.tif,TUM
data/NCT-CRC-HE-100K/TUM/TUM-KPCMLCFC.tif,TUM
data/NCT-CRC-HE-100K/TUM/TUM-GRTNSNVL.tif,TUM
data/NCT-CRC-HE-100K/TUM/TUM-QYNVLYHI.tif,TUM
data/NCT-CRC-HE-100K/TUM/TUM-PDHKGDDI.tif,TUM
data/NCT-CRC-HE-100K/TUM/TUM-DQIIHSAT.tif,TUM
data/NCT-CRC-HE-100K/TUM/TUM-FSCNPNAN.tif,TUM
data/NCT-CRC-HE-100K/TUM/TUM-WELIDPAQ.tif,TUM
data/NCT-CRC-HE-100K/TUM/TUM-KTIKMWRP.tif,TUM
data/NCT-CRC-HE-100K/TUM/TUM-YKDVETFH.tif,TUM
data/NCT-CRC-HE-100K/TUM/TUM-ICYAQKKF.tif,TUM
data/NCT-CRC-HE-100K/TUM/TUM-EWYKLSME.tif,TUM
data/NCT-CRC-HE-100K/TUM/TUM-AQQLQNQA.tif,TUM
data/NCT-CRC-HE-100K/TUM/TUM-LPYIFRCT.tif,TUM
data/NCT-CRC-HE-100K/TUM/TUM-WAYKDAFG.tif,TUM
data/NCT-CRC-HE-100K/TUM/TUM-WLNLGCLC.tif,TUM
data/NCT-CRC-HE-100K/TUM/TUM-RCLFGPAW.tif,TUM
data/NCT-CRC-HE-100K/TUM/TUM-KNYVEIQA.tif,TUM
data/NCT-CRC-HE-100K/TUM/TUM-RDKFAPET.tif,TUM
data/NCT-CRC-HE-100K/TUM/TUM-MMTMPEKT.tif,TUM
data/NCT-CRC-HE-100K/TUM/TUM-FEDFQWFE.tif,TUM
data/NCT-CRC-HE-100K/TUM/TUM-QFQPVDGV.tif,TUM
data/NCT-CRC-HE-100K/TUM/TUM-LIGFKHVW.tif,TUM
data/NCT-CRC-HE-100K/TUM/TUM-HTQKQGMT.tif,TUM
data/NCT-CRC-HE-100K/TUM/TUM-FMKWQKET.tif,TUM
data/NCT-CRC-HE-100K/TUM/TUM-WQHSGEYW.tif,TUM
data/NCT-CRC-HE-100K/TUM/TUM-PTGLDWKA.tif,TUM
data/NCT-CRC-HE-100K/TUM/TUM-SCNTELHL.tif,TUM
data/NCT-CRC-HE-100K/TUM/TUM-HFLMVMAA.tif,TUM
data/NCT-CRC-HE-100K/TUM/TUM-RNPIWNYW.tif,TUM
data/NCT-CRC-HE-100K/TUM/TUM-IFCICAFG.tif,TUM
data/NCT-CRC-HE-100K/TUM/TUM-KQDAKAFR.tif,TUM
data/NCT-CRC-HE-100K/TUM/TUM-QSAFIEDD.tif,TUM
data/NCT-CRC-HE-100K/TUM/TUM-QSCPMLFK.tif,TUM
data/NCT-CRC-HE-100K/TUM/TUM-VWWEVACC.tif,TUM
data/NCT-CRC-HE-100K/TUM/TUM-TIIPQPTD.tif,TUM
data/NCT-CRC-HE-100K/TUM/TUM-QGSQYTTK.tif,TUM
data/NCT-CRC-HE-100K/TUM/TUM-LPWGMKCV.tif,TUM
data/NCT-CRC-HE-100K/TUM/TUM-TIWWCIDG.tif,TUM
data/NCT-CRC-HE-100K/TUM/TUM-VTILRWFC.tif,TUM
data/NCT-CRC-HE-100K/TUM/TUM-WKHRIFNA.tif,TUM
data/NCT-CRC-HE-100K/TUM/TUM-DPEPACLR.tif,TUM
data/NCT-CRC-HE-100K/TUM/TUM-KQQWGHHH.tif,TUM
data/NCT-CRC-HE-100K/TUM/TUM-FRTMPLGS.tif,TUM
data/NCT-CRC-HE-100K/TUM/TUM-ATEICCKE.tif,TUM
data/NCT-CRC-HE-100K/TUM/TUM-SRTSTEPE.tif,TUM
data/NCT-CRC-HE-100K/TUM/TUM-WHPRLVWY.tif,TUM
data/NCT-CRC-HE-100K/TUM/TUM-FTLMIMIV.tif,TUM
data/NCT-CRC-HE-100K/TUM/TUM-NGKDTCLK.tif,TUM
data/NCT-CRC-HE-100K/TUM/TUM-SANMRFRW.tif,TUM
data/NCT-CRC-HE-100K/TUM/TUM-TTVCQRWD.tif,TUM
data/NCT-CRC-HE-100K/TUM/TUM-VTMPIEYD.tif,TUM
data/NCT-CRC-HE-100K/TUM/TUM-ISREFVCY.tif,TUM
data/NCT-CRC-HE-100K/TUM/TUM-NPTCYSFM.tif,TUM
data/NCT-CRC-HE-100K/TUM/TUM-GGPWIFQS.tif,TUM
data/NCT-CRC-HE-100K/TUM/TUM-VCYEGEWD.tif,TUM
data/NCT-CRC-HE-100K/TUM/TUM-NGQLDWRY.tif,TUM
data/NCT-CRC-HE-100K/TUM/TUM-VFTWCPKI.tif,TUM
data/NCT-CRC-HE-100K/TUM/TUM-TFYSISQI.tif,TUM
data/NCT-CRC-HE-100K/TUM/TUM-TYDKEGNY.tif,TUM
data/NCT-CRC-HE-100K/TUM/TUM-MYGQRDEA.tif,TUM
data/NCT-CRC-HE-100K/TUM/TUM-GTFFFSYR.tif,TUM
data/NCT-CRC-HE-100K/TUM/TUM-VKVIECQN.tif,TUM
data/NCT-CRC-HE-100K/TUM/TUM-DMWYWDNT.tif,TUM
data/NCT-CRC-HE-100K/TUM/TUM-EDPSVFIH.tif,TUM
data/NCT-CRC-HE-100K/TUM/TUM-EMGYGNEH.tif,TUM
data/NCT-CRC-HE-100K/TUM/TUM-TRWDSCKM.tif,TUM
data/NCT-CRC-HE-100K/TUM/TUM-HHGKASNA.tif,TUM
data/NCT-CRC-HE-100K/TUM/TUM-VRQIFGST.tif,TUM
data/NCT-CRC-HE-100K/TUM/TUM-VWNFPHRE.tif,TUM
data/NCT-CRC-HE-100K/TUM/TUM-IHCMRGIT.tif,TUM
data/NCT-CRC-HE-100K/TUM/TUM-EAFLQEFQ.tif,TUM
data/NCT-CRC-HE-100K/TUM/TUM-VVEPNPTT.tif,TUM
data/NCT-CRC-HE-100K/TUM/TUM-WSEYHVGV.tif,TUM
data/NCT-CRC-HE-100K/TUM/TUM-AYCTDPKP.tif,TUM
data/NCT-CRC-HE-100K/TUM/TUM-QAMFQMMD.tif,TUM
data/NCT-CRC-HE-100K/TUM/TUM-SNMQFYAD.tif,TUM
data/NCT-CRC-HE-100K/TUM/TUM-QEFDTPRD.tif,TUM
data/NCT-CRC-HE-100K/TUM/TUM-TEKSESEK.tif,TUM
data/NCT-CRC-HE-100K/TUM/TUM-NMMLCCKS.tif,TUM
data/NCT-CRC-HE-100K/TUM/TUM-KQAACFYS.tif,TUM
data/NCT-CRC-HE-100K/TUM/TUM-EVAQNCDS.tif,TUM
data/NCT-CRC-HE-100K/TUM/TUM-MRCHRFGQ.tif,TUM
data/NCT-CRC-HE-100K/TUM/TUM-YKAKDECQ.tif,TUM
data/NCT-CRC-HE-100K/TUM/TUM-AWHTNHHW.tif,TUM
data/NCT-CRC-HE-100K/TUM/TUM-GYVCDENY.tif,TUM
data/NCT-CRC-HE-100K/TUM/TUM-MSLQTYAC.tif,TUM
data/NCT-CRC-HE-100K/TUM/TUM-KMHAIYTS.tif,TUM
data/NCT-CRC-HE-100K/TUM/TUM-RKIAPSSP.tif,TUM
data/NCT-CRC-HE-100K/TUM/TUM-IAVEFRGL.tif,TUM
data/NCT-CRC-HE-100K/TUM/TUM-KYNKAQAF.tif,TUM
data/NCT-CRC-HE-100K/TUM/TUM-RANDPTHN.tif,TUM
data/NCT-CRC-HE-100K/TUM/TUM-LYALQTHK.tif,TUM
data/NCT-CRC-HE-100K/TUM/TUM-NYKGQGST.tif,TUM
data/NCT-CRC-HE-100K/TUM/TUM-CMMMKARI.tif,TUM
data/NCT-CRC-HE-100K/TUM/TUM-LQCGSLAP.tif,TUM
data/NCT-CRC-HE-100K/TUM/TUM-MTEKKRSV.tif,TUM
data/NCT-CRC-HE-100K/TUM/TUM-VAGQGATY.tif,TUM
data/NCT-CRC-HE-100K/TUM/TUM-IADWFRTT.tif,TUM
data/NCT-CRC-HE-100K/TUM/TUM-GSRAKKIM.tif,TUM
data/NCT-CRC-HE-100K/TUM/TUM-AKNEYGLA.tif,TUM
data/NCT-CRC-HE-100K/TUM/TUM-LNQPDFGR.tif,TUM
data/NCT-CRC-HE-100K/TUM/TUM-HSMVIMPF.tif,TUM
data/NCT-CRC-HE-100K/TUM/TUM-QWWWKICD.tif,TUM
data/NCT-CRC-HE-100K/TUM/TUM-YCAKQSAY.tif,TUM
data/NCT-CRC-HE-100K/TUM/TUM-MGQYHNRP.tif,TUM
data/NCT-CRC-HE-100K/TUM/TUM-QCYMRYYR.tif,TUM
data/NCT-CRC-HE-100K/TUM/TUM-QMQSGLIH.tif,TUM
data/NCT-CRC-HE-100K/TUM/TUM-NDAFDLFN.tif,TUM
data/NCT-CRC-HE-100K/TUM/TUM-KVNMCDMS.tif,TUM
data/NCT-CRC-HE-100K/TUM/TUM-SQIDIPVH.tif,TUM
data/NCT-CRC-HE-100K/TUM/TUM-IPWWNEHP.tif,TUM
data/NCT-CRC-HE-100K/TUM/TUM-TNRANYWD.tif,TUM
data/NCT-CRC-HE-100K/TUM/TUM-KDESPTRR.tif,TUM
data/NCT-CRC-HE-100K/TUM/TUM-QVDFKDYV.tif,TUM
data/NCT-CRC-HE-100K/TUM/TUM-WMQWIYVV.tif,TUM
data/NCT-CRC-HE-100K/TUM/TUM-DYMVTSHS.tif,TUM
data/NCT-CRC-HE-100K/TUM/TUM-IYSNFRKL.tif,TUM
data/NCT-CRC-HE-100K/TUM/TUM-ICWTKQVC.tif,TUM
data/NCT-CRC-HE-100K/TUM/TUM-QERHPGDM.tif,TUM
data/NCT-CRC-HE-100K/TUM/TUM-MNVSISWT.tif,TUM
data/NCT-CRC-HE-100K/TUM/TUM-EHVRSTDC.tif,TUM
data/NCT-CRC-HE-100K/TUM/TUM-NVFPCTHE.tif,TUM
data/NCT-CRC-HE-100K/TUM/TUM-FRQSMSKG.tif,TUM
data/NCT-CRC-HE-100K/TUM/TUM-ICNSQFQM.tif,TUM
data/NCT-CRC-HE-100K/TUM/TUM-CYSDDKSL.tif,TUM
data/NCT-CRC-HE-100K/TUM/TUM-MMMPVTLA.tif,TUM
data/NCT-CRC-HE-100K/TUM/TUM-EGPTGWDW.tif,TUM
data/NCT-CRC-HE-100K/TUM/TUM-GTWMELLF.tif,TUM
data/NCT-CRC-HE-100K/TUM/TUM-DRDEMDGN.tif,TUM
data/NCT-CRC-HE-100K/TUM/TUM-KHPSCMAD.tif,TUM
data/NCT-CRC-HE-100K/TUM/TUM-NRSHNRCL.tif,TUM
data/NCT-CRC-HE-100K/TUM/TUM-TAVCNDYP.tif,TUM
data/NCT-CRC-HE-100K/TUM/TUM-MYLMSKFK.tif,TUM
data/NCT-CRC-HE-100K/TUM/TUM-QFMLQHPF.tif,TUM
data/NCT-CRC-HE-100K/TUM/TUM-AWLNLSRH.tif,TUM
data/NCT-CRC-HE-100K/TUM/TUM-PPMWVQVQ.tif,TUM
data/NCT-CRC-HE-100K/TUM/TUM-QRECSMHD.tif,TUM
data/NCT-CRC-HE-100K/TUM/TUM-FGRISMAV.tif,TUM
data/NCT-CRC-HE-100K/TUM/TUM-SKKCTIDA.tif,TUM
data/NCT-CRC-HE-100K/TUM/TUM-THLLIIWQ.tif,TUM
data/NCT-CRC-HE-100K/TUM/TUM-LPYQWMGA.tif,TUM
data/NCT-CRC-HE-100K/TUM/TUM-RMDRMRYV.tif,TUM
data/NCT-CRC-HE-100K/TUM/TUM-FPYWWTKP.tif,TUM
data/NCT-CRC-HE-100K/TUM/TUM-HFRMHDNM.tif,TUM
data/NCT-CRC-HE-100K/TUM/TUM-AFNPEVFN.tif,TUM
data/NCT-CRC-HE-100K/TUM/TUM-RLFCSAMT.tif,TUM
data/NCT-CRC-HE-100K/TUM/TUM-QMKASMWV.tif,TUM
data/NCT-CRC-HE-100K/TUM/TUM-KDGNWAHY.tif,TUM
data/NCT-CRC-HE-100K/TUM/TUM-AALLTTLH.tif,TUM
data/NCT-CRC-HE-100K/TUM/TUM-SCTCWEKQ.tif,TUM
data/NCT-CRC-HE-100K/TUM/TUM-RPHIAWWC.tif,TUM
data/NCT-CRC-HE-100K/TUM/TUM-IHREMDNV.tif,TUM
data/NCT-CRC-HE-100K/TUM/TUM-DGMWIEDE.tif,TUM
data/NCT-CRC-HE-100K/TUM/TUM-RQYNISVV.tif,TUM
data/NCT-CRC-HE-100K/TUM/TUM-FLEVCHYL.tif,TUM
data/NCT-CRC-HE-100K/TUM/TUM-DCNGVWMQ.tif,TUM
data/NCT-CRC-HE-100K/TUM/TUM-PKPHAYYD.tif,TUM
data/NCT-CRC-HE-100K/TUM/TUM-KTDGDRFL.tif,TUM
data/NCT-CRC-HE-100K/TUM/TUM-AWYLIITI.tif,TUM
data/NCT-CRC-HE-100K/TUM/TUM-KWFAQNRN.tif,TUM
data/NCT-CRC-HE-100K/TUM/TUM-TFTENCRF.tif,TUM
data/NCT-CRC-HE-100K/TUM/TUM-QFFMYVHK.tif,TUM
data/NCT-CRC-HE-100K/TUM/TUM-HQGNKGHV.tif,TUM
data/NCT-CRC-HE-100K/TUM/TUM-GRLHCYDF.tif,TUM
data/NCT-CRC-HE-100K/TUM/TUM-DWSPHINL.tif,TUM
data/NCT-CRC-HE-100K/TUM/TUM-PRWKTAHQ.tif,TUM
data/NCT-CRC-HE-100K/TUM/TUM-DGSNQVTK.tif,TUM
data/NCT-CRC-HE-100K/TUM/TUM-KAHELHWR.tif,TUM
data/NCT-CRC-HE-100K/TUM/TUM-WINGSLYR.tif,TUM
data/NCT-CRC-HE-100K/TUM/TUM-PRYMERQY.tif,TUM
data/NCT-CRC-HE-100K/TUM/TUM-FVAWSVKN.tif,TUM
data/NCT-CRC-HE-100K/TUM/TUM-SRAWYGSY.tif,TUM
data/NCT-CRC-HE-100K/TUM/TUM-YCTKCCPH.tif,TUM
data/NCT-CRC-HE-100K/TUM/TUM-FKHVKHQW.tif,TUM
data/NCT-CRC-HE-100K/TUM/TUM-RYKWKYQR.tif,TUM
data/NCT-CRC-HE-100K/TUM/TUM-VESWELCD.tif,TUM
data/NCT-CRC-HE-100K/TUM/TUM-VCAHCWHH.tif,TUM
data/NCT-CRC-HE-100K/TUM/TUM-NWCCYVPI.tif,TUM
data/NCT-CRC-HE-100K/TUM/TUM-LLLVYPQD.tif,TUM
data/NCT-CRC-HE-100K/TUM/TUM-WTGGKSKP.tif,TUM
data/NCT-CRC-HE-100K/TUM/TUM-ESHSVAFW.tif,TUM
data/NCT-CRC-HE-100K/TUM/TUM-MCKHIHGT.tif,TUM
data/NCT-CRC-HE-100K/TUM/TUM-VFVRVFQV.tif,TUM
data/NCT-CRC-HE-100K/TUM/TUM-ALAKQESM.tif,TUM
data/NCT-CRC-HE-100K/TUM/TUM-HITACWCN.tif,TUM
data/NCT-CRC-HE-100K/TUM/TUM-GTRMYHCG.tif,TUM
data/NCT-CRC-HE-100K/TUM/TUM-YHRHMTML.tif,TUM
data/NCT-CRC-HE-100K/TUM/TUM-CYSPMPGY.tif,TUM
data/NCT-CRC-HE-100K/TUM/TUM-AAYTAELA.tif,TUM
data/NCT-CRC-HE-100K/TUM/TUM-MKAKFGPC.tif,TUM
data/NCT-CRC-HE-100K/TUM/TUM-HTEQTKNH.tif,TUM
data/NCT-CRC-HE-100K/TUM/TUM-HKLWFKDC.tif,TUM
data/NCT-CRC-HE-100K/TUM/TUM-VVCWMYDI.tif,TUM
data/NCT-CRC-HE-100K/TUM/TUM-KLNYQIAL.tif,TUM
data/NCT-CRC-HE-100K/TUM/TUM-LPRRSDMG.tif,TUM
data/NCT-CRC-HE-100K/TUM/TUM-VLCAPEST.tif,TUM
data/NCT-CRC-HE-100K/TUM/TUM-ARTLLWDW.tif,TUM
data/NCT-CRC-HE-100K/TUM/TUM-RERWIFSE.tif,TUM
data/NCT-CRC-HE-100K/TUM/TUM-FNGRAQTY.tif,TUM
data/NCT-CRC-HE-100K/TUM/TUM-QWNTRLCR.tif,TUM
data/NCT-CRC-HE-100K/TUM/TUM-AARVETWL.tif,TUM
data/NCT-CRC-HE-100K/TUM/TUM-DAEGYEKQ.tif,TUM
data/NCT-CRC-HE-100K/TUM/TUM-FQDWSQVY.tif,TUM
data/NCT-CRC-HE-100K/TUM/TUM-WWSIQWAR.tif,TUM
data/NCT-CRC-HE-100K/TUM/TUM-NRGGMIWI.tif,TUM
data/NCT-CRC-HE-100K/TUM/TUM-RQQCLLNS.tif,TUM
data/NCT-CRC-HE-100K/TUM/TUM-LCYDETRF.tif,TUM
data/NCT-CRC-HE-100K/TUM/TUM-LIKKLCEL.tif,TUM
data/NCT-CRC-HE-100K/TUM/TUM-SVMYVNVS.tif,TUM
data/NCT-CRC-HE-100K/TUM/TUM-IGQLCNWD.tif,TUM
data/NCT-CRC-HE-100K/TUM/TUM-DMGIFIDN.tif,TUM
data/NCT-CRC-HE-100K/TUM/TUM-DHNLYKYR.tif,TUM
data/NCT-CRC-HE-100K/TUM/TUM-RQNNVHEM.tif,TUM
data/NCT-CRC-HE-100K/TUM/TUM-GPGVGCHC.tif,TUM
data/NCT-CRC-HE-100K/TUM/TUM-IGPRLRHE.tif,TUM
data/NCT-CRC-HE-100K/TUM/TUM-CYERTKMP.tif,TUM
data/NCT-CRC-HE-100K/TUM/TUM-RHSHRFRQ.tif,TUM
data/NCT-CRC-HE-100K/TUM/TUM-FEQDWYTS.tif,TUM
data/NCT-CRC-HE-100K/TUM/TUM-FEQGINGT.tif,TUM
data/NCT-CRC-HE-100K/TUM/TUM-PEYYTFMA.tif,TUM
data/NCT-CRC-HE-100K/TUM/TUM-GLKSMFYM.tif,TUM
data/NCT-CRC-HE-100K/TUM/TUM-TCGYTPYP.tif,TUM
data/NCT-CRC-HE-100K/TUM/TUM-NEQGYKQD.tif,TUM
data/NCT-CRC-HE-100K/TUM/TUM-PARPDIRG.tif,TUM
data/NCT-CRC-HE-100K/TUM/TUM-QYWCLGLW.tif,TUM
data/NCT-CRC-HE-100K/TUM/TUM-QTASSRSN.tif,TUM
data/NCT-CRC-HE-100K/TUM/TUM-DELNGFHL.tif,TUM
data/NCT-CRC-HE-100K/TUM/TUM-LYAATDPM.tif,TUM
data/NCT-CRC-HE-100K/TUM/TUM-PWCTKKID.tif,TUM
data/NCT-CRC-HE-100K/TUM/TUM-NRWVRAFM.tif,TUM
data/NCT-CRC-HE-100K/TUM/TUM-GIQYPAHD.tif,TUM
data/NCT-CRC-HE-100K/TUM/TUM-NQHRCTKR.tif,TUM
data/NCT-CRC-HE-100K/TUM/TUM-IRIRHVFM.tif,TUM
data/NCT-CRC-HE-100K/TUM/TUM-HHGDTTMS.tif,TUM
data/NCT-CRC-HE-100K/TUM/TUM-NSNWFPPH.tif,TUM
data/NCT-CRC-HE-100K/TUM/TUM-KSWLFWFC.tif,TUM
data/NCT-CRC-HE-100K/TUM/TUM-MEWYAARK.tif,TUM
data/NCT-CRC-HE-100K/TUM/TUM-DMVMCANC.tif,TUM
data/NCT-CRC-HE-100K/TUM/TUM-PWWIRQGC.tif,TUM
data/NCT-CRC-HE-100K/TUM/TUM-AACHTSSN.tif,TUM
data/NCT-CRC-HE-100K/TUM/TUM-RVWIKTCM.tif,TUM
data/NCT-CRC-HE-100K/TUM/TUM-VGEQVPTY.tif,TUM
data/NCT-CRC-HE-100K/TUM/TUM-LKFGDDEH.tif,TUM
data/NCT-CRC-HE-100K/TUM/TUM-CVVMAGAN.tif,TUM
data/NCT-CRC-HE-100K/TUM/TUM-IYNSTDVD.tif,TUM
data/NCT-CRC-HE-100K/TUM/TUM-WGCCSPEY.tif,TUM
data/NCT-CRC-HE-100K/TUM/TUM-HSTPQPYT.tif,TUM
data/NCT-CRC-HE-100K/TUM/TUM-PLADDCNT.tif,TUM
data/NCT-CRC-HE-100K/TUM/TUM-TWLDKYMT.tif,TUM
data/NCT-CRC-HE-100K/TUM/TUM-CHVDYQIQ.tif,TUM
data/NCT-CRC-HE-100K/TUM/TUM-CCQVMPSA.tif,TUM
data/NCT-CRC-HE-100K/TUM/TUM-KNKMLDNV.tif,TUM
data/NCT-CRC-HE-100K/TUM/TUM-FGCYIKKM.tif,TUM
data/NCT-CRC-HE-100K/TUM/TUM-GRYGYCQL.tif,TUM
data/NCT-CRC-HE-100K/TUM/TUM-KHKPGLYH.tif,TUM
data/NCT-CRC-HE-100K/TUM/TUM-NVTIDAYV.tif,TUM
data/NCT-CRC-HE-100K/TUM/TUM-YAWRTVYH.tif,TUM
data/NCT-CRC-HE-100K/TUM/TUM-ASLTSYPN.tif,TUM
data/NCT-CRC-HE-100K/TUM/TUM-VFGYMDTC.tif,TUM
data/NCT-CRC-HE-100K/TUM/TUM-IPWMFCRQ.tif,TUM
data/NCT-CRC-HE-100K/TUM/TUM-PMFNYVFF.tif,TUM
data/NCT-CRC-HE-100K/TUM/TUM-GLSIWCWS.tif,TUM
data/NCT-CRC-HE-100K/TUM/TUM-QCVQGRKH.tif,TUM
data/NCT-CRC-HE-100K/TUM/TUM-GEVNIWPV.tif,TUM
data/NCT-CRC-HE-100K/TUM/TUM-IHAPVWSH.tif,TUM
data/NCT-CRC-HE-100K/TUM/TUM-DCKMKESV.tif,TUM
data/NCT-CRC-HE-100K/TUM/TUM-SKFSTVFY.tif,TUM
data/NCT-CRC-HE-100K/TUM/TUM-VGDNWSQF.tif,TUM
data/NCT-CRC-HE-100K/TUM/TUM-CFYWPTVN.tif,TUM
data/NCT-CRC-HE-100K/TUM/TUM-IKCKFEHQ.tif,TUM
data/NCT-CRC-HE-100K/TUM/TUM-NLMYSKKF.tif,TUM
data/NCT-CRC-HE-100K/TUM/TUM-KYNLRHHH.tif,TUM
data/NCT-CRC-HE-100K/TUM/TUM-RIKFPLMR.tif,TUM
data/NCT-CRC-HE-100K/TUM/TUM-SQWWENIS.tif,TUM
data/NCT-CRC-HE-100K/TUM/TUM-LHCQVKFA.tif,TUM
data/NCT-CRC-HE-100K/TUM/TUM-NKTYLQED.tif,TUM
data/NCT-CRC-HE-100K/TUM/TUM-IWMMASSP.tif,TUM
data/NCT-CRC-HE-100K/TUM/TUM-KHLCTEPE.tif,TUM
data/NCT-CRC-HE-100K/TUM/TUM-RKRLYKNG.tif,TUM
data/NCT-CRC-HE-100K/TUM/TUM-CCLQFFVL.tif,TUM
data/NCT-CRC-HE-100K/TUM/TUM-VRDSRKQE.tif,TUM
data/NCT-CRC-HE-100K/TUM/TUM-EDAYIPTQ.tif,TUM
data/NCT-CRC-HE-100K/TUM/TUM-MGYRDINV.tif,TUM
data/NCT-CRC-HE-100K/TUM/TUM-DDYHIMDG.tif,TUM
data/NCT-CRC-HE-100K/TUM/TUM-PKHIELGY.tif,TUM
data/NCT-CRC-HE-100K/TUM/TUM-IVYCLCLL.tif,TUM
data/NCT-CRC-HE-100K/TUM/TUM-EEVPKQQI.tif,TUM
data/NCT-CRC-HE-100K/TUM/TUM-LMFACQEV.tif,TUM
data/NCT-CRC-HE-100K/TUM/TUM-IWHEFDHK.tif,TUM
data/NCT-CRC-HE-100K/TUM/TUM-ARHVEYSV.tif,TUM
data/NCT-CRC-HE-100K/TUM/TUM-MEYNGTQP.tif,TUM
data/NCT-CRC-HE-100K/TUM/TUM-RAAEWYMQ.tif,TUM
data/NCT-CRC-HE-100K/TUM/TUM-FACFGRKV.tif,TUM
data/NCT-CRC-HE-100K/TUM/TUM-KGDPQTPR.tif,TUM
data/NCT-CRC-HE-100K/TUM/TUM-MRYTMGNV.tif,TUM
data/NCT-CRC-HE-100K/TUM/TUM-WKVPRRHR.tif,TUM
data/NCT-CRC-HE-100K/TUM/TUM-MRHYFHYF.tif,TUM
data/NCT-CRC-HE-100K/TUM/TUM-GNHLGTFA.tif,TUM
data/NCT-CRC-HE-100K/TUM/TUM-KFLLKSYC.tif,TUM
data/NCT-CRC-HE-100K/TUM/TUM-QGHHGQPW.tif,TUM
data/NCT-CRC-HE-100K/TUM/TUM-RFYLRNHV.tif,TUM
data/NCT-CRC-HE-100K/TUM/TUM-VSWWRWIW.tif,TUM
data/NCT-CRC-HE-100K/TUM/TUM-AHEHVITL.tif,TUM
data/NCT-CRC-HE-100K/TUM/TUM-SKLAFCWS.tif,TUM
data/NCT-CRC-HE-100K/TUM/TUM-QFERHKFV.tif,TUM
data/NCT-CRC-HE-100K/TUM/TUM-GCVMHDWT.tif,TUM
data/NCT-CRC-HE-100K/TUM/TUM-VRQMHHGC.tif,TUM
data/NCT-CRC-HE-100K/TUM/TUM-WQGGRAII.tif,TUM
data/NCT-CRC-HE-100K/TUM/TUM-PKNCMARC.tif,TUM
data/NCT-CRC-HE-100K/TUM/TUM-CSQMQHVE.tif,TUM
data/NCT-CRC-HE-100K/TUM/TUM-GRQIAVDD.tif,TUM
data/NCT-CRC-HE-100K/TUM/TUM-DCMPFINI.tif,TUM
data/NCT-CRC-HE-100K/TUM/TUM-QWINHSFC.tif,TUM
data/NCT-CRC-HE-100K/TUM/TUM-FEEHISVS.tif,TUM
data/NCT-CRC-HE-100K/TUM/TUM-LNWKRWFL.tif,TUM
data/NCT-CRC-HE-100K/TUM/TUM-MDYRVQKM.tif,TUM
data/NCT-CRC-HE-100K/TUM/TUM-GNRKDNIG.tif,TUM
data/NCT-CRC-HE-100K/TUM/TUM-VWFHMQSY.tif,TUM
data/NCT-CRC-HE-100K/TUM/TUM-SIRKPHIV.tif,TUM
data/NCT-CRC-HE-100K/TUM/TUM-HYAQKWMV.tif,TUM
data/NCT-CRC-HE-100K/TUM/TUM-RCGSRVMN.tif,TUM
data/NCT-CRC-HE-100K/TUM/TUM-SHHPFAKD.tif,TUM
data/NCT-CRC-HE-100K/TUM/TUM-RCANTFSK.tif,TUM
data/NCT-CRC-HE-100K/TUM/TUM-DMDIKITC.tif,TUM
data/NCT-CRC-HE-100K/TUM/TUM-ADKCWANH.tif,TUM
data/NCT-CRC-HE-100K/TUM/TUM-NHIYCVCS.tif,TUM
data/NCT-CRC-HE-100K/TUM/TUM-WFGLNSYR.tif,TUM
data/NCT-CRC-HE-100K/TUM/TUM-RMYWPAPH.tif,TUM
data/NCT-CRC-HE-100K/TUM/TUM-CIFTKVWG.tif,TUM
data/NCT-CRC-HE-100K/TUM/TUM-AIHDTCSF.tif,TUM
data/NCT-CRC-HE-100K/TUM/TUM-EPMPSIGL.tif,TUM
data/NCT-CRC-HE-100K/TUM/TUM-SSQIEHFY.tif,TUM
data/NCT-CRC-HE-100K/TUM/TUM-RRWECAHD.tif,TUM
data/NCT-CRC-HE-100K/TUM/TUM-VAFEMQTA.tif,TUM
data/NCT-CRC-HE-100K/TUM/TUM-CESNQIRF.tif,TUM
data/NCT-CRC-HE-100K/TUM/TUM-WCMPMWDC.tif,TUM
data/NCT-CRC-HE-100K/TUM/TUM-TEAFMTQV.tif,TUM
data/NCT-CRC-HE-100K/TUM/TUM-NAFACIAC.tif,TUM
data/NCT-CRC-HE-100K/TUM/TUM-EDVQPFIQ.tif,TUM
data/NCT-CRC-HE-100K/TUM/TUM-FLVVDCEA.tif,TUM
data/NCT-CRC-HE-100K/TUM/TUM-LYYHYHHT.tif,TUM
data/NCT-CRC-HE-100K/TUM/TUM-EKVSTDPD.tif,TUM
data/NCT-CRC-HE-100K/TUM/TUM-WGLLCIDT.tif,TUM
data/NCT-CRC-HE-100K/TUM/TUM-RNKFKPFS.tif,TUM
data/NCT-CRC-HE-100K/TUM/TUM-AWACAYRF.tif,TUM
data/NCT-CRC-HE-100K/TUM/TUM-FRNCQLWS.tif,TUM
data/NCT-CRC-HE-100K/TUM/TUM-ETNCGRSN.tif,TUM
data/NCT-CRC-HE-100K/TUM/TUM-PSSGVYGH.tif,TUM
data/NCT-CRC-HE-100K/TUM/TUM-THAMGVQI.tif,TUM
data/NCT-CRC-HE-100K/TUM/TUM-AMIPRMEF.tif,TUM
data/NCT-CRC-HE-100K/TUM/TUM-FTMPFWYN.tif,TUM
data/NCT-CRC-HE-100K/TUM/TUM-CNSQHAFW.tif,TUM
data/NCT-CRC-HE-100K/TUM/TUM-ENYRVCEW.tif,TUM
data/NCT-CRC-HE-100K/TUM/TUM-VVNTMVAE.tif,TUM
data/NCT-CRC-HE-100K/TUM/TUM-FPDEHNMR.tif,TUM
data/NCT-CRC-HE-100K/TUM/TUM-LFMDHINT.tif,TUM
data/NCT-CRC-HE-100K/TUM/TUM-VVRRMCHV.tif,TUM
data/NCT-CRC-HE-100K/TUM/TUM-RNMHQIPN.tif,TUM
data/NCT-CRC-HE-100K/TUM/TUM-TSTDSNGQ.tif,TUM
data/NCT-CRC-HE-100K/TUM/TUM-TDELNNYI.tif,TUM
data/NCT-CRC-HE-100K/TUM/TUM-PPMMYANW.tif,TUM
data/NCT-CRC-HE-100K/TUM/TUM-WLSIFAGY.tif,TUM
data/NCT-CRC-HE-100K/TUM/TUM-SCREVKKA.tif,TUM
data/NCT-CRC-HE-100K/TUM/TUM-VYSFESME.tif,TUM
data/NCT-CRC-HE-100K/TUM/TUM-TKCTTVQI.tif,TUM
data/NCT-CRC-HE-100K/TUM/TUM-TRANQQIC.tif,TUM
data/NCT-CRC-HE-100K/TUM/TUM-MYLRDVVF.tif,TUM
data/NCT-CRC-HE-100K/TUM/TUM-STGCQFLW.tif,TUM
data/NCT-CRC-HE-100K/TUM/TUM-TEWMWHIC.tif,TUM
data/NCT-CRC-HE-100K/TUM/TUM-MPNNTHDG.tif,TUM
data/NCT-CRC-HE-100K/TUM/TUM-NYPVEVHC.tif,TUM
data/NCT-CRC-HE-100K/TUM/TUM-LFDWCATR.tif,TUM
data/NCT-CRC-HE-100K/TUM/TUM-HHDNVEAA.tif,TUM
data/NCT-CRC-HE-100K/TUM/TUM-VWRACSKN.tif,TUM
data/NCT-CRC-HE-100K/TUM/TUM-AMMCMVAT.tif,TUM
data/NCT-CRC-HE-100K/TUM/TUM-VNRPEQCW.tif,TUM
data/NCT-CRC-HE-100K/TUM/TUM-MDFKPVKM.tif,TUM
data/NCT-CRC-HE-100K/TUM/TUM-TCDYNCLR.tif,TUM
data/NCT-CRC-HE-100K/TUM/TUM-TPWAYLKE.tif,TUM
data/NCT-CRC-HE-100K/TUM/TUM-FCGNAVTF.tif,TUM
data/NCT-CRC-HE-100K/TUM/TUM-NEPKEFGP.tif,TUM
data/NCT-CRC-HE-100K/TUM/TUM-FNQPKYCK.tif,TUM
data/NCT-CRC-HE-100K/TUM/TUM-CRPRVCIM.tif,TUM
data/NCT-CRC-HE-100K/TUM/TUM-FLSYARGI.tif,TUM
data/NCT-CRC-HE-100K/TUM/TUM-MQYLSNNM.tif,TUM
data/NCT-CRC-HE-100K/TUM/TUM-ARAWFRHL.tif,TUM
data/NCT-CRC-HE-100K/TUM/TUM-ILHSDNYQ.tif,TUM
data/NCT-CRC-HE-100K/TUM/TUM-VYGQIYCL.tif,TUM
data/NCT-CRC-HE-100K/TUM/TUM-YECRQNQG.tif,TUM
data/NCT-CRC-HE-100K/TUM/TUM-KVQHQGIW.tif,TUM
data/NCT-CRC-HE-100K/TUM/TUM-YIRDQYKD.tif,TUM
data/NCT-CRC-HE-100K/TUM/TUM-DRPWTNNE.tif,TUM
data/NCT-CRC-HE-100K/TUM/TUM-WTLRARKS.tif,TUM
data/NCT-CRC-HE-100K/TUM/TUM-SQHFLPDI.tif,TUM
data/NCT-CRC-HE-100K/TUM/TUM-LDYCTIDP.tif,TUM
data/NCT-CRC-HE-100K/TUM/TUM-FFSRHQPE.tif,TUM
data/NCT-CRC-HE-100K/TUM/TUM-KVDWHMTI.tif,TUM
data/NCT-CRC-HE-100K/TUM/TUM-QYIRYTNW.tif,TUM
data/NCT-CRC-HE-100K/TUM/TUM-TNTVIWTI.tif,TUM
data/NCT-CRC-HE-100K/TUM/TUM-PLCWGYKH.tif,TUM
data/NCT-CRC-HE-100K/TUM/TUM-TWHWDWPE.tif,TUM
data/NCT-CRC-HE-100K/TUM/TUM-LRKVVRLE.tif,TUM
data/NCT-CRC-HE-100K/TUM/TUM-IEPYPPSW.tif,TUM
data/NCT-CRC-HE-100K/TUM/TUM-FDKKPWCT.tif,TUM
data/NCT-CRC-HE-100K/TUM/TUM-LLYYDMPE.tif,TUM
data/NCT-CRC-HE-100K/TUM/TUM-PPGEFHFA.tif,TUM
data/NCT-CRC-HE-100K/TUM/TUM-HFFYWGIL.tif,TUM
data/NCT-CRC-HE-100K/TUM/TUM-RWNIGSSY.tif,TUM
data/NCT-CRC-HE-100K/TUM/TUM-PAFKYGSM.tif,TUM
data/NCT-CRC-HE-100K/TUM/TUM-WVKNEFPK.tif,TUM
data/NCT-CRC-HE-100K/TUM/TUM-DSSNVYTN.tif,TUM
data/NCT-CRC-HE-100K/TUM/TUM-WAWPQHHI.tif,TUM
data/NCT-CRC-HE-100K/TUM/TUM-LNLYFTLH.tif,TUM
data/NCT-CRC-HE-100K/TUM/TUM-YENIGQKY.tif,TUM
data/NCT-CRC-HE-100K/TUM/TUM-TVTICFYF.tif,TUM
data/NCT-CRC-HE-100K/TUM/TUM-DAYYCYLS.tif,TUM
data/NCT-CRC-HE-100K/TUM/TUM-KDCRIMLR.tif,TUM
data/NCT-CRC-HE-100K/TUM/TUM-RNGPLLKA.tif,TUM
data/NCT-CRC-HE-100K/TUM/TUM-AFNFYSSM.tif,TUM
data/NCT-CRC-HE-100K/TUM/TUM-VTLLNMWW.tif,TUM
data/NCT-CRC-HE-100K/TUM/TUM-PISFFCEK.tif,TUM
data/NCT-CRC-HE-100K/TUM/TUM-NCGQEWMC.tif,TUM
data/NCT-CRC-HE-100K/TUM/TUM-HVEANEEH.tif,TUM
data/NCT-CRC-HE-100K/TUM/TUM-TPMEIVQE.tif,TUM
data/NCT-CRC-HE-100K/TUM/TUM-KYLMGNTL.tif,TUM
data/NCT-CRC-HE-100K/TUM/TUM-PYTVLDMQ.tif,TUM
data/NCT-CRC-HE-100K/TUM/TUM-MEEVADCE.tif,TUM
data/NCT-CRC-HE-100K/TUM/TUM-RMKPCVKE.tif,TUM
data/NCT-CRC-HE-100K/TUM/TUM-NKFDYNHT.tif,TUM
data/NCT-CRC-HE-100K/TUM/TUM-KFQDIPNA.tif,TUM
data/NCT-CRC-HE-100K/TUM/TUM-WMGEDHPK.tif,TUM
data/NCT-CRC-HE-100K/TUM/TUM-MYGHQKER.tif,TUM
data/NCT-CRC-HE-100K/TUM/TUM-NNYYQYIE.tif,TUM
data/NCT-CRC-HE-100K/TUM/TUM-NNVYWAKT.tif,TUM
data/NCT-CRC-HE-100K/TUM/TUM-GQRAGTFA.tif,TUM
data/NCT-CRC-HE-100K/TUM/TUM-APDERYCP.tif,TUM
data/NCT-CRC-HE-100K/TUM/TUM-KKIIHDVE.tif,TUM
data/NCT-CRC-HE-100K/TUM/TUM-GHQKNERV.tif,TUM
data/NCT-CRC-HE-100K/TUM/TUM-WSWGPCTF.tif,TUM
data/NCT-CRC-HE-100K/TUM/TUM-GSLLDNEG.tif,TUM
data/NCT-CRC-HE-100K/TUM/TUM-ICWETCFH.tif,TUM
data/NCT-CRC-HE-100K/TUM/TUM-GWFWCIGK.tif,TUM
data/NCT-CRC-HE-100K/TUM/TUM-LWIDYSFL.tif,TUM
data/NCT-CRC-HE-100K/TUM/TUM-MCKSILWS.tif,TUM
data/NCT-CRC-HE-100K/TUM/TUM-HLAGLSWD.tif,TUM
data/NCT-CRC-HE-100K/TUM/TUM-HNAETQAT.tif,TUM
data/NCT-CRC-HE-100K/TUM/TUM-DWYMCFLQ.tif,TUM
data/NCT-CRC-HE-100K/TUM/TUM-ANFFSYWS.tif,TUM
data/NCT-CRC-HE-100K/TUM/TUM-GPHLWSKC.tif,TUM
data/NCT-CRC-HE-100K/TUM/TUM-EEFWNPIY.tif,TUM
data/NCT-CRC-HE-100K/TUM/TUM-RAMFHEGL.tif,TUM
data/NCT-CRC-HE-100K/TUM/TUM-FRMYQRFP.tif,TUM
data/NCT-CRC-HE-100K/TUM/TUM-PVAVRAPN.tif,TUM
data/NCT-CRC-HE-100K/TUM/TUM-PPPVWCPH.tif,TUM
data/NCT-CRC-HE-100K/TUM/TUM-SDVYGSIK.tif,TUM
data/NCT-CRC-HE-100K/TUM/TUM-NIMDHFFM.tif,TUM
data/NCT-CRC-HE-100K/TUM/TUM-NLQDVSCT.tif,TUM
data/NCT-CRC-HE-100K/TUM/TUM-RAKRNQVG.tif,TUM
data/NCT-CRC-HE-100K/TUM/TUM-PNTQISCP.tif,TUM
data/NCT-CRC-HE-100K/TUM/TUM-MVGDNSSE.tif,TUM
data/NCT-CRC-HE-100K/TUM/TUM-CAGDNRDI.tif,TUM
data/NCT-CRC-HE-100K/TUM/TUM-AKGWREAM.tif,TUM
data/NCT-CRC-HE-100K/TUM/TUM-SVYTRFDI.tif,TUM
data/NCT-CRC-HE-100K/TUM/TUM-TLLIVRWA.tif,TUM
data/NCT-CRC-HE-100K/TUM/TUM-RDRQRIHT.tif,TUM
data/NCT-CRC-HE-100K/TUM/TUM-DHNAGDTY.tif,TUM
data/NCT-CRC-HE-100K/TUM/TUM-SQFRLTKS.tif,TUM
data/NCT-CRC-HE-100K/TUM/TUM-YHKLKCNI.tif,TUM
data/NCT-CRC-HE-100K/TUM/TUM-GGQVYYSE.tif,TUM
data/NCT-CRC-HE-100K/TUM/TUM-QECYVCPN.tif,TUM
data/NCT-CRC-HE-100K/TUM/TUM-CTFKKGRK.tif,TUM
data/NCT-CRC-HE-100K/TUM/TUM-PHQWQQGN.tif,TUM
data/NCT-CRC-HE-100K/TUM/TUM-GPDTQYIY.tif,TUM
data/NCT-CRC-HE-100K/TUM/TUM-EMYTFKTE.tif,TUM
data/NCT-CRC-HE-100K/TUM/TUM-LRVATPHS.tif,TUM
data/NCT-CRC-HE-100K/TUM/TUM-PYTLLMHM.tif,TUM
data/NCT-CRC-HE-100K/TUM/TUM-SCFGKITW.tif,TUM
data/NCT-CRC-HE-100K/TUM/TUM-RTWETASH.tif,TUM
data/NCT-CRC-HE-100K/TUM/TUM-TMGIPNKP.tif,TUM
data/NCT-CRC-HE-100K/TUM/TUM-VNSRALFN.tif,TUM
data/NCT-CRC-HE-100K/TUM/TUM-IADTSNLR.tif,TUM
data/NCT-CRC-HE-100K/TUM/TUM-WAEMDFQA.tif,TUM
data/NCT-CRC-HE-100K/TUM/TUM-WWDAGQTN.tif,TUM
data/NCT-CRC-HE-100K/TUM/TUM-EHKHVIEQ.tif,TUM
data/NCT-CRC-HE-100K/TUM/TUM-RMSGRLRI.tif,TUM
data/NCT-CRC-HE-100K/TUM/TUM-RYCHCINI.tif,TUM
data/NCT-CRC-HE-100K/TUM/TUM-FYDANCEC.tif,TUM
data/NCT-CRC-HE-100K/TUM/TUM-HAVMCVHN.tif,TUM
data/NCT-CRC-HE-100K/TUM/TUM-WGIVMSHL.tif,TUM
data/NCT-CRC-HE-100K/TUM/TUM-YEKNENED.tif,TUM
data/NCT-CRC-HE-100K/TUM/TUM-QCCEDKTE.tif,TUM
data/NCT-CRC-HE-100K/TUM/TUM-MNCYFHQV.tif,TUM
data/NCT-CRC-HE-100K/TUM/TUM-HSMGTSGG.tif,TUM
data/NCT-CRC-HE-100K/TUM/TUM-HMKWIQVW.tif,TUM
data/NCT-CRC-HE-100K/TUM/TUM-ELCWNGVW.tif,TUM
data/NCT-CRC-HE-100K/TUM/TUM-SQHKNNDL.tif,TUM
data/NCT-CRC-HE-100K/TUM/TUM-GYCIKLSV.tif,TUM
data/NCT-CRC-HE-100K/TUM/TUM-GGCRECNQ.tif,TUM
data/NCT-CRC-HE-100K/TUM/TUM-PLSLNVVH.tif,TUM
data/NCT-CRC-HE-100K/TUM/TUM-TFDTYVCM.tif,TUM
data/NCT-CRC-HE-100K/TUM/TUM-LPAWGKPR.tif,TUM
data/NCT-CRC-HE-100K/TUM/TUM-FSEWNHIV.tif,TUM
data/NCT-CRC-HE-100K/TUM/TUM-GRFAMQQW.tif,TUM
data/NCT-CRC-HE-100K/TUM/TUM-YDANIQTE.tif,TUM
data/NCT-CRC-HE-100K/TUM/TUM-SLCRSHHW.tif,TUM
data/NCT-CRC-HE-100K/TUM/TUM-AWDAPSND.tif,TUM
data/NCT-CRC-HE-100K/TUM/TUM-NPTNIMGK.tif,TUM
data/NCT-CRC-HE-100K/TUM/TUM-VVISCYMC.tif,TUM
data/NCT-CRC-HE-100K/TUM/TUM-EELVIVHL.tif,TUM
data/NCT-CRC-HE-100K/TUM/TUM-HIYFRERQ.tif,TUM
data/NCT-CRC-HE-100K/TUM/TUM-QLMQRCYS.tif,TUM
data/NCT-CRC-HE-100K/TUM/TUM-KHWWMMRY.tif,TUM
data/NCT-CRC-HE-100K/TUM/TUM-GEFFPPYQ.tif,TUM
data/NCT-CRC-HE-100K/TUM/TUM-HDWDPGRD.tif,TUM
data/NCT-CRC-HE-100K/TUM/TUM-WIDEQHSA.tif,TUM
data/NCT-CRC-HE-100K/TUM/TUM-GCGIVYSW.tif,TUM
data/NCT-CRC-HE-100K/TUM/TUM-WNGTHAMS.tif,TUM
data/NCT-CRC-HE-100K/TUM/TUM-VAQHNVTM.tif,TUM
data/NCT-CRC-HE-100K/TUM/TUM-PAARSVNA.tif,TUM
data/NCT-CRC-HE-100K/TUM/TUM-QTLRSQYH.tif,TUM
data/NCT-CRC-HE-100K/TUM/TUM-TEGSWSVM.tif,TUM
data/NCT-CRC-HE-100K/TUM/TUM-CSDQETAE.tif,TUM
data/NCT-CRC-HE-100K/TUM/TUM-NHIMLCDE.tif,TUM
data/NCT-CRC-HE-100K/TUM/TUM-HGEAACLI.tif,TUM
data/NCT-CRC-HE-100K/TUM/TUM-PHRKTWNG.tif,TUM
data/NCT-CRC-HE-100K/TUM/TUM-GALVVCMY.tif,TUM
data/NCT-CRC-HE-100K/TUM/TUM-AQVDAMDW.tif,TUM
data/NCT-CRC-HE-100K/TUM/TUM-KGHVTDMY.tif,TUM
data/NCT-CRC-HE-100K/TUM/TUM-LQDWLSGI.tif,TUM
data/NCT-CRC-HE-100K/TUM/TUM-MDPGKKYN.tif,TUM
data/NCT-CRC-HE-100K/TUM/TUM-PQTNRVGS.tif,TUM
data/NCT-CRC-HE-100K/TUM/TUM-KPPWDMWV.tif,TUM
data/NCT-CRC-HE-100K/TUM/TUM-TDYSWYVI.tif,TUM
data/NCT-CRC-HE-100K/TUM/TUM-VSGGTWCV.tif,TUM
data/NCT-CRC-HE-100K/TUM/TUM-VYQDDQLE.tif,TUM
data/NCT-CRC-HE-100K/TUM/TUM-TMSDSEAH.tif,TUM
data/NCT-CRC-HE-100K/TUM/TUM-VVDCGCKM.tif,TUM
data/NCT-CRC-HE-100K/TUM/TUM-HCFWQVWN.tif,TUM
data/NCT-CRC-HE-100K/TUM/TUM-HLVSPQMV.tif,TUM
data/NCT-CRC-HE-100K/TUM/TUM-PIEMWYLE.tif,TUM
data/NCT-CRC-HE-100K/TUM/TUM-HRKGKNSL.tif,TUM
data/NCT-CRC-HE-100K/TUM/TUM-YIPDCSRA.tif,TUM
data/NCT-CRC-HE-100K/TUM/TUM-SIKKGYCT.tif,TUM
data/NCT-CRC-HE-100K/TUM/TUM-ITTEKSTH.tif,TUM
data/NCT-CRC-HE-100K/TUM/TUM-QEWNYFMH.tif,TUM
data/NCT-CRC-HE-100K/TUM/TUM-HRIMNVKL.tif,TUM
data/NCT-CRC-HE-100K/TUM/TUM-ACWPHYHF.tif,TUM
data/NCT-CRC-HE-100K/TUM/TUM-TSACWKAF.tif,TUM
data/NCT-CRC-HE-100K/TUM/TUM-YDPNHNCD.tif,TUM
data/NCT-CRC-HE-100K/TUM/TUM-ACNLCAQV.tif,TUM
data/NCT-CRC-HE-100K/TUM/TUM-KLEIEHHI.tif,TUM
data/NCT-CRC-HE-100K/TUM/TUM-TIAYSTFM.tif,TUM
data/NCT-CRC-HE-100K/TUM/TUM-DVYNLKCF.tif,TUM
data/NCT-CRC-HE-100K/TUM/TUM-KQCDRSNG.tif,TUM
data/NCT-CRC-HE-100K/TUM/TUM-YGRREPTW.tif,TUM
data/NCT-CRC-HE-100K/TUM/TUM-WQGISKGC.tif,TUM
data/NCT-CRC-HE-100K/TUM/TUM-KFDGDTAP.tif,TUM
data/NCT-CRC-HE-100K/TUM/TUM-NLEKCVLN.tif,TUM
data/NCT-CRC-HE-100K/TUM/TUM-VWYSVQKN.tif,TUM
data/NCT-CRC-HE-100K/TUM/TUM-NARISDMY.tif,TUM
data/NCT-CRC-HE-100K/TUM/TUM-TAPPSEYG.tif,TUM
data/NCT-CRC-HE-100K/TUM/TUM-KLKYWQLT.tif,TUM
data/NCT-CRC-HE-100K/TUM/TUM-PQVSHNWN.tif,TUM
data/NCT-CRC-HE-100K/TUM/TUM-EPPLFQYY.tif,TUM
data/NCT-CRC-HE-100K/TUM/TUM-EQNGWCCQ.tif,TUM
data/NCT-CRC-HE-100K/TUM/TUM-AKMIHHWL.tif,TUM
data/NCT-CRC-HE-100K/TUM/TUM-QMEIGMRN.tif,TUM
data/NCT-CRC-HE-100K/TUM/TUM-GRASMEMG.tif,TUM
data/NCT-CRC-HE-100K/TUM/TUM-YFGHWVWY.tif,TUM
data/NCT-CRC-HE-100K/TUM/TUM-DLCAGWRP.tif,TUM
data/NCT-CRC-HE-100K/TUM/TUM-VKEIVIYN.tif,TUM
data/NCT-CRC-HE-100K/TUM/TUM-EGSMKGMY.tif,TUM
data/NCT-CRC-HE-100K/TUM/TUM-VYFHKHRI.tif,TUM
data/NCT-CRC-HE-100K/TUM/TUM-FPVYLQSN.tif,TUM
data/NCT-CRC-HE-100K/TUM/TUM-HYNTRVHR.tif,TUM
data/NCT-CRC-HE-100K/TUM/TUM-HKCGGDMW.tif,TUM
data/NCT-CRC-HE-100K/TUM/TUM-MRFLYCQQ.tif,TUM
data/NCT-CRC-HE-100K/TUM/TUM-QQAITDKM.tif,TUM
data/NCT-CRC-HE-100K/TUM/TUM-TLLIDSHK.tif,TUM
data/NCT-CRC-HE-100K/TUM/TUM-HAKDANRY.tif,TUM
data/NCT-CRC-HE-100K/TUM/TUM-GFWRYAVP.tif,TUM
data/NCT-CRC-HE-100K/TUM/TUM-HYPGPMIV.tif,TUM
data/NCT-CRC-HE-100K/TUM/TUM-CKYQVMMD.tif,TUM
data/NCT-CRC-HE-100K/TUM/TUM-NVWEIKIY.tif,TUM
data/NCT-CRC-HE-100K/TUM/TUM-EIYGNFGR.tif,TUM
data/NCT-CRC-HE-100K/TUM/TUM-WIIIHCCD.tif,TUM
data/NCT-CRC-HE-100K/TUM/TUM-GHGHIQCP.tif,TUM
data/NCT-CRC-HE-100K/TUM/TUM-QQWMDGNC.tif,TUM
data/NCT-CRC-HE-100K/TUM/TUM-KEIHGTDC.tif,TUM
data/NCT-CRC-HE-100K/TUM/TUM-YCSFIFQT.tif,TUM
data/NCT-CRC-HE-100K/TUM/TUM-WCTCPVEF.tif,TUM
data/NCT-CRC-HE-100K/TUM/TUM-SCCWNFPK.tif,TUM
data/NCT-CRC-HE-100K/TUM/TUM-QADWKAWV.tif,TUM
data/NCT-CRC-HE-100K/TUM/TUM-FPRNTAMC.tif,TUM
data/NCT-CRC-HE-100K/TUM/TUM-NDKPVMYD.tif,TUM
data/NCT-CRC-HE-100K/TUM/TUM-RLYTPTKS.tif,TUM
data/NCT-CRC-HE-100K/TUM/TUM-NKYCGFRM.tif,TUM
data/NCT-CRC-HE-100K/TUM/TUM-GVSYCNPK.tif,TUM
data/NCT-CRC-HE-100K/TUM/TUM-FQQPRGRG.tif,TUM
data/NCT-CRC-HE-100K/TUM/TUM-LCKLLMYQ.tif,TUM
data/NCT-CRC-HE-100K/TUM/TUM-LKMGYHMG.tif,TUM
data/NCT-CRC-HE-100K/TUM/TUM-AYRGFFTT.tif,TUM
data/NCT-CRC-HE-100K/TUM/TUM-MAEIPCSK.tif,TUM
data/NCT-CRC-HE-100K/TUM/TUM-CKSENWTS.tif,TUM
data/NCT-CRC-HE-100K/TUM/TUM-KSATPCQV.tif,TUM
data/NCT-CRC-HE-100K/TUM/TUM-CQERIMHM.tif,TUM
data/NCT-CRC-HE-100K/TUM/TUM-MQNTGESD.tif,TUM
data/NCT-CRC-HE-100K/TUM/TUM-YATFLEHS.tif,TUM
data/NCT-CRC-HE-100K/TUM/TUM-WNLNGKHY.tif,TUM
data/NCT-CRC-HE-100K/TUM/TUM-FSTFKNCV.tif,TUM
data/NCT-CRC-HE-100K/TUM/TUM-RRGSHMHV.tif,TUM
data/NCT-CRC-HE-100K/TUM/TUM-SHGIAQRP.tif,TUM
data/NCT-CRC-HE-100K/TUM/TUM-IMRRDVLN.tif,TUM
data/NCT-CRC-HE-100K/TUM/TUM-AMELITKG.tif,TUM
data/NCT-CRC-HE-100K/TUM/TUM-YFCHDHNN.tif,TUM
data/NCT-CRC-HE-100K/TUM/TUM-EHTEGLMP.tif,TUM
data/NCT-CRC-HE-100K/TUM/TUM-MELKILRC.tif,TUM
data/NCT-CRC-HE-100K/TUM/TUM-NNPQMGVP.tif,TUM
data/NCT-CRC-HE-100K/TUM/TUM-TRYHLIMT.tif,TUM
data/NCT-CRC-HE-100K/TUM/TUM-MNDEQETW.tif,TUM
data/NCT-CRC-HE-100K/TUM/TUM-SLKCENTH.tif,TUM
data/NCT-CRC-HE-100K/TUM/TUM-LQMVQQMV.tif,TUM
data/NCT-CRC-HE-100K/TUM/TUM-NPFIKCVE.tif,TUM
data/NCT-CRC-HE-100K/TUM/TUM-ATAFHQRM.tif,TUM
data/NCT-CRC-HE-100K/TUM/TUM-ECERSTLG.tif,TUM
